"","X","Id","Label","timeset","modularity_class","labeldiff","kingdom","phylum","class","order","family","genus","species","name","abun","module2"
"1",1,"Zotu1025","Zotu1025",NA,0,"other","Bacteria","Proteobacteria","Alphaproteobacteria","Sphingomonadales","Sphingomonadaceae","Sphingomonas","Sphingomonas_roseiflava","Zotu1025",0.000321,"0"
"2",2,"Zotu1011","Zotu1011",NA,0,"other","Bacteria","Proteobacteria","Gammaproteobacteria","Burkholderiales","Oxalobacteraceae","Herbaspirillum",NA,"Zotu1011",0.00029,"0"
"3",3,"Zotu1041","Zotu1041",NA,1,"other","Bacteria","Fibrobacterota","Fibrobacteria","Fibrobacterales","Fibrobacterales","BBMC-4","uncultured_Leptospira","Zotu1041",0.000515,"1"
"4",4,"Zotu1016","Zotu1016",NA,1,"other","Bacteria","Proteobacteria","Gammaproteobacteria","Burkholderiales","Comamonadaceae",NA,NA,"Zotu1016",0.001067,"1"
"5",5,"Zotu10430","Zotu10430",NA,7,"other","Bacteria","Proteobacteria","Gammaproteobacteria","Burkholderiales","Rhodocyclaceae","uncultured",NA,"Zotu10430",0.000374,"7"
"6",6,"Zotu10065","Zotu10065",NA,7,"other","Bacteria","Proteobacteria","Gammaproteobacteria","Burkholderiales","Rhodocyclaceae",NA,NA,"Zotu10065",0.00123,"7"
"7",7,"Zotu10300","Zotu10300",NA,2,"other","Bacteria","Proteobacteria","Gammaproteobacteria","Burkholderiales",NA,NA,NA,"Zotu10300",0.000373,"2"
"8",8,"Zotu1063","Zotu1063",NA,16,"other","Bacteria","Bacteroidota","Bacteroidia","Chitinophagales","Saprospiraceae","uncultured","uncultured_bacterium","Zotu1063",0.000244,"other"
"9",9,"Zotu1033","Zotu1033",NA,16,"other","Bacteria","Deinococcota","Deinococci","Thermales","Thermaceae","Meiothermus","uncultured_bacterium","Zotu1033",0.000189,"other"
"10",10,"Zotu1064","Zotu1064",NA,22,"other","Bacteria","Bacteroidota","Bacteroidia","Bacteroidales","SB-5","SB-5","uncultured_soil","Zotu1064",0.00017,"other"
"11",11,"Zotu1036","Zotu1036",NA,22,"other","Bacteria","Spirochaetota","Leptospirae","Leptospirales","Leptospiraceae","Turneriella","uncultured_bacterium","Zotu1036",0.000135,"other"
"12",12,"Zotu109","Zotu109",NA,3,"other","Bacteria","Proteobacteria","Gammaproteobacteria","Steroidobacterales","Steroidobacteraceae","uncultured",NA,"Zotu109",0.000239,"other"
"13",13,"Zotu107","Zotu107",NA,3,"other","Bacteria","Proteobacteria","Gammaproteobacteria","Burkholderiales","Comamonadaceae",NA,NA,"Zotu107",0.000255,"other"
"14",14,"Zotu1092","Zotu1092",NA,22,"diff","Bacteria","FCPU426","FCPU426","FCPU426","FCPU426","FCPU426","metagenome","Zotu1092",0.000191,"other"
"15",15,"Zotu1113","Zotu1113",NA,4,"other","Bacteria","Firmicutes","Bacilli","Bacillales",NA,NA,NA,"Zotu1113",0.000775,"other"
"16",16,"Zotu10","Zotu10",NA,4,"other","Bacteria","Firmicutes","Bacilli","Paenibacillales","Paenibacillaceae","Paenibacillus","uncultured_bacterium","Zotu10",0.021418,"other"
"17",17,"Zotu1134","Zotu1134",NA,22,"other","Bacteria","Myxococcota","Polyangia","Haliangiales","Haliangiaceae","Haliangium","uncultured_bacterium","Zotu1134",0.000193,"other"
"18",18,"Zotu1151","Zotu1151",NA,16,"other","Bacteria","Proteobacteria","Gammaproteobacteria","Methylococcales","Methylomonadaceae","Methylomonas","Methylomonas_sp.","Zotu1151",0.000101,"other"
"19",19,"Zotu100","Zotu100",NA,22,"other","Bacteria","Bacteroidota","Bacteroidia","Bacteroidales",NA,NA,NA,"Zotu100",0.00204,"other"
"20",20,"Zotu1155","Zotu1155",NA,0,"other","Bacteria","Proteobacteria","Alphaproteobacteria","Sphingomonadales","Sphingomonadaceae","Sphingomonas","Sphingomonas_roseiflava","Zotu1155",0.000286,"0"
"21",21,"Zotu11729","Zotu11729",NA,7,"other","Bacteria","Proteobacteria","Gammaproteobacteria","Burkholderiales",NA,NA,NA,"Zotu11729",0.002093,"7"
"22",22,"Zotu11141","Zotu11141",NA,7,"other","Bacteria","Proteobacteria","Gammaproteobacteria","Burkholderiales","Rhodocyclaceae",NA,NA,"Zotu11141",0.000113,"7"
"23",23,"Zotu11736","Zotu11736",NA,7,"diff","Bacteria","Proteobacteria","Gammaproteobacteria","Burkholderiales","Rhodocyclaceae","Zoogloea","uncultured_bacterium","Zotu11736",0.000168,"7"
"24",24,"Zotu118","Zotu118",NA,8,"other","Bacteria","Proteobacteria","Gammaproteobacteria","Methylococcales","Methylomonadaceae","Methylomicrobium","uncultured_bacterium","Zotu118",0.000198,"8"
"25",25,"Zotu102","Zotu102",NA,8,"other","Bacteria","Bacteroidota","Kryptonia","Kryptoniales","BSV26","BSV26","uncultured_bacterium","Zotu102",0.000175,"8"
"26",26,"Zotu11993","Zotu11993",NA,7,"other","Bacteria","Proteobacteria","Gammaproteobacteria","Burkholderiales","Gallionellaceae",NA,NA,"Zotu11993",0.000372,"7"
"27",27,"Zotu12","Zotu12",NA,18,"other","Bacteria","Proteobacteria","Gammaproteobacteria","Burkholderiales","Gallionellaceae","Sideroxydans",NA,"Zotu12",0.020722,"other"
"28",28,"Zotu1035","Zotu1035",NA,8,"other","Bacteria","Bacteroidota","Bacteroidia","Bacteroidales","Paludibacteraceae","uncultured","uncultured_soil","Zotu1035",0.000243,"8"
"29",29,"Zotu1207","Zotu1207",NA,16,"other","Bacteria","Proteobacteria","Gammaproteobacteria","Burkholderiales","Comamonadaceae",NA,NA,"Zotu1207",0.000264,"other"
"30",30,"Zotu1208","Zotu1208",NA,22,"other","Bacteria","Proteobacteria","Gammaproteobacteria","Burkholderiales","Comamonadaceae","Rhizobacter",NA,"Zotu1208",0.000109,"other"
"31",31,"Zotu12105","Zotu12105",NA,2,"other","Bacteria","Proteobacteria","Gammaproteobacteria","Burkholderiales",NA,NA,NA,"Zotu12105",0.000271,"2"
"32",32,"Zotu123","Zotu123",NA,16,"other","Bacteria","Proteobacteria","Gammaproteobacteria","Burkholderiales","Comamonadaceae",NA,NA,"Zotu123",0.001943,"other"
"33",33,"Zotu12411","Zotu12411",NA,7,"other","Bacteria","Proteobacteria","Gammaproteobacteria","Burkholderiales","Rhodocyclaceae",NA,NA,"Zotu12411",0.000105,"7"
"34",34,"Zotu12413","Zotu12413",NA,7,"other","Bacteria","Myxococcota","Myxococcia","Myxococcales","Myxococcaceae","P3OB-42","uncultured_soil","Zotu12413",0.000223,"7"
"35",35,"Zotu12783","Zotu12783",NA,7,"diff","Bacteria","Proteobacteria","Gammaproteobacteria","Burkholderiales","Rhodocyclaceae","Sulfuritalea",NA,"Zotu12783",0.000243,"7"
"36",36,"Zotu128","Zotu128",NA,22,"other","Bacteria","Proteobacteria","Gammaproteobacteria","Burkholderiales","Comamonadaceae",NA,NA,"Zotu128",0.001979,"other"
"37",37,"Zotu1289","Zotu1289",NA,4,"other","Bacteria","Proteobacteria","Alphaproteobacteria","Rhizobiales","Xanthobacteraceae","Afipia",NA,"Zotu1289",0.000228,"other"
"38",38,"Zotu1312","Zotu1312",NA,16,"other","Bacteria","Proteobacteria","Alphaproteobacteria","Rhodobacterales","Rhodobacteraceae","Rhodobacter",NA,"Zotu1312",0.000118,"other"
"39",39,"Zotu1052","Zotu1052",NA,16,"other","Bacteria","Proteobacteria","Alphaproteobacteria","Rhizobiales","Rhizobiales_Incertae_Sedis","Phreatobacter","uncultured_bacterium","Zotu1052",0.000379,"other"
"40",40,"Zotu132","Zotu132",NA,8,"other","Bacteria","Bacteroidota","SJA-28","SJA-28","SJA-28","SJA-28","uncultured_bacterium","Zotu132",0.000202,"8"
"41",41,"Zotu13220","Zotu13220",NA,7,"other","Bacteria","Proteobacteria","Gammaproteobacteria","Burkholderiales",NA,NA,NA,"Zotu13220",0.000161,"7"
"42",42,"Zotu13236","Zotu13236",NA,7,"other","Bacteria","Proteobacteria","Gammaproteobacteria","Burkholderiales","Rhodocyclaceae","Sulfuritalea",NA,"Zotu13236",0.000684,"7"
"43",43,"Zotu1","Zotu1",NA,8,"diff","Bacteria","Proteobacteria","Gammaproteobacteria","Burkholderiales","Rhodocyclaceae","uncultured","uncultured_Georgfuchsia","Zotu1",0.065081,"8"
"44",44,"Zotu133","Zotu133",NA,8,"other","Bacteria","Bacteroidota","Bacteroidia","Sphingobacteriales","Lentimicrobiaceae","Lentimicrobiaceae","uncultured_bacterium","Zotu133",0.000199,"8"
"45",45,"Zotu1331","Zotu1331",NA,16,"other","Bacteria","Proteobacteria","Gammaproteobacteria","Methylococcales","Methylococcaceae","Methylocaldum","uncultured_bacterium","Zotu1331",0.000221,"other"
"46",46,"Zotu135","Zotu135",NA,22,"other","Bacteria","Proteobacteria","Gammaproteobacteria","Burkholderiales","Nitrosomonadaceae","Ellin6067","uncultured_soil","Zotu135",0.000533,"other"
"47",47,"Zotu1351","Zotu1351",NA,22,"other","Bacteria","Myxococcota","Polyangia","Polyangiales","Polyangiaceae","uncultured",NA,"Zotu1351",0.000139,"other"
"48",48,"Zotu1114","Zotu1114",NA,22,"other","Bacteria","Bacteroidota","Bacteroidia","Bacteroidales","Prolixibacteraceae","Roseimarinus","uncultured_bacterium","Zotu1114",0.000112,"other"
"49",49,"Zotu13577","Zotu13577",NA,7,"other","Bacteria","Myxococcota","Myxococcia","Myxococcales","Myxococcaceae","P3OB-42","uncultured_soil","Zotu13577",0.000191,"7"
"50",50,"Zotu1358","Zotu1358",NA,0,"other","Bacteria","Proteobacteria","Gammaproteobacteria","Burkholderiales","Oxalobacteraceae","Herbaspirillum",NA,"Zotu1358",0.000224,"0"
"51",51,"Zotu13666","Zotu13666",NA,7,"diff","Bacteria","Proteobacteria","Gammaproteobacteria","Burkholderiales",NA,NA,NA,"Zotu13666",0.000196,"7"
"52",52,"Zotu13667","Zotu13667",NA,7,"other","Bacteria","Proteobacteria","Gammaproteobacteria","Burkholderiales","Rhodocyclaceae","Sulfuritalea",NA,"Zotu13667",0.000111,"7"
"53",53,"Zotu13684","Zotu13684",NA,7,"other","Bacteria","Proteobacteria","Gammaproteobacteria","Burkholderiales","Rhodocyclaceae","uncultured",NA,"Zotu13684",0.00019,"7"
"54",54,"Zotu13688","Zotu13688",NA,7,"diff","Bacteria","Proteobacteria","Gammaproteobacteria","Burkholderiales",NA,NA,NA,"Zotu13688",0.000152,"7"
"55",55,"Zotu13752","Zotu13752",NA,2,"other","Bacteria","Proteobacteria","Gammaproteobacteria","Burkholderiales","Rhodocyclaceae",NA,NA,"Zotu13752",0.000191,"2"
"56",56,"Zotu1386","Zotu1386",NA,7,"other","Bacteria","Myxococcota","Myxococcia","Myxococcales","Myxococcaceae","P3OB-42","uncultured_soil","Zotu1386",0.000492,"7"
"57",57,"Zotu14","Zotu14",NA,8,"other","Bacteria","MBNT15","MBNT15","MBNT15","MBNT15","MBNT15","uncultured_prokaryote","Zotu14",0.001208,"8"
"58",58,"Zotu113","Zotu113",NA,8,"other","Bacteria","Proteobacteria","Gammaproteobacteria","Burkholderiales","SC-I-84","SC-I-84",NA,"Zotu113",0.000141,"8"
"59",59,"Zotu1400","Zotu1400",NA,8,"other","Bacteria","Verrucomicrobiota","Verrucomicrobiae","Pedosphaerales","Pedosphaeraceae","ADurb.Bin063-1","uncultured_bacterium","Zotu1400",0.000211,"8"
"60",60,"Zotu14053","Zotu14053",NA,7,"other","Bacteria","Myxococcota","Myxococcia","Myxococcales","Anaeromyxobacteraceae","Anaeromyxobacter",NA,"Zotu14053",0.000589,"7"
"61",61,"Zotu14058","Zotu14058",NA,7,"other","Bacteria","Myxococcota","Myxococcia","Myxococcales","Anaeromyxobacteraceae","Anaeromyxobacter",NA,"Zotu14058",0.000372,"7"
"62",62,"Zotu141","Zotu141",NA,8,"other","Bacteria","Bacteroidota","SJA-28","SJA-28","SJA-28","SJA-28","uncultured_bacterium","Zotu141",0.000118,"8"
"63",63,"Zotu14124","Zotu14124",NA,4,"other","Bacteria","Myxococcota","Myxococcia","Myxococcales","Myxococcaceae","P3OB-42","uncultured_soil","Zotu14124",0.000476,"other"
"64",64,"Zotu14156","Zotu14156",NA,7,"other","Bacteria","Myxococcota","Myxococcia","Myxococcales","Anaeromyxobacteraceae","Anaeromyxobacter","myxobacterium_KC","Zotu14156",0.000336,"7"
"65",65,"Zotu14179","Zotu14179",NA,7,"other","Bacteria","Proteobacteria","Gammaproteobacteria","Burkholderiales",NA,NA,NA,"Zotu14179",0.000291,"7"
"66",66,"Zotu14275","Zotu14275",NA,7,"other","Bacteria","Proteobacteria","Gammaproteobacteria","Burkholderiales","Rhodocyclaceae",NA,NA,"Zotu14275",0.001663,"7"
"67",67,"Zotu1450","Zotu1450",NA,7,"diff","Bacteria","Myxococcota","Myxococcia","Myxococcales","Myxococcaceae","P3OB-42","uncultured_soil","Zotu1450",0.00019,"7"
"68",68,"Zotu1451","Zotu1451",NA,7,"other","Bacteria","Proteobacteria","Gammaproteobacteria","Burkholderiales","Rhodocyclaceae",NA,NA,"Zotu1451",0.000229,"7"
"69",69,"Zotu1465","Zotu1465",NA,16,"other","Bacteria","Proteobacteria","Gammaproteobacteria","Methylococcales","Methylococcaceae","Methylocaldum","uncultured_bacterium","Zotu1465",0.000202,"other"
"70",70,"Zotu14682","Zotu14682",NA,7,"other","Bacteria","Proteobacteria","Gammaproteobacteria","Burkholderiales","Rhodocyclaceae",NA,NA,"Zotu14682",0.002762,"7"
"71",71,"Zotu1142","Zotu1142",NA,7,"other","Bacteria","Proteobacteria","Gammaproteobacteria","Burkholderiales","Rhodocyclaceae",NA,NA,"Zotu1142",0.00019,"7"
"72",72,"Zotu1481","Zotu1481",NA,7,"other","Bacteria","Myxococcota","Myxococcia","Myxococcales","Myxococcaceae","P3OB-42","uncultured_soil","Zotu1481",0.000222,"7"
"73",73,"Zotu1482","Zotu1482",NA,22,"other","Bacteria","Myxococcota","Polyangia","Haliangiales","Haliangiaceae","Haliangium","uncultured_bacterium","Zotu1482",0.000118,"other"
"74",74,"Zotu149","Zotu149",NA,5,"other","Bacteria","Proteobacteria","Gammaproteobacteria","Methylococcales","Methylococcaceae","Candidatus_Methylospira","uncultured_bacterium","Zotu149",0.000412,"other"
"75",75,"Zotu112","Zotu112",NA,5,"other","Bacteria","Proteobacteria","Gammaproteobacteria","Methylococcales","Methylococcaceae","Candidatus_Methylospira","uncultured_bacterium","Zotu112",0.000599,"other"
"76",76,"Zotu14902","Zotu14902",NA,7,"other","Bacteria","Proteobacteria","Gammaproteobacteria","Burkholderiales","Rhodocyclaceae","uncultured",NA,"Zotu14902",0.000129,"7"
"77",77,"Zotu15","Zotu15",NA,8,"other","Bacteria","Bacteroidota","Bacteroidia","Bacteroidales","SB-5","SB-5","uncultured_bacterium","Zotu15",0.015442,"8"
"78",78,"Zotu150","Zotu150",NA,8,"other","Bacteria","Bacteroidota","Bacteroidia","Bacteroidales","Bacteroidetes_vadinHA17","Bacteroidetes_vadinHA17","uncultured_bacterium","Zotu150",0.000146,"8"
"79",79,"Zotu1512","Zotu1512",NA,7,"other","Bacteria","Proteobacteria","Gammaproteobacteria","Burkholderiales",NA,NA,NA,"Zotu1512",0.00127,"7"
"80",80,"Zotu152","Zotu152",NA,21,"other","Bacteria","Myxococcota","Myxococcia","Myxococcales","Vulgatibacteraceae","Vulgatibacter",NA,"Zotu152",0.003086,"21"
"81",81,"Zotu1323","Zotu1323",NA,21,"other","Bacteria","Myxococcota","Myxococcia","Myxococcales","Anaeromyxobacteraceae","Anaeromyxobacter",NA,"Zotu1323",0.000581,"21"
"82",82,"Zotu1533","Zotu1533",NA,22,"other","Bacteria","Fibrobacterota","Fibrobacteria","Fibrobacterales","Fibrobacteraceae","possible_genus_04","uncultured_bacterium","Zotu1533",0.00013,"other"
"83",83,"Zotu15394","Zotu15394",NA,21,"other","Bacteria","Myxococcota","Myxococcia","Myxococcales","Anaeromyxobacteraceae","Anaeromyxobacter","uncultured_bacterium","Zotu15394",0.000541,"21"
"84",84,"Zotu140","Zotu140",NA,21,"diff","Bacteria","Myxococcota","Myxococcia","Myxococcales","Anaeromyxobacteraceae","Anaeromyxobacter",NA,"Zotu140",0.001882,"21"
"85",85,"Zotu15453","Zotu15453",NA,7,"other","Bacteria","Proteobacteria","Gammaproteobacteria","Burkholderiales","Rhodocyclaceae",NA,NA,"Zotu15453",0.000278,"7"
"86",86,"Zotu1550","Zotu1550",NA,22,"diff","Bacteria","Myxococcota","Polyangia","Polyangiales","Polyangiaceae",NA,NA,"Zotu1550",0.000153,"other"
"87",87,"Zotu157","Zotu157",NA,16,"other","Bacteria","Actinobacteriota","Actinobacteria","Kineosporiales","Kineosporiaceae","Kineosporia","uncultured_bacterium","Zotu157",0.001949,"other"
"88",88,"Zotu15758","Zotu15758",NA,7,"other","Bacteria","Nitrospirota","4-29-1","4-29-1","4-29-1","4-29-1",NA,"Zotu15758",0.000122,"7"
"89",89,"Zotu15992","Zotu15992",NA,7,"diff","Bacteria","Myxococcota","Myxococcia","Myxococcales","Anaeromyxobacteraceae","Anaeromyxobacter","myxobacterium_KC","Zotu15992",0.000874,"7"
"90",90,"Zotu16","Zotu16",NA,22,"other","Bacteria","Fibrobacterota","Fibrobacteria","Fibrobacterales","Fibrobacterales","BBMC-4","uncultured_microorganism","Zotu16",0.014329,"other"
"91",91,"Zotu16045","Zotu16045",NA,7,"other","Bacteria","Proteobacteria","Gammaproteobacteria","Burkholderiales","Rhodocyclaceae","uncultured",NA,"Zotu16045",0.000472,"7"
"92",92,"Zotu161","Zotu161",NA,22,"other","Bacteria","Proteobacteria","Alphaproteobacteria","uncultured","uncultured","uncultured",NA,"Zotu161",0.000112,"other"
"93",93,"Zotu16105","Zotu16105",NA,7,"diff","Bacteria","Nitrospirota","4-29-1","4-29-1","4-29-1","4-29-1","uncultured_Nitrospira","Zotu16105",0.000223,"7"
"94",94,"Zotu16155","Zotu16155",NA,7,"other","Bacteria","Myxococcota","Myxococcia","Myxococcales","Myxococcaceae","P3OB-42","uncultured_soil","Zotu16155",0.00022,"7"
"95",95,"Zotu16172","Zotu16172",NA,21,"other","Bacteria","Myxococcota","Myxococcia","Myxococcales","Myxococcaceae","uncultured","uncultured_bacterium","Zotu16172",0.002404,"21"
"96",96,"Zotu162","Zotu162",NA,8,"other","Bacteria","Myxococcota","Myxococcia","Myxococcales","Anaeromyxobacteraceae","Anaeromyxobacter",NA,"Zotu162",0.000255,"8"
"97",97,"Zotu16255","Zotu16255",NA,7,"other","Bacteria","Myxococcota","Polyangia","Haliangiales","Haliangiaceae","Haliangium",NA,"Zotu16255",0.000194,"7"
"98",98,"Zotu1642","Zotu1642",NA,22,"other","Bacteria","Myxococcota","Polyangia","Polyangiales","BIrii41","BIrii41",NA,"Zotu1642",0.000116,"other"
"99",99,"Zotu16462","Zotu16462",NA,2,"other","Bacteria","Proteobacteria","Gammaproteobacteria","Burkholderiales","Rhodocyclaceae",NA,NA,"Zotu16462",0.000146,"2"
"100",100,"Zotu16601","Zotu16601",NA,7,"other","Bacteria","Myxococcota","Myxococcia","Myxococcales","Myxococcaceae","P3OB-42",NA,"Zotu16601",0.001149,"7"
"101",101,"Zotu16602","Zotu16602",NA,7,"other","Bacteria","Myxococcota","Myxococcia","Myxococcales","Myxococcaceae","P3OB-42","uncultured_soil","Zotu16602",0.000358,"7"
"102",102,"Zotu16621","Zotu16621",NA,7,"other","Bacteria","Proteobacteria","Gammaproteobacteria","Burkholderiales","Comamonadaceae","uncultured","uncultured_bacterium","Zotu16621",0.001275,"7"
"103",103,"Zotu16859","Zotu16859",NA,2,"other","Bacteria","Proteobacteria","Gammaproteobacteria","Burkholderiales","Gallionellaceae","Sideroxydans",NA,"Zotu16859",0.000107,"2"
"104",104,"Zotu17","Zotu17",NA,21,"other","Bacteria","Proteobacteria","Gammaproteobacteria","Burkholderiales","Comamonadaceae","Ideonella",NA,"Zotu17",0.013673,"21"
"105",105,"Zotu1227","Zotu1227",NA,21,"other","Bacteria","Actinobacteriota","Actinobacteria","Micromonosporales","Micromonosporaceae",NA,NA,"Zotu1227",0.00019,"21"
"106",106,"Zotu170","Zotu170",NA,18,"diff","Bacteria","Proteobacteria","Gammaproteobacteria","Burkholderiales","Gallionellaceae",NA,NA,"Zotu170",0.001527,"other"
"107",107,"Zotu178","Zotu178",NA,8,"other","Bacteria","Nitrospirota","4-29-1","4-29-1","4-29-1","4-29-1","uncultured_proteobacterium","Zotu178",0.000144,"8"
"108",108,"Zotu1783","Zotu1783",NA,16,"other","Bacteria","Proteobacteria","Gammaproteobacteria","Gammaproteobacteria_Incertae_Sedis","Unknown_Family","Acidibacter",NA,"Zotu1783",0.000138,"other"
"109",109,"Zotu179","Zotu179",NA,7,"other","Bacteria","Myxococcota","Myxococcia","Myxococcales","Myxococcaceae","P3OB-42","uncultured_soil","Zotu179",0.001812,"7"
"110",110,"Zotu1791","Zotu1791",NA,7,"other","Bacteria","Proteobacteria","Gammaproteobacteria","Burkholderiales","Gallionellaceae",NA,NA,"Zotu1791",0.000569,"7"
"111",111,"Zotu13664","Zotu13664",NA,7,"other","Bacteria","Proteobacteria","Gammaproteobacteria","Burkholderiales",NA,NA,NA,"Zotu13664",0.000131,"7"
"112",112,"Zotu19","Zotu19",NA,6,"other","Bacteria","Proteobacteria","Gammaproteobacteria","Burkholderiales","Rhodocyclaceae",NA,NA,"Zotu19",0.010745,"6"
"113",113,"Zotu127","Zotu127",NA,6,"other","Bacteria","Proteobacteria","Gammaproteobacteria","Burkholderiales","Rhodocyclaceae",NA,NA,"Zotu127",0.001942,"6"
"114",114,"Zotu191","Zotu191",NA,22,"diff","Bacteria","Actinobacteriota","Actinobacteria","Kineosporiales","Kineosporiaceae",NA,NA,"Zotu191",0.000893,"other"
"115",115,"Zotu1929","Zotu1929",NA,16,"other","Bacteria","Proteobacteria","Gammaproteobacteria","Burkholderiales","Comamonadaceae",NA,NA,"Zotu1929",0.000176,"other"
"116",116,"Zotu193","Zotu193",NA,22,"other","Bacteria","Bacteroidota","Bacteroidia","Bacteroidales","Prolixibacteraceae","Roseimarinus",NA,"Zotu193",0.000978,"other"
"117",117,"Zotu1147","Zotu1147",NA,22,"other","Bacteria","Bacteroidota","Bacteroidia","Bacteroidales","SB-5","SB-5","uncultured_soil","Zotu1147",0.000176,"other"
"118",118,"Zotu195","Zotu195",NA,22,"other","Bacteria","Myxococcota","Polyangia","Polyangiales","Polyangiaceae","uncultured","metagenome","Zotu195",0.001053,"other"
"119",119,"Zotu1276","Zotu1276",NA,22,"diff","Bacteria","Proteobacteria","Alphaproteobacteria","Sphingomonadales","Sphingomonadaceae","Sphingobium",NA,"Zotu1276",0.000127,"other"
"120",120,"Zotu2","Zotu2",NA,7,"other","Bacteria","Myxococcota","Myxococcia","Myxococcales","Myxococcaceae","P3OB-42","uncultured_soil","Zotu2",0.091211,"7"
"121",121,"Zotu200","Zotu200",NA,16,"diff","Bacteria","Proteobacteria","Gammaproteobacteria","Burkholderiales","Comamonadaceae",NA,NA,"Zotu200",0.001381,"other"
"122",122,"Zotu209","Zotu209",NA,18,"other","Bacteria","Proteobacteria","Gammaproteobacteria","Burkholderiales","Rhodocyclaceae","Sulfuritalea","uncultured_bacterium","Zotu209",0.001333,"other"
"123",123,"Zotu103","Zotu103",NA,18,"other","Bacteria","Proteobacteria","Gammaproteobacteria","Burkholderiales","Rhodocyclaceae","Sulfuritalea","uncultured_bacterium","Zotu103",0.005342,"other"
"124",124,"Zotu21","Zotu21",NA,9,"diff","Bacteria","Proteobacteria","Gammaproteobacteria","Burkholderiales","Gallionellaceae","Sideroxydans",NA,"Zotu21",0.008163,"other"
"125",125,"Zotu181","Zotu181",NA,9,"other","Bacteria","Myxococcota","Myxococcia","Myxococcales","Myxococcaceae","P3OB-42",NA,"Zotu181",0.001593,"other"
"126",126,"Zotu211","Zotu211",NA,8,"other","Bacteria","Proteobacteria","Alphaproteobacteria","Rhizobiales","Xanthobacteraceae","Pseudolabrys",NA,"Zotu211",0.00037,"8"
"127",127,"Zotu215","Zotu215",NA,22,"other","Bacteria","Bacteroidota","Bacteroidia","Bacteroidales","SB-5","SB-5",NA,"Zotu215",0.001027,"other"
"128",128,"Zotu2150","Zotu2150",NA,7,"other","Bacteria","Proteobacteria","Gammaproteobacteria","Burkholderiales","Gallionellaceae",NA,NA,"Zotu2150",0.000214,"7"
"129",129,"Zotu2162","Zotu2162",NA,16,"other","Bacteria","Proteobacteria","Gammaproteobacteria","Burkholderiales","Comamonadaceae",NA,NA,"Zotu2162",0.000112,"other"
"130",130,"Zotu17720","Zotu17720",NA,16,"other","Bacteria","Proteobacteria","Gammaproteobacteria","Burkholderiales","Leeiaceae","Leeia",NA,"Zotu17720",0.001009,"other"
"131",131,"Zotu219","Zotu219",NA,8,"other","Bacteria","Desulfobacterota","Desulfuromonadia","Geobacterales","Geobacteraceae","Geotalea","uncultured_bacterium","Zotu219",0.000151,"8"
"132",132,"Zotu2191","Zotu2191",NA,21,"other","Bacteria",NA,NA,NA,NA,NA,NA,"Zotu2191",0.000161,"21"
"133",133,"Zotu222","Zotu222",NA,8,"other","Bacteria","Verrucomicrobiota","Verrucomicrobiae","Pedosphaerales","Pedosphaeraceae","Pedosphaeraceae",NA,"Zotu222",0.000135,"8"
"134",134,"Zotu2221","Zotu2221",NA,2,"other","Bacteria","Proteobacteria","Gammaproteobacteria","Burkholderiales","Rhodocyclaceae",NA,NA,"Zotu2221",0.000139,"2"
"135",135,"Zotu226","Zotu226",NA,8,"other","Bacteria","Proteobacteria","Gammaproteobacteria","Burkholderiales","Gallionellaceae",NA,NA,"Zotu226",0.000241,"8"
"136",136,"Zotu228","Zotu228",NA,8,"other","Bacteria","Nitrospirota","4-29-1","4-29-1","4-29-1","4-29-1","uncultured_proteobacterium","Zotu228",0.000109,"8"
"137",137,"Zotu23","Zotu23",NA,4,"other","Bacteria","Firmicutes","Bacilli","Paenibacillales","Paenibacillaceae","Paenibacillus","uncultured_bacterium","Zotu23",0.009313,"other"
"138",138,"Zotu231","Zotu231",NA,16,"other","Bacteria","Proteobacteria","Gammaproteobacteria","Burkholderiales","Comamonadaceae","Ideonella","uncultured_bacterium","Zotu231",0.001327,"other"
"139",139,"Zotu2311","Zotu2311",NA,21,"other","Bacteria","Myxococcota","Myxococcia","Myxococcales",NA,NA,NA,"Zotu2311",0.000146,"21"
"140",140,"Zotu238","Zotu238",NA,8,"other","Bacteria","Desulfobacterota","Desulfuromonadia","Geobacterales","Geobacteraceae",NA,NA,"Zotu238",0.00018,"8"
"141",141,"Zotu239","Zotu239",NA,21,"diff","Bacteria","Proteobacteria","Gammaproteobacteria","KF-JG30-C25","KF-JG30-C25","KF-JG30-C25",NA,"Zotu239",0.00101,"21"
"142",142,"Zotu247","Zotu247",NA,8,"other","Bacteria","Desulfobacterota","Desulfuromonadia","Geobacterales","Geobacteraceae","Geobacter",NA,"Zotu247",0.000147,"8"
"143",143,"Zotu2490","Zotu2490",NA,4,"other","Bacteria","Proteobacteria","Alphaproteobacteria","Rhizobiales","Xanthobacteraceae","Afipia",NA,"Zotu2490",0.000133,"other"
"144",144,"Zotu251","Zotu251",NA,21,"other","Bacteria","Proteobacteria","Gammaproteobacteria","Burkholderiales","Nitrosomonadaceae","Ellin6067",NA,"Zotu251",0.000122,"21"
"145",145,"Zotu256","Zotu256",NA,8,"other","Bacteria","Chloroflexi","Anaerolineae","SJA-15","SJA-15","SJA-15","uncultured_bacterium","Zotu256",0.000163,"8"
"146",146,"Zotu257","Zotu257",NA,22,"other","Bacteria","Proteobacteria","Alphaproteobacteria","Sphingomonadales","Sphingomonadaceae",NA,NA,"Zotu257",0.000335,"other"
"147",147,"Zotu1527","Zotu1527",NA,22,"other","Bacteria","Actinobacteriota","Actinobacteria","Frankiales","Sporichthyaceae","Longivirga","uncultured_bacterium","Zotu1527",0.000137,"other"
"148",148,"Zotu259","Zotu259",NA,8,"other","Bacteria","Actinobacteriota","Actinobacteria","Micrococcales","Intrasporangiaceae","Lapillicoccus",NA,"Zotu259",0.000182,"8"
"149",149,"Zotu26","Zotu26",NA,8,"other","Bacteria","Proteobacteria","Gammaproteobacteria","Ectothiorhodospirales","Thioalkalispiraceae","Thioalkalispira-Sulfurivermis","uncultured_bacterium","Zotu26",0.000581,"8"
"150",150,"Zotu2617","Zotu2617",NA,7,"other","Bacteria","Proteobacteria",NA,NA,NA,NA,NA,"Zotu2617",0.000191,"7"
"151",151,"Zotu265","Zotu265",NA,8,"other","Bacteria","MBNT15","MBNT15","MBNT15","MBNT15","MBNT15",NA,"Zotu265",0.000124,"8"
"152",152,"Zotu267","Zotu267",NA,8,"other","Bacteria","Myxococcota","Myxococcia","Myxococcales","Anaeromyxobacteraceae","Anaeromyxobacter",NA,"Zotu267",0.000394,"8"
"153",153,"Zotu270","Zotu270",NA,8,"other","Bacteria","Desulfobacterota","Desulfuromonadia","Geobacterales","Geobacteraceae",NA,NA,"Zotu270",0.000107,"8"
"154",154,"Zotu2720","Zotu2720",NA,16,"other","Bacteria","Actinobacteriota","Actinobacteria","Kineosporiales","Kineosporiaceae","Kineosporia",NA,"Zotu2720",0.00044,"other"
"155",155,"Zotu2722","Zotu2722",NA,7,"other","Bacteria","Proteobacteria","Gammaproteobacteria","Burkholderiales",NA,NA,NA,"Zotu2722",0.000173,"7"
"156",156,"Zotu29","Zotu29",NA,8,"other","Bacteria","Bacteroidota","Bacteroidia","Bacteroidales","Prolixibacteraceae","WCHB1-32",NA,"Zotu29",0.004599,"8"
"157",157,"Zotu208","Zotu208",NA,8,"diff","Bacteria","Bacteroidota","Bacteroidia","Bacteroidales","Prolixibacteraceae","WCHB1-32",NA,"Zotu208",0.000941,"8"
"158",158,"Zotu290","Zotu290",NA,22,"other","Bacteria","Myxococcota","Myxococcia","Myxococcales","Anaeromyxobacteraceae","Anaeromyxobacter",NA,"Zotu290",0.000698,"other"
"159",159,"Zotu293","Zotu293",NA,22,"other","Bacteria","Proteobacteria","Gammaproteobacteria","Burkholderiales","Burkholderiaceae","Burkholderia-Caballeronia-Paraburkholderia",NA,"Zotu293",6e-04,"other"
"160",160,"Zotu297","Zotu297",NA,17,"diff","Bacteria","Desulfobacterota","Desulfuromonadia","Geobacterales","Geobacteraceae","uncultured",NA,"Zotu297",0.000473,"other"
"161",161,"Zotu182","Zotu182",NA,17,"diff","Bacteria","Desulfobacterota","Desulfuromonadia","Geobacterales","Geobacteraceae","uncultured",NA,"Zotu182",0.000569,"other"
"162",162,"Zotu3","Zotu3",NA,9,"diff","Bacteria","Proteobacteria","Gammaproteobacteria","Burkholderiales","Gallionellaceae","Sideroxydans",NA,"Zotu3",0.039529,"other"
"163",163,"Zotu300","Zotu300",NA,8,"other","Bacteria","Proteobacteria","Alphaproteobacteria","Rhizobiales","Xanthobacteraceae","Pseudolabrys",NA,"Zotu300",0.000171,"8"
"164",164,"Zotu302","Zotu302",NA,16,"other","Bacteria","Bdellovibrionota","Bdellovibrionia","Bdellovibrionales","Bdellovibrionaceae","OM27_clade","uncultured_Myxococcales","Zotu302",0.000818,"other"
"165",165,"Zotu306","Zotu306",NA,8,"other","Bacteria","Verrucomicrobiota","Verrucomicrobiae","Pedosphaerales","Pedosphaeraceae","ADurb.Bin063-1",NA,"Zotu306",0.000184,"8"
"166",166,"Zotu307","Zotu307",NA,8,"other","Bacteria","Firmicutes","Clostridia","Clostridiales","Clostridiaceae","Clostridium_sensu_stricto_12","uncultured_bacterium","Zotu307",0.000115,"8"
"167",167,"Zotu3087","Zotu3087",NA,16,"other","Bacteria","Proteobacteria","Gammaproteobacteria","Burkholderiales","Comamonadaceae",NA,NA,"Zotu3087",0.000107,"other"
"168",168,"Zotu32","Zotu32",NA,8,"other","Bacteria","MBNT15","MBNT15","MBNT15","MBNT15","MBNT15","uncultured_prokaryote","Zotu32",0.000427,"8"
"169",169,"Zotu323","Zotu323",NA,10,"diff","Bacteria","Proteobacteria","Alphaproteobacteria","Rhizobiales","Hyphomicrobiaceae","Hyphomicrobium",NA,"Zotu323",0.000481,"other"
"170",170,"Zotu142","Zotu142",NA,10,"diff","Bacteria","Proteobacteria","Alphaproteobacteria","Rhizobiales","Beijerinckiaceae","Bosea",NA,"Zotu142",0.001045,"other"
"171",171,"Zotu325","Zotu325",NA,21,"other","Bacteria","Myxococcota","Myxococcia","Myxococcales","Anaeromyxobacteraceae","Anaeromyxobacter",NA,"Zotu325",0.001983,"21"
"172",172,"Zotu327","Zotu327",NA,8,"other","Bacteria","Bacteroidota","Bacteroidia","Bacteroidales","Paludibacteraceae","uncultured","uncultured_soil","Zotu327",0.000569,"8"
"173",173,"Zotu33","Zotu33",NA,16,"other","Bacteria","Proteobacteria","Gammaproteobacteria","Burkholderiales","Comamonadaceae",NA,NA,"Zotu33",0.006471,"other"
"174",174,"Zotu174","Zotu174",NA,16,"other","Bacteria","Proteobacteria","Gammaproteobacteria","Burkholderiales","Comamonadaceae",NA,NA,"Zotu174",0.002025,"other"
"175",175,"Zotu330","Zotu330",NA,22,"other","Bacteria","Actinobacteriota","Actinobacteria","Micrococcales","Microbacteriaceae","Agromyces",NA,"Zotu330",0.000189,"other"
"176",176,"Zotu244","Zotu244",NA,22,"other","Bacteria","Actinobacteriota","Actinobacteria","Micrococcales","Intrasporangiaceae","Intrasporangium","uncultured_bacterium","Zotu244",0.000273,"other"
"177",177,"Zotu334","Zotu334",NA,17,"diff","Bacteria","Desulfobacterota","Desulfuromonadia","Geobacterales","Geobacteraceae","uncultured",NA,"Zotu334",0.000439,"other"
"178",178,"Zotu129","Zotu129",NA,17,"diff","Bacteria","Desulfobacterota","Desulfuromonadia","Geobacterales","Geobacteraceae",NA,NA,"Zotu129",0.001269,"other"
"179",179,"Zotu344","Zotu344",NA,7,"other","Bacteria","Myxococcota","Myxococcia","Myxococcales","Myxococcaceae","P3OB-42","uncultured_soil","Zotu344",0.001887,"7"
"180",180,"Zotu2480","Zotu2480",NA,8,"other","Bacteria","Desulfobacterota","Desulfuromonadia","Geobacterales","Geobacteraceae","uncultured",NA,"Zotu2480",0.000109,"8"
"181",181,"Zotu347","Zotu347",NA,8,"other","Bacteria","Proteobacteria","Alphaproteobacteria","Reyranellales","Reyranellaceae","Reyranella",NA,"Zotu347",0.000129,"8"
"182",182,"Zotu367","Zotu367",NA,22,"other","Bacteria","Bacteroidota","Bacteroidia","Bacteroidales","SB-5","SB-5","uncultured_soil","Zotu367",0.000675,"other"
"183",183,"Zotu37","Zotu37",NA,8,"diff","Bacteria","Spirochaetota","Leptospirae","Leptospirales","Leptospiraceae","Leptonema","uncultured_bacterium","Zotu37",0.005385,"8"
"184",184,"Zotu115","Zotu115",NA,8,"other","Bacteria","Myxococcota","Myxococcia","Myxococcales","Anaeromyxobacteraceae","Anaeromyxobacter",NA,"Zotu115",0.00151,"8"
"185",185,"Zotu370","Zotu370",NA,21,"diff","Bacteria","Myxococcota","Myxococcia","Myxococcales","Vulgatibacteraceae","Vulgatibacter",NA,"Zotu370",0.0012,"21"
"186",186,"Zotu377","Zotu377",NA,11,"other","Bacteria","Proteobacteria","Gammaproteobacteria","Burkholderiales","Methylophilaceae","Methylobacillus","uncultured_bacterium","Zotu377",0.000412,"11"
"187",187,"Zotu285","Zotu285",NA,11,"other","Bacteria","Proteobacteria","Gammaproteobacteria","Burkholderiales","Methylophilaceae",NA,NA,"Zotu285",0.000494,"11"
"188",188,"Zotu38","Zotu38",NA,12,"diff","Bacteria","Nitrospirota","Thermodesulfovibrionia","uncultured","uncultured","uncultured","uncultured_Nitrospiraceae","Zotu38",0.003673,"12"
"189",189,"Zotu248","Zotu248",NA,12,"other","Bacteria","Nitrospirota","Thermodesulfovibrionia","uncultured","uncultured","uncultured",NA,"Zotu248",0.000658,"12"
"190",190,"Zotu384","Zotu384",NA,22,"other","Bacteria","Acidobacteriota","Holophagae","Subgroup_7","Subgroup_7","Subgroup_7","Acidobacteria_bacterium","Zotu384",0.000298,"other"
"191",191,"Zotu388","Zotu388",NA,8,"other","Bacteria","Chloroflexi","Anaerolineae","SJA-15","SJA-15","SJA-15",NA,"Zotu388",0.000177,"8"
"192",192,"Zotu393","Zotu393",NA,22,"diff","Bacteria","Myxococcota","Polyangia","Polyangiales","Polyangiaceae",NA,NA,"Zotu393",0.00021,"other"
"193",193,"Zotu396","Zotu396",NA,13,"diff","Bacteria","Desulfobacterota","Desulfuromonadia","Geobacterales","Geobacteraceae","uncultured",NA,"Zotu396",0.000297,"13"
"194",194,"Zotu1117","Zotu1117",NA,13,"other","Bacteria","Desulfobacterota","Desulfuromonadia","Geobacterales","Geobacteraceae",NA,NA,"Zotu1117",0.000246,"13"
"195",195,"Zotu397","Zotu397",NA,22,"other","Bacteria","Proteobacteria","Gammaproteobacteria","Burkholderiales","Sutterellaceae","uncultured","uncultured_bacterium","Zotu397",0.000318,"other"
"196",196,"Zotu4","Zotu4",NA,8,"other","Bacteria","Proteobacteria","Gammaproteobacteria","Burkholderiales","Hydrogenophilaceae","Thiobacillus",NA,"Zotu4",0.002423,"8"
"197",197,"Zotu406","Zotu406",NA,21,"diff","Bacteria","Proteobacteria","Gammaproteobacteria",NA,NA,NA,NA,"Zotu406",0.00059,"21"
"198",198,"Zotu417","Zotu417",NA,22,"other","Bacteria","Proteobacteria","Gammaproteobacteria","Burkholderiales",NA,NA,NA,"Zotu417",0.000245,"other"
"199",199,"Zotu1029","Zotu1029",NA,22,"other","Bacteria","Proteobacteria","Gammaproteobacteria","Burkholderiales","Rhodocyclaceae","Sulfuritalea",NA,"Zotu1029",0.000273,"other"
"200",200,"Zotu42","Zotu42",NA,8,"other","Bacteria","Bacteroidota","Bacteroidia","Bacteroidales","Bacteroidetes_vadinHA17","Bacteroidetes_vadinHA17","uncultured_Cytophagales","Zotu42",0.00059,"8"
"201",201,"Zotu430","Zotu430",NA,13,"other","Bacteria","Desulfobacterota","Desulfuromonadia","Geobacterales","Geobacteraceae","uncultured","uncultured_bacterium","Zotu430",0.000297,"13"
"202",202,"Zotu432","Zotu432",NA,22,"other","Bacteria","Actinobacteriota","Actinobacteria","Micrococcales","Intrasporangiaceae","Intrasporangium","uncultured_bacterium","Zotu432",0.000128,"other"
"203",203,"Zotu44","Zotu44",NA,14,"other","Bacteria","Myxococcota","Myxococcia","Myxococcales","Anaeromyxobacteraceae","Anaeromyxobacter",NA,"Zotu44",0.006475,"14"
"204",204,"Zotu30","Zotu30",NA,14,"other","Bacteria","Myxococcota","Myxococcia","Myxococcales","Anaeromyxobacteraceae","Anaeromyxobacter","uncultured_Anaeromyxobacter","Zotu30",0.008622,"14"
"205",205,"Zotu444","Zotu444",NA,21,"other","Bacteria","Myxococcota","Myxococcia","Myxococcales","Myxococcaceae",NA,NA,"Zotu444",0.000741,"21"
"206",206,"Zotu446","Zotu446",NA,15,"other","Bacteria","Chloroflexi","Chloroflexia","Chloroflexales","Roseiflexaceae","Kouleothrix","uncultured_bacterium","Zotu446",0.00046,"15"
"207",207,"Zotu1553","Zotu1553",NA,15,"other","Bacteria","Chloroflexi","Chloroflexia","Chloroflexales","Roseiflexaceae","Kouleothrix","uncultured_bacterium","Zotu1553",0.000105,"15"
"208",208,"Zotu216","Zotu216",NA,15,"other","Bacteria","Proteobacteria","Alphaproteobacteria","Sphingomonadales","Sphingomonadaceae","Sphingomonas",NA,"Zotu216",0.000173,"15"
"209",209,"Zotu45","Zotu45",NA,7,"diff","Bacteria","Proteobacteria","Gammaproteobacteria","Burkholderiales","Gallionellaceae","Sideroxydans",NA,"Zotu45",0.00206,"7"
"210",210,"Zotu456","Zotu456",NA,8,"other","Bacteria","Acidobacteriota","Thermoanaerobaculia","Thermoanaerobaculales","Thermoanaerobaculaceae","Subgroup_10","uncultured_soil","Zotu456",0.000116,"8"
"211",211,"Zotu4621","Zotu4621",NA,22,"diff","Bacteria","Proteobacteria","Gammaproteobacteria","Burkholderiales","Rhodocyclaceae",NA,NA,"Zotu4621",0.000499,"other"
"212",212,"Zotu465","Zotu465",NA,8,"diff","Bacteria","Bacteroidota","Bacteroidia","Bacteroidales","Prolixibacteraceae","WCHB1-32","uncultured_bacterium","Zotu465",0.000333,"8"
"213",213,"Zotu466","Zotu466",NA,22,"other","Bacteria","Firmicutes","Clostridia","Clostridia","Hungateiclostridiaceae","uncultured","uncultured_bacterium","Zotu466",0.000493,"other"
"214",214,"Zotu476","Zotu476",NA,7,"other","Bacteria","Proteobacteria","Gammaproteobacteria","Burkholderiales","Gallionellaceae",NA,NA,"Zotu476",0.001689,"7"
"215",215,"Zotu4790","Zotu4790",NA,16,"other","Bacteria","Proteobacteria","Alphaproteobacteria","Rhizobiales","Rhizobiaceae","Shinella","alpha_proteobacterium","Zotu4790",0.000345,"other"
"216",216,"Zotu48","Zotu48",NA,22,"other","Bacteria","Actinobacteriota","Actinobacteria","Micrococcales","Intrasporangiaceae","Intrasporangium","uncultured_bacterium","Zotu48",0.001251,"other"
"217",217,"Zotu480","Zotu480",NA,18,"other","Bacteria","Proteobacteria","Gammaproteobacteria","Burkholderiales","Rhodocyclaceae","Sulfuritalea","uncultured_bacterium","Zotu480",0.002733,"other"
"218",218,"Zotu485","Zotu485",NA,22,"other","Bacteria","Bacteroidota","Bacteroidia","Bacteroidales","Barnesiellaceae","uncultured","uncultured_bacterium","Zotu485",0.000307,"other"
"219",219,"Zotu493","Zotu493",NA,8,"other","Bacteria","Actinobacteriota","Coriobacteriia","OPB41","OPB41","OPB41",NA,"Zotu493",0.000101,"8"
"220",220,"Zotu499","Zotu499",NA,22,"other","Bacteria","Proteobacteria","Alphaproteobacteria","Rhodospirillales","uncultured","uncultured","alpha_proteobacterium","Zotu499",0.000456,"other"
"221",221,"Zotu5","Zotu5",NA,22,"other","Bacteria","Firmicutes","Bacilli","Lactobacillales","Carnobacteriaceae","Trichococcus",NA,"Zotu5",0.00045,"other"
"222",222,"Zotu507","Zotu507",NA,22,"other","Bacteria","Myxococcota","Polyangia","Polyangiales","Polyangiaceae","Pajaroellobacter",NA,"Zotu507",0.000508,"other"
"223",223,"Zotu51","Zotu51",NA,17,"diff","Bacteria","Desulfobacterota","Desulfuromonadia","Geobacterales","Geobacteraceae","uncultured","uncultured_bacterium","Zotu51",0.003741,"other"
"224",224,"Zotu511","Zotu511",NA,22,"other","Bacteria","Bacteroidota","Bacteroidia","Bacteroidales","SB-5","SB-5","uncultured_soil","Zotu511",0.000534,"other"
"225",225,"Zotu431","Zotu431",NA,22,"other","Bacteria","Spirochaetota","Spirochaetia","Spirochaetales","Spirochaetaceae","Spirochaeta_2","metagenome","Zotu431",0.000436,"other"
"226",226,"Zotu512","Zotu512",NA,16,"other","Bacteria","Proteobacteria","Gammaproteobacteria","Burkholderiales","Rhodocyclaceae","Propionivibrio","uncultured_bacterium","Zotu512",0.000691,"other"
"227",227,"Zotu517","Zotu517",NA,22,"other","Bacteria","Myxococcota","Myxococcia","Myxococcales","Myxococcaceae",NA,NA,"Zotu517",0.000338,"other"
"228",228,"Zotu52","Zotu52",NA,19,"diff","Bacteria","Proteobacteria","Alphaproteobacteria","Rhizobiales","Rhizobiaceae","Ciceribacter","uncultured_bacterium","Zotu52",0.00511,"other"
"229",229,"Zotu473","Zotu473",NA,19,"other","Bacteria","Proteobacteria","Alphaproteobacteria","Rhizobiales","Rhizobiaceae",NA,NA,"Zotu473",0.000563,"other"
"230",230,"Zotu522","Zotu522",NA,8,"other","Bacteria","Bacteroidota","Bacteroidia","Bacteroidales","Bacteroidetes_BD2-2","Bacteroidetes_BD2-2",NA,"Zotu522",0.000464,"8"
"231",231,"Zotu527","Zotu527",NA,0,"other","Bacteria","Proteobacteria","Gammaproteobacteria","Pseudomonadales","Pseudomonadaceae","Pseudomonas",NA,"Zotu527",0.000612,"0"
"232",232,"Zotu533","Zotu533",NA,22,"other","Bacteria","Myxococcota","Myxococcia","Myxococcales","Anaeromyxobacteraceae","Anaeromyxobacter",NA,"Zotu533",0.000357,"other"
"233",233,"Zotu54","Zotu54",NA,8,"other","Bacteria","Bacteroidota","Bacteroidia","Bacteroidales","Bacteroidetes_vadinHA17","Bacteroidetes_vadinHA17",NA,"Zotu54",0.000275,"8"
"234",234,"Zotu53","Zotu53",NA,8,"other","Bacteria","Bacteroidota","Bacteroidia","Bacteroidales","Bacteroidetes_vadinHA17","Bacteroidetes_vadinHA17",NA,"Zotu53",0.000271,"8"
"235",235,"Zotu542","Zotu542",NA,2,"other","Bacteria","Proteobacteria","Gammaproteobacteria","Burkholderiales","Rhodocyclaceae","Sulfuritalea",NA,"Zotu542",0.000767,"2"
"236",236,"Zotu546","Zotu546",NA,22,"other","Bacteria","Firmicutes","Clostridia","Lachnospirales","Lachnospiraceae","Herbinix","uncultured_bacterium","Zotu546",0.000273,"other"
"237",237,"Zotu1198","Zotu1198",NA,22,"other","Bacteria","Firmicutes","Clostridia","Lachnospirales","Lachnospiraceae","Herbinix","uncultured_bacterium","Zotu1198",0.000122,"other"
"238",238,"Zotu547","Zotu547",NA,8,"other","Bacteria","Proteobacteria","Alphaproteobacteria","Reyranellales","Reyranellaceae","Reyranella",NA,"Zotu547",0.000105,"8"
"239",239,"Zotu565","Zotu565",NA,15,"other","Bacteria","Chloroflexi","Chloroflexia","Chloroflexales","Roseiflexaceae","Kouleothrix","uncultured_bacterium","Zotu565",0.000336,"15"
"240",240,"Zotu5776","Zotu5776",NA,16,"other","Bacteria","Proteobacteria","Gammaproteobacteria","Burkholderiales","Comamonadaceae",NA,NA,"Zotu5776",0.000167,"other"
"241",241,"Zotu58","Zotu58",NA,8,"other","Bacteria","Desulfobacterota","Desulfuromonadia","Geobacterales","Geobacteraceae","Geobacter",NA,"Zotu58",0.001078,"8"
"242",242,"Zotu581","Zotu581",NA,16,"diff","Bacteria","Proteobacteria","Gammaproteobacteria","Methylococcales","Methylococcaceae","Methyloterricola","Methyloterricola_oryzae","Zotu581",0.000239,"other"
"243",243,"Zotu582","Zotu582",NA,15,"diff","Bacteria","Proteobacteria","Alphaproteobacteria","Rhizobiales","Xanthobacteraceae","Bradyrhizobium",NA,"Zotu582",0.000168,"15"
"244",244,"Zotu585","Zotu585",NA,12,"diff","Bacteria","Desulfobacterota","Desulfovibrionia","Desulfovibrionales","Desulfovibrionaceae","Desulfovibrio","Desulfovibrio_sp.","Zotu585",0.000356,"12"
"245",245,"Zotu593","Zotu593",NA,4,"other","Bacteria","Proteobacteria","Alphaproteobacteria","Rhizobiales","Xanthobacteraceae","Afipia",NA,"Zotu593",0.000564,"other"
"246",246,"Zotu5941","Zotu5941",NA,8,"other","Bacteria","Desulfobacterota","Desulfuromonadia","Geobacterales","Geobacteraceae","uncultured",NA,"Zotu5941",0.000213,"8"
"247",247,"Zotu5944","Zotu5944",NA,2,"other","Bacteria","Proteobacteria","Gammaproteobacteria","Burkholderiales","Rhodocyclaceae","Sulfuritalea","uncultured_bacterium","Zotu5944",0.000185,"2"
"248",248,"Zotu6","Zotu6",NA,22,"other","Bacteria","Proteobacteria","Gammaproteobacteria","Burkholderiales","Comamonadaceae",NA,NA,"Zotu6",0.027337,"other"
"249",249,"Zotu602","Zotu602",NA,22,"other","Bacteria","Spirochaetota","Spirochaetia","Spirochaetales","Spirochaetaceae","M2PT2-76_termite_group","uncultured_bacterium","Zotu602",0.00038,"other"
"250",250,"Zotu606","Zotu606",NA,22,"other","Bacteria","Proteobacteria","Alphaproteobacteria","Rhizobiales","Rhizobiaceae","Allorhizobium-Neorhizobium-Pararhizobium-Rhizobium","Agrobacterium_larrymoorei","Zotu606",0.000276,"other"
"251",251,"Zotu609","Zotu609",NA,22,"other","Bacteria","Proteobacteria","Alphaproteobacteria","Rhizobiales","Xanthobacteraceae","Bradyrhizobium",NA,"Zotu609",0.000146,"other"
"252",252,"Zotu61","Zotu61",NA,22,"other","Bacteria","Firmicutes","Clostridia","Peptostreptococcales-Tissierellales","Anaerovoracaceae","Anaerovorax","uncultured_Anaerovorax","Zotu61",0.001279,"other"
"253",253,"Zotu615","Zotu615",NA,16,"other","Bacteria","Proteobacteria","Gammaproteobacteria","Burkholderiales","Comamonadaceae",NA,NA,"Zotu615",0.000427,"other"
"254",254,"Zotu619","Zotu619",NA,4,"other","Bacteria","Firmicutes","Bacilli","Paenibacillales","Paenibacillaceae","Paenibacillus",NA,"Zotu619",0.001235,"other"
"255",255,"Zotu620","Zotu620",NA,22,"other","Bacteria","Myxococcota","Myxococcia","Myxococcales","Myxococcaceae","P3OB-42","metagenome","Zotu620",0.000265,"other"
"256",256,"Zotu6206","Zotu6206",NA,8,"other","Bacteria","Proteobacteria","Gammaproteobacteria","Burkholderiales","Hydrogenophilaceae","uncultured","uncultured_bacterium","Zotu6206",0.000358,"8"
"257",257,"Zotu125","Zotu125",NA,8,"other","Bacteria","Proteobacteria","Gammaproteobacteria","Ectothiorhodospirales","Thioalkalispiraceae","Thioalkalispira-Sulfurivermis","uncultured_bacterium","Zotu125",0.000126,"8"
"258",258,"Zotu622","Zotu622",NA,8,"other","Bacteria","Bacteroidota","Bacteroidia","Bacteroidales","Marinilabiliaceae","[Cytophaga]_xylanolytica_group","uncultured_bacterium","Zotu622",0.000276,"8"
"259",259,"Zotu625","Zotu625",NA,8,"other","Bacteria","Proteobacteria","Alphaproteobacteria","Rhizobiales","Xanthobacteraceae","Pseudolabrys",NA,"Zotu625",0.000132,"8"
"260",260,"Zotu631","Zotu631",NA,20,"other","Bacteria","Proteobacteria","Gammaproteobacteria","Methylococcales","Methylomonadaceae","Methylomonas","uncultured_bacterium","Zotu631",0.000175,"20"
"261",261,"Zotu558","Zotu558",NA,20,"other","Bacteria","Proteobacteria","Gammaproteobacteria","Methylococcales","Methylomonadaceae","Methylomonas","uncultured_bacterium","Zotu558",0.000203,"20"
"262",262,"Zotu638","Zotu638",NA,22,"other","Bacteria","Myxococcota","Polyangia","Haliangiales","Haliangiaceae","Haliangium","uncultured_bacterium","Zotu638",0.000395,"other"
"263",263,"Zotu639","Zotu639",NA,21,"other","Bacteria","Proteobacteria","Gammaproteobacteria","Burkholderiales","Rhodocyclaceae",NA,NA,"Zotu639",0.000953,"21"
"264",264,"Zotu6401","Zotu6401",NA,7,"other","Bacteria","Myxococcota","Myxococcia","Myxococcales","Myxococcaceae","uncultured","uncultured_bacterium","Zotu6401",0.000132,"7"
"265",265,"Zotu650","Zotu650",NA,22,"other","Bacteria","Planctomycetota","vadinHA49","vadinHA49","vadinHA49","vadinHA49",NA,"Zotu650",0.000244,"other"
"266",266,"Zotu652","Zotu652",NA,7,"other","Bacteria","Proteobacteria","Gammaproteobacteria","Burkholderiales","Rhodocyclaceae",NA,NA,"Zotu652",0.000445,"7"
"267",267,"Zotu66","Zotu66",NA,8,"other","Bacteria","MBNT15","MBNT15","MBNT15","MBNT15","MBNT15",NA,"Zotu66",0.000254,"8"
"268",268,"Zotu660","Zotu660",NA,8,"other","Bacteria","Acidobacteriota","Holophagae","Subgroup_7","Subgroup_7","Subgroup_7","Acidobacteria_bacterium","Zotu660",0.000147,"8"
"269",269,"Zotu68","Zotu68",NA,8,"other","Bacteria","Bacteroidota","Bacteroidia","Bacteroidales",NA,NA,NA,"Zotu68",0.002942,"8"
"270",270,"Zotu682","Zotu682",NA,17,"diff","Bacteria","Desulfobacterota","Desulfuromonadia","Geobacterales","Geobacteraceae",NA,NA,"Zotu682",0.000162,"other"
"271",271,"Zotu6852","Zotu6852",NA,7,"other","Bacteria","Myxococcota","Myxococcia","Myxococcales",NA,NA,NA,"Zotu6852",0.000676,"7"
"272",272,"Zotu69","Zotu69",NA,22,"other","Bacteria","Proteobacteria","Gammaproteobacteria","Burkholderiales","Methylophilaceae","MM2","uncultured_bacterium","Zotu69",0.00098,"other"
"273",273,"Zotu70","Zotu70",NA,21,"other","Bacteria","Nitrospirota","4-29-1","4-29-1","4-29-1","4-29-1","uncultured_bacterium","Zotu70",0.003239,"21"
"274",274,"Zotu1339","Zotu1339",NA,21,"other","Bacteria","Actinobacteriota","Coriobacteriia","CG2-30-50-142","CG2-30-50-142","CG2-30-50-142","Actinobacteria_bacterium","Zotu1339",0.000182,"21"
"275",275,"Zotu482","Zotu482",NA,21,"other","Bacteria","Desulfobacterota","Desulfobulbia","Desulfobulbales","Desulfobulbaceae","uncultured","uncultured_bacterium","Zotu482",0.000347,"21"
"276",276,"Zotu700","Zotu700",NA,7,"other","Bacteria","Proteobacteria","Gammaproteobacteria","Burkholderiales","Rhodocyclaceae",NA,NA,"Zotu700",0.000573,"7"
"277",277,"Zotu702","Zotu702",NA,21,"other","Bacteria","Desulfobacterota","Desulfobulbia","Desulfobulbales","Desulfobulbaceae","uncultured","uncultured_bacterium","Zotu702",0.000108,"21"
"278",278,"Zotu714","Zotu714",NA,7,"other","Bacteria","Proteobacteria","Gammaproteobacteria","Burkholderiales","Rhodocyclaceae","Sulfuritalea",NA,"Zotu714",0.000573,"7"
"279",279,"Zotu716","Zotu716",NA,16,"other","Bacteria","Proteobacteria","Gammaproteobacteria","Burkholderiales","Comamonadaceae",NA,NA,"Zotu716",0.000442,"other"
"280",280,"Zotu724","Zotu724",NA,22,"diff","Bacteria","Bacteroidota","Bacteroidia","Bacteroidales","SB-5","SB-5","uncultured_soil","Zotu724",0.000361,"other"
"281",281,"Zotu73","Zotu73",NA,7,"other","Bacteria","Myxococcota","Myxococcia","Myxococcales","Myxococcaceae","P3OB-42","uncultured_soil","Zotu73",0.00433,"7"
"282",282,"Zotu739","Zotu739",NA,8,"diff","Bacteria","Proteobacteria","Alphaproteobacteria","Rhizobiales","Beijerinckiaceae","Methylocystis","uncultured_bacterium","Zotu739",0.000174,"8"
"283",283,"Zotu7399","Zotu7399",NA,16,"other","Bacteria","Proteobacteria","Gammaproteobacteria","Burkholderiales","Comamonadaceae","Leptothrix",NA,"Zotu7399",0.000295,"other"
"284",284,"Zotu765","Zotu765",NA,19,"other","Bacteria","Proteobacteria","Alphaproteobacteria","Rhizobiales","Rhizobiaceae","Allorhizobium-Neorhizobium-Pararhizobium-Rhizobium",NA,"Zotu765",0.000526,"other"
"285",285,"Zotu77","Zotu77",NA,17,"diff","Bacteria","Desulfobacterota","Desulfuromonadia","Geobacterales","Geobacteraceae",NA,NA,"Zotu77",0.001806,"other"
"286",286,"Zotu782","Zotu782",NA,22,"other","Bacteria","Desulfobacterota","Desulfobacteria","Desulfobacterales","Desulfosarcinaceae","Sva0081_sediment_group","uncultured_bacterium","Zotu782",0.000216,"other"
"287",287,"Zotu183","Zotu183",NA,22,"diff","Bacteria","Planctomycetota","vadinHA49","vadinHA49","vadinHA49","vadinHA49",NA,"Zotu183",0.001182,"other"
"288",288,"Zotu798","Zotu798",NA,8,"other","Bacteria","Myxococcota","Polyangia","Polyangiales","BIrii41","BIrii41","uncultured_soil","Zotu798",0.000235,"8"
"289",289,"Zotu801","Zotu801",NA,22,"other","Bacteria","Bdellovibrionota","Bdellovibrionia","Bacteriovoracales","Bacteriovoracaceae","Bacteriovorax","uncultured_bacterium","Zotu801",0.00022,"other"
"290",290,"Zotu81","Zotu81",NA,8,"other","Bacteria","Proteobacteria","Gammaproteobacteria","Burkholderiales","SC-I-84","SC-I-84",NA,"Zotu81",0.000179,"8"
"291",291,"Zotu818","Zotu818",NA,22,"other","Bacteria","Bacteroidota","Bacteroidia","Bacteroidales","Paludibacteraceae","uncultured",NA,"Zotu818",0.000253,"other"
"292",292,"Zotu824","Zotu824",NA,22,"other","Bacteria","Spirochaetota","Spirochaetia","Spirochaetales","Spirochaetaceae","uncultured","uncultured_bacterium","Zotu824",0.000264,"other"
"293",293,"Zotu8276","Zotu8276",NA,7,"other","Bacteria","Myxococcota","Myxococcia","Myxococcales","Myxococcaceae","P3OB-42","uncultured_soil","Zotu8276",0.001868,"7"
"294",294,"Zotu4560","Zotu4560",NA,7,"diff","Bacteria","Myxococcota","Myxococcia","Myxococcales","Myxococcaceae","uncultured","uncultured_bacterium","Zotu4560",0.000102,"7"
"295",295,"Zotu84","Zotu84",NA,8,"other","Bacteria","Latescibacterota","Latescibacterota","Latescibacterota","Latescibacterota","Latescibacterota","uncultured_bacterium","Zotu84",0.000172,"8"
"296",296,"Zotu848","Zotu848",NA,0,"other","Bacteria","Proteobacteria","Gammaproteobacteria","Burkholderiales","Oxalobacteraceae","Herbaspirillum",NA,"Zotu848",0.000413,"0"
"297",297,"Zotu851","Zotu851",NA,22,"other","Bacteria","Proteobacteria","Gammaproteobacteria","Burkholderiales","Comamonadaceae",NA,NA,"Zotu851",0.000176,"other"
"298",298,"Zotu8576","Zotu8576",NA,2,"other","Bacteria","Proteobacteria","Gammaproteobacteria","Burkholderiales","Rhodocyclaceae","Sulfuritalea",NA,"Zotu8576",0.000105,"2"
"299",299,"Zotu858","Zotu858",NA,16,"other","Bacteria","Proteobacteria","Gammaproteobacteria","Burkholderiales","Comamonadaceae",NA,NA,"Zotu858",0.000231,"other"
"300",300,"Zotu86","Zotu86",NA,8,"other","Bacteria","Acidobacteriota","Acidobacteriae","Bryobacterales","Bryobacteraceae","Bryobacter","uncultured_bacterium","Zotu86",0.000102,"8"
"301",301,"Zotu869","Zotu869",NA,22,"diff","Bacteria","Spirochaetota","Leptospirae","Leptospirales","Leptospiraceae","Leptonema","marine_metagenome","Zotu869",0.000207,"other"
"302",302,"Zotu87","Zotu87",NA,8,"other","Bacteria","Bacteroidota","Bacteroidia","Sphingobacteriales","Lentimicrobiaceae","Lentimicrobiaceae",NA,"Zotu87",0.000345,"8"
"303",303,"Zotu873","Zotu873",NA,8,"other","Bacteria","Bacteroidota","Bacteroidia","Bacteroidales","SB-5","SB-5","uncultured_soil","Zotu873",0.000274,"8"
"304",304,"Zotu876","Zotu876",NA,21,"diff","Bacteria",NA,NA,NA,NA,NA,NA,"Zotu876",0.000845,"21"
"305",305,"Zotu8781","Zotu8781",NA,16,"other","Bacteria","Proteobacteria","Alphaproteobacteria","Rhodobacterales","Rhodobacteraceae","Tabrizicola",NA,"Zotu8781",0.000214,"other"
"306",306,"Zotu88","Zotu88",NA,8,"other","Bacteria","Bacteroidota","Kryptonia","Kryptoniales","BSV26","BSV26","uncultured_bacterium","Zotu88",0.000176,"8"
"307",307,"Zotu163","Zotu163",NA,8,"other","Bacteria","Verrucomicrobiota","Verrucomicrobiae","Pedosphaerales","Pedosphaeraceae","ADurb.Bin063-1","uncultured_Verrucomicrobia","Zotu163",0.000178,"8"
"308",308,"Zotu884","Zotu884",NA,8,"other","Bacteria","Proteobacteria","Alphaproteobacteria","Rhizobiales","Xanthobacteraceae","uncultured",NA,"Zotu884",0.000102,"8"
"309",309,"Zotu899","Zotu899",NA,22,"other","Bacteria","Bacteroidota","Bacteroidia","Bacteroidales","SB-5","SB-5","uncultured_bacterium","Zotu899",0.000192,"other"
"310",310,"Zotu9","Zotu9",NA,10,"other","Bacteria","Proteobacteria","Alphaproteobacteria","Rhizobiales","Xanthobacteraceae","Afipia",NA,"Zotu9",0.015607,"other"
"311",311,"Zotu902","Zotu902",NA,23,"diff","Bacteria","Desulfobacterota","Desulfuromonadia","Geobacterales","Geobacteraceae","uncultured",NA,"Zotu902",0.000211,"other"
"312",312,"Zotu1417","Zotu1417",NA,23,"diff","Bacteria","Desulfobacterota","Desulfuromonadia","Geobacterales","Geobacteraceae","uncultured",NA,"Zotu1417",0.000121,"other"
"313",313,"Zotu9076","Zotu9076",NA,7,"other","Bacteria","Proteobacteria","Gammaproteobacteria","Burkholderiales","Rhodocyclaceae",NA,NA,"Zotu9076",0.000196,"7"
"314",314,"Zotu92","Zotu92",NA,22,"other","Bacteria","Spirochaetota","Leptospirae","Leptospirales","Leptospiraceae","Turneriella","uncultured_bacterium","Zotu92",0.001802,"other"
"315",315,"Zotu1476","Zotu1476",NA,22,"other","Bacteria","Proteobacteria","Gammaproteobacteria","Burkholderiales","Rhodocyclaceae","Sulfuritalea","uncultured_bacterium","Zotu1476",0.000114,"other"
"316",316,"Zotu9203","Zotu9203",NA,7,"other","Bacteria","Spirochaetota","Spirochaetia","Spirochaetales","Spirochaetaceae",NA,NA,"Zotu9203",0.000363,"7"
"317",317,"Zotu9243","Zotu9243",NA,2,"other","Bacteria","Proteobacteria","Gammaproteobacteria","Burkholderiales","Rhodocyclaceae","Sulfuritalea","uncultured_bacterium","Zotu9243",0.000453,"2"
"318",318,"Zotu93","Zotu93",NA,8,"diff","Bacteria","Nitrospirota","4-29-1","4-29-1","4-29-1","4-29-1",NA,"Zotu93",0.000343,"8"
"319",319,"Zotu938","Zotu938",NA,16,"other","Bacteria","Proteobacteria","Gammaproteobacteria","Burkholderiales","Nitrosomonadaceae","oc32","uncultured_bacterium","Zotu938",0.000283,"other"
"320",320,"Zotu1941","Zotu1941",NA,16,"other","Bacteria","Fibrobacterota","Fibrobacteria","Fibrobacterales","Fibrobacteraceae","uncultured","Juncus_effusus","Zotu1941",0.000143,"other"
"321",321,"Zotu94","Zotu94",NA,22,"other","Bacteria","Myxococcota","Polyangia","Polyangiales","BIrii41","BIrii41",NA,"Zotu94",0.002141,"other"
"322",322,"Zotu9486","Zotu9486",NA,7,"other","Bacteria","Proteobacteria","Gammaproteobacteria","Burkholderiales","Comamonadaceae",NA,NA,"Zotu9486",0.000544,"7"
"323",323,"Zotu968","Zotu968",NA,22,"other","Bacteria","Bacteroidota","Bacteroidia","Bacteroidales","SB-5","SB-5","uncultured_bacterium","Zotu968",0.000192,"other"
"324",324,"Zotu976","Zotu976",NA,24,"other","Bacteria","Proteobacteria","Gammaproteobacteria","Burkholderiales","Chromobacteriaceae","Vogesella","uncultured_bacterium","Zotu976",0.000292,"other"
"325",325,"Zotu1909","Zotu1909",NA,24,"other","Bacteria","Proteobacteria","Gammaproteobacteria","Burkholderiales","Chromobacteriaceae","Vogesella","uncultured_bacterium","Zotu1909",0.000118,"other"
"326",326,"Zotu98","Zotu98",NA,8,"other","Bacteria","Proteobacteria","Gammaproteobacteria","Burkholderiales","Gallionellaceae",NA,NA,"Zotu98",0.001753,"8"
"327",327,"Zotu708","Zotu708",NA,8,"other","Bacteria","Proteobacteria","Gammaproteobacteria","Burkholderiales","Gallionellaceae",NA,NA,"Zotu708",0.000252,"8"
"328",328,"Zotu9875","Zotu9875",NA,7,"other","Bacteria","Proteobacteria","Gammaproteobacteria","Burkholderiales",NA,NA,NA,"Zotu9875",0.002398,"7"
