Id,Label,timeset,label3,kingdom,phylum,class,order,family,genus,species,name,abun,indegree,outdegree,degree
Zotu102,Zotu102,,other,Bacteria,Bacteroidota,Kryptonia,Kryptoniales,BSV26,BSV26,uncultured_bacterium,Zotu102,0.000242,61,2,63
Zotu1,Zotu1,,other,Bacteria,Proteobacteria,Gammaproteobacteria,Burkholderiales,Rhodocyclaceae,uncultured,uncultured_Georgfuchsia,Zotu1,0.059352,25,0,25
Zotu100,Zotu100,,other,Bacteria,Bacteroidota,Bacteroidia,Bacteroidales,NA,NA,NA,Zotu100,0.002491,42,0,42
Zotu1025,Zotu1025,,other,Bacteria,Proteobacteria,Alphaproteobacteria,Sphingomonadales,Sphingomonadaceae,Sphingomonas,Sphingomonas_roseiflava,Zotu1025,0.000641,18,1,19
Zotu1011,Zotu1011,,other,Bacteria,Proteobacteria,Gammaproteobacteria,Burkholderiales,Oxalobacteraceae,Herbaspirillum,NA,Zotu1011,0.000581,8,0,8
Zotu103,Zotu103,,other,Bacteria,Proteobacteria,Gammaproteobacteria,Burkholderiales,Rhodocyclaceae,Sulfuritalea,uncultured_bacterium,Zotu103,0.006169,4,1,5
Zotu101,Zotu101,,other,Bacteria,Proteobacteria,Gammaproteobacteria,Burkholderiales,Rhodocyclaceae,Sulfuritalea,uncultured_bacterium,Zotu101,0.004581,2,0,2
Zotu1033,Zotu1033,,other,Bacteria,Deinococcota,Deinococci,Thermales,Thermaceae,Meiothermus,uncultured_bacterium,Zotu1033,0.000297,51,1,52
Zotu1026,Zotu1026,,other,Bacteria,Proteobacteria,Gammaproteobacteria,Burkholderiales,Comamonadaceae,NA,NA,Zotu1026,0.000578,33,0,33
Zotu1041,Zotu1041,,other,Bacteria,Fibrobacterota,Fibrobacteria,Fibrobacterales,Fibrobacterales,BBMC-4,uncultured_Leptospira,Zotu1041,0.000515,4,1,5
Zotu1016,Zotu1016,,other,Bacteria,Proteobacteria,Gammaproteobacteria,Burkholderiales,Comamonadaceae,NA,NA,Zotu1016,0.001026,7,0,7
Zotu10430,Zotu10430,,other,Bacteria,Proteobacteria,Gammaproteobacteria,Burkholderiales,Rhodocyclaceae,uncultured,NA,Zotu10430,0.00029,14,1,15
Zotu10300,Zotu10300,,other,Bacteria,Proteobacteria,Gammaproteobacteria,Burkholderiales,NA,NA,NA,Zotu10300,0.000349,10,0,10
Zotu1052,Zotu1052,,other,Bacteria,Proteobacteria,Alphaproteobacteria,Rhizobiales,Rhizobiales_Incertae_Sedis,Phreatobacter,uncultured_bacterium,Zotu1052,0.000676,27,1,28
Zotu1063,Zotu1063,,other,Bacteria,Bacteroidota,Bacteroidia,Chitinophagales,Saprospiraceae,uncultured,uncultured_bacterium,Zotu1063,0.000434,59,4,63
Zotu1064,Zotu1064,,other,Bacteria,Bacteroidota,Bacteroidia,Bacteroidales,SB-5,SB-5,uncultured_soil,Zotu1064,0.00019,64,3,67
Zotu1035,Zotu1035,,other,Bacteria,Bacteroidota,Bacteroidia,Bacteroidales,Paludibacteraceae,uncultured,uncultured_soil,Zotu1035,0.000349,8,0,8
Zotu1036,Zotu1036,,other,Bacteria,Spirochaetota,Leptospirae,Leptospirales,Leptospiraceae,Turneriella,uncultured_bacterium,Zotu1036,0.000166,59,0,59
Zotu109,Zotu109,,other,Bacteria,Proteobacteria,Gammaproteobacteria,Steroidobacterales,Steroidobacteraceae,uncultured,NA,Zotu109,0.000273,3,1,4
Zotu107,Zotu107,,other,Bacteria,Proteobacteria,Gammaproteobacteria,Burkholderiales,Comamonadaceae,NA,NA,Zotu107,0.000326,2,0,2
Zotu1092,Zotu1092,,other,Bacteria,FCPU426,FCPU426,FCPU426,FCPU426,FCPU426,metagenome,Zotu1092,0.000278,41,2,43
Zotu1097,Zotu1097,,other,Bacteria,Bacteroidota,Kryptonia,Kryptoniales,BSV26,BSV26,denitrifying_bacterium,Zotu1097,0.000134,7,1,8
Zotu113,Zotu113,,other,Bacteria,Proteobacteria,Gammaproteobacteria,Burkholderiales,SC-I-84,SC-I-84,NA,Zotu113,0.000202,23,1,24
Zotu1134,Zotu1134,,other,Bacteria,Myxococcota,Polyangia,Haliangiales,Haliangiaceae,Haliangium,uncultured_bacterium,Zotu1134,0.000201,43,3,46
Zotu1136,Zotu1136,,other,Bacteria,Bacteroidota,Bacteroidia,Bacteroidales,Prolixibacteraceae,Roseimarinus,uncultured_bacterium,Zotu1136,0.000151,11,3,14
Zotu1057,Zotu1057,,other,Bacteria,Desulfobacterota,Desulfovibrionia,Desulfovibrionales,Desulfovibrionaceae,Desulfovibrio,Desulfovibrio_idahonensis,Zotu1057,0.000165,2,0,2
Zotu114,Zotu114,,other,Bacteria,Gemmatimonadota,Gemmatimonadetes,Gemmatimonadales,Gemmatimonadaceae,uncultured,NA,Zotu114,0.000129,53,2,55
Zotu1147,Zotu1147,,other,Bacteria,Bacteroidota,Bacteroidia,Bacteroidales,SB-5,SB-5,uncultured_soil,Zotu1147,0.000253,28,2,30
Zotu115,Zotu115,,other,Bacteria,Myxococcota,Myxococcia,Myxococcales,Anaeromyxobacteraceae,Anaeromyxobacter,NA,Zotu115,0.001867,16,2,18
Zotu1151,Zotu1151,,other,Bacteria,Proteobacteria,Gammaproteobacteria,Methylococcales,Methylomonadaceae,Methylomonas,Methylomonas_sp.,Zotu1151,0.000126,97,9,106
Zotu1155,Zotu1155,,other,Bacteria,Proteobacteria,Alphaproteobacteria,Sphingomonadales,Sphingomonadaceae,Sphingomonas,Sphingomonas_roseiflava,Zotu1155,0.00057,14,4,18
Zotu11729,Zotu11729,,other,Bacteria,Proteobacteria,Gammaproteobacteria,Burkholderiales,NA,NA,NA,Zotu11729,0.001651,26,4,30
Zotu11141,Zotu11141,,other,Bacteria,Proteobacteria,Gammaproteobacteria,Burkholderiales,Rhodocyclaceae,NA,NA,Zotu11141,0.000117,10,0,10
Zotu1142,Zotu1142,,other,Bacteria,Proteobacteria,Gammaproteobacteria,Burkholderiales,Rhodocyclaceae,NA,NA,Zotu1142,0.000116,15,0,15
Zotu11736,Zotu11736,,other,Bacteria,Proteobacteria,Gammaproteobacteria,Burkholderiales,Rhodocyclaceae,Zoogloea,uncultured_bacterium,Zotu11736,0.000187,12,2,14
Zotu118,Zotu118,,other,Bacteria,Proteobacteria,Gammaproteobacteria,Methylococcales,Methylomonadaceae,Methylomicrobium,uncultured_bacterium,Zotu118,0.000272,12,2,14
Zotu1182,Zotu1182,,other,Bacteria,Actinobacteriota,Coriobacteriia,OPB41,OPB41,OPB41,NA,Zotu1182,0.000109,4,1,5
Zotu1188,Zotu1188,,other,Bacteria,Proteobacteria,Gammaproteobacteria,Xanthomonadales,Xanthomonadaceae,uncultured,NA,Zotu1188,0.000143,4,1,5
Zotu1198,Zotu1198,,other,Bacteria,Firmicutes,Clostridia,Lachnospirales,Lachnospiraceae,Herbinix,uncultured_bacterium,Zotu1198,0.000234,34,8,42
Zotu11993,Zotu11993,,other,Bacteria,Proteobacteria,Gammaproteobacteria,Burkholderiales,Gallionellaceae,NA,NA,Zotu11993,0.000241,11,5,16
Zotu1207,Zotu1207,,other,Bacteria,Proteobacteria,Gammaproteobacteria,Burkholderiales,Comamonadaceae,NA,NA,Zotu1207,0.000429,40,4,44
Zotu1208,Zotu1208,,other,Bacteria,Proteobacteria,Gammaproteobacteria,Burkholderiales,Comamonadaceae,Rhizobacter,NA,Zotu1208,0.000105,38,5,43
Zotu121,Zotu121,,other,Bacteria,Proteobacteria,Gammaproteobacteria,Burkholderiales,Rhodocyclaceae,Dechloromonas,NA,Zotu121,0.001143,0,1,1
Zotu12105,Zotu12105,,other,Bacteria,Proteobacteria,Gammaproteobacteria,Burkholderiales,NA,NA,NA,Zotu12105,0.000232,8,3,11
Zotu10065,Zotu10065,,other,Bacteria,Proteobacteria,Gammaproteobacteria,Burkholderiales,Rhodocyclaceae,NA,NA,Zotu10065,0.000992,13,0,13
Zotu1227,Zotu1227,,other,Bacteria,Actinobacteriota,Actinobacteria,Micromonosporales,Micromonosporaceae,NA,NA,Zotu1227,0.000173,14,1,15
Zotu123,Zotu123,,other,Bacteria,Proteobacteria,Gammaproteobacteria,Burkholderiales,Comamonadaceae,NA,NA,Zotu123,0.002766,38,6,44
Zotu12,Zotu12,,other,Bacteria,Proteobacteria,Gammaproteobacteria,Burkholderiales,Gallionellaceae,Sideroxydans,NA,Zotu12,0.024936,8,0,8
Zotu12411,Zotu12411,,other,Bacteria,Proteobacteria,Gammaproteobacteria,Burkholderiales,Rhodocyclaceae,NA,NA,Zotu12411,0.000107,5,1,6
Zotu125,Zotu125,,other,Bacteria,Proteobacteria,Gammaproteobacteria,Ectothiorhodospirales,Thioalkalispiraceae,Thioalkalispira-Sulfurivermis,uncultured_bacterium,Zotu125,0.000167,20,1,21
Zotu1251,Zotu1251,,other,Bacteria,Actinobacteriota,Actinobacteria,Micrococcales,Intrasporangiaceae,NA,NA,Zotu1251,0.000106,36,4,40
Zotu1260,Zotu1260,,other,Bacteria,Myxococcota,Polyangia,Polyangiales,BIrii41,BIrii41,uncultured_soil,Zotu1260,0.000237,3,2,5
Zotu1030,Zotu1030,,other,Bacteria,Myxococcota,Polyangia,Polyangiales,BIrii41,BIrii41,NA,Zotu1030,0.000336,1,0,1
Zotu1276,Zotu1276,,other,Bacteria,Proteobacteria,Alphaproteobacteria,Sphingomonadales,Sphingomonadaceae,Sphingobium,NA,Zotu1276,0.000182,17,4,21
Zotu12783,Zotu12783,,other,Bacteria,Proteobacteria,Gammaproteobacteria,Burkholderiales,Rhodocyclaceae,Sulfuritalea,NA,Zotu12783,0.000287,21,7,28
Zotu12798,Zotu12798,,other,Bacteria,Proteobacteria,Gammaproteobacteria,Burkholderiales,Rhodocyclaceae,uncultured,uncultured_bacterium,Zotu12798,0.000104,5,3,8
Zotu128,Zotu128,,other,Bacteria,Proteobacteria,Gammaproteobacteria,Burkholderiales,Comamonadaceae,NA,NA,Zotu128,0.001496,11,2,13
Zotu1296,Zotu1296,,other,Bacteria,Myxococcota,Polyangia,Polyangiales,Polyangiaceae,Minicystis,uncultured_bacterium,Zotu1296,0.000131,16,2,18
Zotu1299,Zotu1299,,other,Bacteria,Spirochaetota,Spirochaetia,Spirochaetales,Spirochaetaceae,uncultured,metagenome,Zotu1299,0.000108,0,1,1
Zotu127,Zotu127,,other,Bacteria,Proteobacteria,Gammaproteobacteria,Burkholderiales,Rhodocyclaceae,NA,NA,Zotu127,0.001613,2,0,2
Zotu13,Zotu13,,other,Bacteria,Spirochaetota,Leptospirae,Leptospirales,Leptospiraceae,Leptonema,NA,Zotu13,0.018989,1,1,2
Zotu1312,Zotu1312,,other,Bacteria,Proteobacteria,Alphaproteobacteria,Rhodobacterales,Rhodobacteraceae,Rhodobacter,NA,Zotu1312,0.000194,44,8,52
Zotu1313,Zotu1313,,other,Bacteria,Acidobacteriota,Holophagae,Subgroup_7,Subgroup_7,Subgroup_7,uncultured_Acidobacteriales,Zotu1313,0.000116,29,4,33
Zotu132,Zotu132,,other,Bacteria,Bacteroidota,SJA-28,SJA-28,SJA-28,SJA-28,uncultured_bacterium,Zotu132,0.000284,43,2,45
Zotu13236,Zotu13236,,other,Bacteria,Proteobacteria,Gammaproteobacteria,Burkholderiales,Rhodocyclaceae,Sulfuritalea,NA,Zotu13236,0.000608,20,7,27
Zotu133,Zotu133,,other,Bacteria,Bacteroidota,Bacteroidia,Sphingobacteriales,Lentimicrobiaceae,Lentimicrobiaceae,uncultured_bacterium,Zotu133,0.000284,2,1,3
Zotu1331,Zotu1331,,other,Bacteria,Proteobacteria,Gammaproteobacteria,Methylococcales,Methylococcaceae,Methylocaldum,uncultured_bacterium,Zotu1331,0.000409,70,13,83
Zotu135,Zotu135,,other,Bacteria,Proteobacteria,Gammaproteobacteria,Burkholderiales,Nitrosomonadaceae,Ellin6067,uncultured_soil,Zotu135,0.000593,57,10,67
Zotu1358,Zotu1358,,other,Bacteria,Proteobacteria,Gammaproteobacteria,Burkholderiales,Oxalobacteraceae,Herbaspirillum,NA,Zotu1358,0.000448,7,3,10
Zotu13667,Zotu13667,,other,Bacteria,Proteobacteria,Gammaproteobacteria,Burkholderiales,Rhodocyclaceae,Sulfuritalea,NA,Zotu13667,0.000105,10,4,14
Zotu13670,Zotu13670,,other,Bacteria,Myxococcota,Polyangia,Polyangiales,BIrii41,BIrii41,uncultured_soil,Zotu13670,0.000163,2,2,4
Zotu13684,Zotu13684,,other,Bacteria,Proteobacteria,Gammaproteobacteria,Burkholderiales,Rhodocyclaceae,uncultured,NA,Zotu13684,0.00013,0,1,1
Zotu137,Zotu137,,other,Bacteria,Bacteroidota,Bacteroidia,Bacteroidales,Bacteroidetes_vadinHA17,Bacteroidetes_vadinHA17,NA,Zotu137,0.00015,0,1,1
Zotu1018,Zotu1018,,other,Bacteria,Proteobacteria,Alphaproteobacteria,Rhizobiales,Beijerinckiaceae,Methylocystis,uncultured_bacterium,Zotu1018,0.000121,6,0,6
Zotu1382,Zotu1382,,other,Bacteria,Fibrobacterota,Fibrobacteria,Fibrobacterales,Fibrobacteraceae,possible_genus_04,uncultured_bacterium,Zotu1382,0.000216,35,8,43
Zotu1386,Zotu1386,,other,Bacteria,Myxococcota,Myxococcia,Myxococcales,Myxococcaceae,P3OB-42,uncultured_soil,Zotu1386,0.000229,6,5,11
Zotu1389,Zotu1389,,other,Bacteria,Proteobacteria,Gammaproteobacteria,Methylococcales,Methylomonadaceae,Methylomonas,Methylomonas_sp.,Zotu1389,0.000136,43,11,54
Zotu14,Zotu14,,other,Bacteria,MBNT15,MBNT15,MBNT15,MBNT15,MBNT15,uncultured_prokaryote,Zotu14,0.00175,74,11,85
Zotu140,Zotu140,,other,Bacteria,Myxococcota,Myxococcia,Myxococcales,Anaeromyxobacteraceae,Anaeromyxobacter,NA,Zotu140,0.002096,25,5,30
Zotu10,Zotu10,,other,Bacteria,Firmicutes,Bacilli,Paenibacillales,Paenibacillaceae,Paenibacillus,uncultured_bacterium,Zotu10,0.002005,9,0,9
Zotu1359,Zotu1359,,other,Bacteria,Myxococcota,Myxococcia,Myxococcales,Anaeromyxobacteraceae,Anaeromyxobacter,NA,Zotu1359,0.000146,5,0,5
Zotu1400,Zotu1400,,other,Bacteria,Verrucomicrobiota,Verrucomicrobiae,Pedosphaerales,Pedosphaeraceae,ADurb.Bin063-1,uncultured_bacterium,Zotu1400,0.0003,8,1,9
Zotu14053,Zotu14053,,other,Bacteria,Myxococcota,Myxococcia,Myxococcales,Anaeromyxobacteraceae,Anaeromyxobacter,NA,Zotu14053,0.00041,28,8,36
Zotu14058,Zotu14058,,other,Bacteria,Myxococcota,Myxococcia,Myxococcales,Anaeromyxobacteraceae,Anaeromyxobacter,NA,Zotu14058,0.000266,2,2,4
Zotu141,Zotu141,,other,Bacteria,Bacteroidota,SJA-28,SJA-28,SJA-28,SJA-28,uncultured_bacterium,Zotu141,0.000168,33,8,41
Zotu14156,Zotu14156,,other,Bacteria,Myxococcota,Myxococcia,Myxococcales,Anaeromyxobacteraceae,Anaeromyxobacter,myxobacterium_KC,Zotu14156,0.000246,7,2,9
Zotu1416,Zotu1416,,other,Bacteria,Myxococcota,Polyangia,Polyangiales,BIrii41,BIrii41,uncultured_soil,Zotu1416,0.00015,14,2,16
Zotu14179,Zotu14179,,other,Bacteria,Proteobacteria,Gammaproteobacteria,Burkholderiales,NA,NA,NA,Zotu14179,0.000264,9,6,15
Zotu14275,Zotu14275,,other,Bacteria,Proteobacteria,Gammaproteobacteria,Burkholderiales,Rhodocyclaceae,NA,NA,Zotu14275,0.001356,5,3,8
Zotu1451,Zotu1451,,other,Bacteria,Proteobacteria,Gammaproteobacteria,Burkholderiales,Rhodocyclaceae,NA,NA,Zotu1451,0.000162,5,4,9
Zotu1465,Zotu1465,,other,Bacteria,Proteobacteria,Gammaproteobacteria,Methylococcales,Methylococcaceae,Methylocaldum,uncultured_bacterium,Zotu1465,0.000373,54,11,65
Zotu14682,Zotu14682,,other,Bacteria,Proteobacteria,Gammaproteobacteria,Burkholderiales,Rhodocyclaceae,NA,NA,Zotu14682,0.00233,14,10,24
Zotu1476,Zotu1476,,other,Bacteria,Proteobacteria,Gammaproteobacteria,Burkholderiales,Rhodocyclaceae,Sulfuritalea,uncultured_bacterium,Zotu1476,0.000109,18,7,25
Zotu1482,Zotu1482,,other,Bacteria,Myxococcota,Polyangia,Haliangiales,Haliangiaceae,Haliangium,uncultured_bacterium,Zotu1482,0.000131,21,8,29
Zotu15,Zotu15,,other,Bacteria,Bacteroidota,Bacteroidia,Bacteroidales,SB-5,SB-5,uncultured_bacterium,Zotu15,0.023324,9,1,10
Zotu150,Zotu150,,other,Bacteria,Bacteroidota,Bacteroidia,Bacteroidales,Bacteroidetes_vadinHA17,Bacteroidetes_vadinHA17,uncultured_bacterium,Zotu150,0.000171,11,4,15
Zotu1512,Zotu1512,,other,Bacteria,Proteobacteria,Gammaproteobacteria,Burkholderiales,NA,NA,NA,Zotu1512,0.001018,2,4,6
Zotu152,Zotu152,,other,Bacteria,Myxococcota,Myxococcia,Myxococcales,Vulgatibacteraceae,Vulgatibacter,NA,Zotu152,0.003242,7,2,9
Zotu1323,Zotu1323,,other,Bacteria,Myxococcota,Myxococcia,Myxococcales,Anaeromyxobacteraceae,Anaeromyxobacter,NA,Zotu1323,0.000743,11,0,11
Zotu13752,Zotu13752,,other,Bacteria,Proteobacteria,Gammaproteobacteria,Burkholderiales,Rhodocyclaceae,NA,NA,Zotu13752,0.000199,5,0,5
Zotu1533,Zotu1533,,other,Bacteria,Fibrobacterota,Fibrobacteria,Fibrobacterales,Fibrobacteraceae,possible_genus_04,uncultured_bacterium,Zotu1533,0.000236,42,16,58
Zotu15394,Zotu15394,,other,Bacteria,Myxococcota,Myxococcia,Myxococcales,Anaeromyxobacteraceae,Anaeromyxobacter,uncultured_bacterium,Zotu15394,0.000656,16,4,20
Zotu1362,Zotu1362,,other,Bacteria,Spirochaetota,Spirochaetia,Spirochaetales,Spirochaetaceae,uncultured,uncultured_bacterium,Zotu1362,0.000233,3,0,3
Zotu15453,Zotu15453,,other,Bacteria,Proteobacteria,Gammaproteobacteria,Burkholderiales,Rhodocyclaceae,NA,NA,Zotu15453,0.000218,6,1,7
Zotu1549,Zotu1549,,other,Bacteria,Actinobacteriota,Actinobacteria,Streptosporangiales,Thermomonosporaceae,Actinomadura,NA,Zotu1549,0.001407,8,7,15
Zotu1550,Zotu1550,,other,Bacteria,Myxococcota,Polyangia,Polyangiales,Polyangiaceae,NA,NA,Zotu1550,0.000202,27,5,32
Zotu157,Zotu157,,other,Bacteria,Actinobacteriota,Actinobacteria,Kineosporiales,Kineosporiaceae,Kineosporia,uncultured_bacterium,Zotu157,0.003616,32,12,44
Zotu1578,Zotu1578,,other,Bacteria,Desulfobacterota,Desulfuromonadia,Geobacterales,Geobacteraceae,uncultured,NA,Zotu1578,0.0002,11,4,15
Zotu15992,Zotu15992,,other,Bacteria,Myxococcota,Myxococcia,Myxococcales,Anaeromyxobacteraceae,Anaeromyxobacter,myxobacterium_KC,Zotu15992,0.000487,4,3,7
Zotu16,Zotu16,,other,Bacteria,Fibrobacterota,Fibrobacteria,Fibrobacterales,Fibrobacterales,BBMC-4,uncultured_microorganism,Zotu16,0.016648,32,14,46
Zotu158,Zotu158,,other,Bacteria,Bacteroidota,Bacteroidia,Bacteroidales,SB-5,SB-5,metagenome,Zotu158,0.001118,7,0,7
Zotu16045,Zotu16045,,other,Bacteria,Proteobacteria,Gammaproteobacteria,Burkholderiales,Rhodocyclaceae,uncultured,NA,Zotu16045,0.000341,8,14,22
Zotu161,Zotu161,,other,Bacteria,Proteobacteria,Alphaproteobacteria,uncultured,uncultured,uncultured,NA,Zotu161,0.000148,30,8,38
Zotu16105,Zotu16105,,other,Bacteria,Nitrospirota,4-29-1,4-29-1,4-29-1,4-29-1,uncultured_Nitrospira,Zotu16105,0.000206,1,2,3
Zotu16172,Zotu16172,,other,Bacteria,Myxococcota,Myxococcia,Myxococcales,Myxococcaceae,uncultured,uncultured_bacterium,Zotu16172,0.001754,22,7,29
Zotu162,Zotu162,,other,Bacteria,Myxococcota,Myxococcia,Myxococcales,Anaeromyxobacteraceae,Anaeromyxobacter,NA,Zotu162,0.000333,30,7,37
Zotu16255,Zotu16255,,other,Bacteria,Myxococcota,Polyangia,Haliangiales,Haliangiaceae,Haliangium,NA,Zotu16255,0.000108,1,3,4
Zotu16155,Zotu16155,,other,Bacteria,Myxococcota,Myxococcia,Myxococcales,Myxococcaceae,P3OB-42,uncultured_soil,Zotu16155,0.000107,2,0,2
Zotu1642,Zotu1642,,other,Bacteria,Myxococcota,Polyangia,Polyangiales,BIrii41,BIrii41,NA,Zotu1642,0.000204,11,9,20
Zotu16462,Zotu16462,,other,Bacteria,Proteobacteria,Gammaproteobacteria,Burkholderiales,Rhodocyclaceae,NA,NA,Zotu16462,0.000126,6,6,12
Zotu165,Zotu165,,other,Bacteria,Proteobacteria,Gammaproteobacteria,Burkholderiales,Comamonadaceae,NA,NA,Zotu165,0.004848,17,9,26
Zotu1650,Zotu1650,,other,Bacteria,Myxococcota,Myxococcia,Myxococcales,Myxococcaceae,NA,NA,Zotu1650,0.000135,4,3,7
Zotu166,Zotu166,,other,Bacteria,Proteobacteria,Gammaproteobacteria,Burkholderiales,Sutterellaceae,uncultured,NA,Zotu166,0.00018,15,7,22
Zotu16601,Zotu16601,,other,Bacteria,Myxococcota,Myxococcia,Myxococcales,Myxococcaceae,P3OB-42,NA,Zotu16601,0.000572,43,19,62
Zotu16602,Zotu16602,,other,Bacteria,Myxococcota,Myxococcia,Myxococcales,Myxococcaceae,P3OB-42,uncultured_soil,Zotu16602,0.000128,0,1,1
Zotu16621,Zotu16621,,other,Bacteria,Proteobacteria,Gammaproteobacteria,Burkholderiales,Comamonadaceae,uncultured,uncultured_bacterium,Zotu16621,0.000845,5,9,14
Zotu1666,Zotu1666,,other,Bacteria,Proteobacteria,Gammaproteobacteria,Burkholderiales,Alcaligenaceae,Parvibium,uncultured_proteobacterium,Zotu1666,0.000373,22,8,30
Zotu167,Zotu167,,other,Bacteria,Nitrospirota,Thermodesulfovibrionia,uncultured,uncultured,uncultured,uncultured_bacterium,Zotu167,0.000272,1,1,2
Zotu16859,Zotu16859,,other,Bacteria,Proteobacteria,Gammaproteobacteria,Burkholderiales,Gallionellaceae,Sideroxydans,NA,Zotu16859,0.000139,0,2,2
Zotu169,Zotu169,,other,Bacteria,Spirochaetota,Spirochaetia,Spirochaetales,Spirochaetaceae,uncultured,uncultured_bacterium,Zotu169,0.001537,6,2,8
Zotu1690,Zotu1690,,other,Bacteria,Chloroflexi,Chloroflexia,Chloroflexales,Chloroflexaceae,Chloronema,uncultured_bacterium,Zotu1690,0.000103,7,3,10
Zotu17,Zotu17,,other,Bacteria,Proteobacteria,Gammaproteobacteria,Burkholderiales,Comamonadaceae,Ideonella,NA,Zotu17,0.012559,4,5,9
Zotu170,Zotu170,,other,Bacteria,Proteobacteria,Gammaproteobacteria,Burkholderiales,Gallionellaceae,NA,NA,Zotu170,0.002234,1,1,2
Zotu1702,Zotu1702,,other,Bacteria,Firmicutes,Clostridia,Lachnospirales,Lachnospiraceae,Herbinix,uncultured_bacterium,Zotu1702,0.000137,55,12,67
Zotu174,Zotu174,,other,Bacteria,Proteobacteria,Gammaproteobacteria,Burkholderiales,Comamonadaceae,NA,NA,Zotu174,0.003561,20,7,27
Zotu1742,Zotu1742,,other,Bacteria,Proteobacteria,Gammaproteobacteria,Xanthomonadales,Xanthomonadaceae,Silanimonas,uncultured_bacterium,Zotu1742,0.000141,17,11,28
Zotu1553,Zotu1553,,other,Bacteria,Chloroflexi,Chloroflexia,Chloroflexales,Roseiflexaceae,Kouleothrix,uncultured_bacterium,Zotu1553,0.000118,5,0,5
Zotu175,Zotu175,,other,Bacteria,Nitrospirota,4-29-1,4-29-1,4-29-1,4-29-1,NA,Zotu175,0.000335,3,3,6
Zotu1756,Zotu1756,,other,Bacteria,Myxococcota,Myxococcia,Myxococcales,Myxococcaceae,uncultured,uncultured_bacterium,Zotu1756,0.000152,1,2,3
Zotu17720,Zotu17720,,other,Bacteria,Proteobacteria,Gammaproteobacteria,Burkholderiales,Leeiaceae,Leeia,NA,Zotu17720,0.001894,29,13,42
Zotu1776,Zotu1776,,other,Bacteria,Proteobacteria,Gammaproteobacteria,Burkholderiales,Rhodocyclaceae,Uliginosibacterium,NA,Zotu1776,0.000112,1,1,2
Zotu178,Zotu178,,other,Bacteria,Nitrospirota,4-29-1,4-29-1,4-29-1,4-29-1,uncultured_proteobacterium,Zotu178,0.000202,38,15,53
Zotu1783,Zotu1783,,other,Bacteria,Proteobacteria,Gammaproteobacteria,Gammaproteobacteria_Incertae_Sedis,Unknown_Family,Acidibacter,NA,Zotu1783,0.00025,25,10,35
Zotu179,Zotu179,,other,Bacteria,Myxococcota,Myxococcia,Myxococcales,Myxococcaceae,P3OB-42,uncultured_soil,Zotu179,0.000839,6,7,13
Zotu1791,Zotu1791,,other,Bacteria,Proteobacteria,Gammaproteobacteria,Burkholderiales,Gallionellaceae,NA,NA,Zotu1791,0.000423,6,8,14
Zotu182,Zotu182,,other,Bacteria,Desulfobacterota,Desulfuromonadia,Geobacterales,Geobacteraceae,uncultured,NA,Zotu182,0.000524,3,1,4
Zotu129,Zotu129,,other,Bacteria,Desulfobacterota,Desulfuromonadia,Geobacterales,Geobacteraceae,NA,NA,Zotu129,0.001229,4,0,4
Zotu183,Zotu183,,other,Bacteria,Planctomycetota,vadinHA49,vadinHA49,vadinHA49,vadinHA49,NA,Zotu183,0.001519,19,7,26
Zotu1870,Zotu1870,,other,Bacteria,Proteobacteria,Gammaproteobacteria,Burkholderiales,Rhodocyclaceae,Propionivibrio,uncultured_bacterium,Zotu1870,0.000278,8,5,13
Zotu19,Zotu19,,other,Bacteria,Proteobacteria,Gammaproteobacteria,Burkholderiales,Rhodocyclaceae,NA,NA,Zotu19,0.010005,0,1,1
Zotu1909,Zotu1909,,other,Bacteria,Proteobacteria,Gammaproteobacteria,Burkholderiales,Chromobacteriaceae,Vogesella,uncultured_bacterium,Zotu1909,0.000175,10,9,19
Zotu191,Zotu191,,other,Bacteria,Actinobacteriota,Actinobacteria,Kineosporiales,Kineosporiaceae,NA,NA,Zotu191,0.000607,5,5,10
Zotu1929,Zotu1929,,other,Bacteria,Proteobacteria,Gammaproteobacteria,Burkholderiales,Comamonadaceae,NA,NA,Zotu1929,0.000273,16,11,27
Zotu193,Zotu193,,other,Bacteria,Bacteroidota,Bacteroidia,Bacteroidales,Prolixibacteraceae,Roseimarinus,NA,Zotu193,0.001249,27,9,36
Zotu1941,Zotu1941,,other,Bacteria,Fibrobacterota,Fibrobacteria,Fibrobacterales,Fibrobacteraceae,uncultured,Juncus_effusus,Zotu1941,0.000257,27,12,39
Zotu195,Zotu195,,other,Bacteria,Myxococcota,Polyangia,Polyangiales,Polyangiaceae,uncultured,metagenome,Zotu195,0.000893,31,23,54
Zotu1957,Zotu1957,,other,Bacteria,Desulfobacterota,Desulfuromonadia,Geobacterales,Geobacteraceae,uncultured,NA,Zotu1957,0.0003,6,6,12
Zotu1944,Zotu1944,,other,Bacteria,Bacteroidota,Bacteroidia,Bacteroidales,SB-5,SB-5,uncultured_soil,Zotu1944,0.000128,3,0,3
Zotu197,Zotu197,,other,Bacteria,Spirochaetota,Spirochaetia,Spirochaetales,Spirochaetaceae,Spirochaeta_2,NA,Zotu197,0.000713,0,1,1
Zotu200,Zotu200,,other,Bacteria,Proteobacteria,Gammaproteobacteria,Burkholderiales,Comamonadaceae,NA,NA,Zotu200,0.001802,20,12,32
Zotu2004,Zotu2004,,other,Bacteria,Proteobacteria,Gammaproteobacteria,Burkholderiales,Comamonadaceae,NA,NA,Zotu2004,0.000138,18,12,30
Zotu203,Zotu203,,other,Bacteria,Proteobacteria,Gammaproteobacteria,Burkholderiales,Nitrosomonadaceae,Ellin6067,uncultured_soil,Zotu203,0.000149,35,10,45
Zotu2040,Zotu2040,,other,Bacteria,Proteobacteria,Alphaproteobacteria,Rhodobacterales,Rhodobacteraceae,Rhodobacter,NA,Zotu2040,0.000524,24,21,45
Zotu205,Zotu205,,other,Bacteria,Nitrospirota,Nitrospiria,Nitrospirales,Nitrospiraceae,Nitrospira,NA,Zotu205,0.000139,28,14,42
Zotu206,Zotu206,,other,Bacteria,Chloroflexi,NA,NA,NA,NA,NA,Zotu206,0.000177,11,4,15
Zotu2064,Zotu2064,,other,Bacteria,Bacteroidota,Bacteroidia,Bacteroidales,SB-5,SB-5,uncultured_soil,Zotu2064,0.000136,1,1,2
Zotu208,Zotu208,,other,Bacteria,Bacteroidota,Bacteroidia,Bacteroidales,Prolixibacteraceae,WCHB1-32,NA,Zotu208,0.001147,14,7,21
Zotu209,Zotu209,,other,Bacteria,Proteobacteria,Gammaproteobacteria,Burkholderiales,Rhodocyclaceae,Sulfuritalea,uncultured_bacterium,Zotu209,0.001652,0,3,3
Zotu21,Zotu21,,other,Bacteria,Proteobacteria,Gammaproteobacteria,Burkholderiales,Gallionellaceae,Sideroxydans,NA,Zotu21,0.005838,2,1,3
Zotu181,Zotu181,,other,Bacteria,Myxococcota,Myxococcia,Myxococcales,Myxococcaceae,P3OB-42,NA,Zotu181,0.000894,3,0,3
Zotu210,Zotu210,,other,Bacteria,Proteobacteria,Gammaproteobacteria,Burkholderiales,Oxalobacteraceae,Herbaspirillum,NA,Zotu210,0.005344,9,5,14
Zotu211,Zotu211,,other,Bacteria,Proteobacteria,Alphaproteobacteria,Rhizobiales,Xanthobacteraceae,Pseudolabrys,NA,Zotu211,0.000553,38,12,50
Zotu215,Zotu215,,other,Bacteria,Bacteroidota,Bacteroidia,Bacteroidales,SB-5,SB-5,NA,Zotu215,0.001092,23,15,38
Zotu2150,Zotu2150,,other,Bacteria,Proteobacteria,Gammaproteobacteria,Burkholderiales,Gallionellaceae,NA,NA,Zotu2150,0.000169,3,6,9
Zotu216,Zotu216,,other,Bacteria,Proteobacteria,Alphaproteobacteria,Sphingomonadales,Sphingomonadaceae,Sphingomonas,NA,Zotu216,0.000217,30,21,51
Zotu2162,Zotu2162,,other,Bacteria,Proteobacteria,Gammaproteobacteria,Burkholderiales,Comamonadaceae,NA,NA,Zotu2162,0.000206,32,24,56
Zotu2172,Zotu2172,,other,Bacteria,Myxococcota,Polyangia,Polyangiales,BIrii41,BIrii41,NA,Zotu2172,0.000108,37,30,67
Zotu2176,Zotu2176,,other,Bacteria,Proteobacteria,Gammaproteobacteria,Burkholderiales,Rhodocyclaceae,Georgfuchsia,uncultured_bacterium,Zotu2176,0.000105,0,1,1
Zotu219,Zotu219,,other,Bacteria,Desulfobacterota,Desulfuromonadia,Geobacterales,Geobacteraceae,Geotalea,uncultured_bacterium,Zotu219,0.000204,11,5,16
Zotu2191,Zotu2191,,other,Bacteria,NA,NA,NA,NA,NA,NA,Zotu2191,0.000203,3,1,4
Zotu222,Zotu222,,other,Bacteria,Verrucomicrobiota,Verrucomicrobiae,Pedosphaerales,Pedosphaeraceae,Pedosphaeraceae,NA,Zotu222,0.00019,8,5,13
Zotu223,Zotu223,,other,Bacteria,Proteobacteria,Alphaproteobacteria,Caulobacterales,Hyphomonadaceae,SWB02,uncultured_bacterium,Zotu223,0.000141,18,17,35
Zotu226,Zotu226,,other,Bacteria,Proteobacteria,Gammaproteobacteria,Burkholderiales,Gallionellaceae,NA,NA,Zotu226,0.000342,22,11,33
Zotu2272,Zotu2272,,other,Bacteria,Myxococcota,Polyangia,Polyangiales,BIrii41,BIrii41,NA,Zotu2272,0.000105,1,2,3
Zotu228,Zotu228,,other,Bacteria,Nitrospirota,4-29-1,4-29-1,4-29-1,4-29-1,uncultured_proteobacterium,Zotu228,0.000158,23,8,31
Zotu23,Zotu23,,other,Bacteria,Firmicutes,Bacilli,Paenibacillales,Paenibacillaceae,Paenibacillus,uncultured_bacterium,Zotu23,0.000934,11,2,13
Zotu142,Zotu142,,other,Bacteria,Proteobacteria,Alphaproteobacteria,Rhizobiales,Beijerinckiaceae,Bosea,NA,Zotu142,0.000763,8,0,8
Zotu231,Zotu231,,other,Bacteria,Proteobacteria,Gammaproteobacteria,Burkholderiales,Comamonadaceae,Ideonella,uncultured_bacterium,Zotu231,0.002485,26,19,45
Zotu2311,Zotu2311,,other,Bacteria,Myxococcota,Myxococcia,Myxococcales,NA,NA,NA,Zotu2311,0.00018,1,5,6
Zotu144,Zotu144,,other,Bacteria,Proteobacteria,Gammaproteobacteria,Burkholderiales,Rhodocyclaceae,NA,NA,Zotu144,0.002433,2,0,2
Zotu2362,Zotu2362,,other,Bacteria,Proteobacteria,Gammaproteobacteria,Burkholderiales,Gallionellaceae,Sideroxydans,NA,Zotu2362,0.000182,3,6,9
Zotu238,Zotu238,,other,Bacteria,Desulfobacterota,Desulfuromonadia,Geobacterales,Geobacteraceae,NA,NA,Zotu238,0.000265,15,14,29
Zotu1022,Zotu1022,,other,Bacteria,Acidobacteriota,Thermoanaerobaculia,Thermoanaerobaculales,Thermoanaerobaculaceae,TPD-58,uncultured_bacterium,Zotu1022,0.000145,3,0,3
Zotu2388,Zotu2388,,other,Bacteria,Proteobacteria,Gammaproteobacteria,Burkholderiales,Comamonadaceae,NA,NA,Zotu2388,0.000173,23,12,35
Zotu239,Zotu239,,other,Bacteria,Proteobacteria,Gammaproteobacteria,KF-JG30-C25,KF-JG30-C25,KF-JG30-C25,NA,Zotu239,0.001092,36,24,60
Zotu240,Zotu240,,other,Bacteria,Proteobacteria,Gammaproteobacteria,Burkholderiales,Sutterellaceae,uncultured,uncultured_soil,Zotu240,0.000107,5,2,7
Zotu2410,Zotu2410,,other,Bacteria,Proteobacteria,Gammaproteobacteria,Burkholderiales,Comamonadaceae,NA,NA,Zotu2410,0.000186,19,19,38
Zotu242,Zotu242,,other,Bacteria,Zixibacteria,Zixibacteria,Zixibacteria,Zixibacteria,Zixibacteria,uncultured_bacterium,Zotu242,0.000139,1,3,4
Zotu2432,Zotu2432,,other,Bacteria,Proteobacteria,Alphaproteobacteria,Rhizobiales,Devosiaceae,Devosia,NA,Zotu2432,0.00017,17,15,32
Zotu244,Zotu244,,other,Bacteria,Actinobacteriota,Actinobacteria,Micrococcales,Intrasporangiaceae,Intrasporangium,uncultured_bacterium,Zotu244,0.000311,39,17,56
Zotu246,Zotu246,,other,Bacteria,Desulfobacterota,Desulfuromonadia,Geobacterales,Geobacteraceae,NA,NA,Zotu246,0.000641,0,1,1
Zotu2469,Zotu2469,,other,Bacteria,Myxococcota,Polyangia,Polyangiales,Phaselicystidaceae,Phaselicystis,uncultured_bacterium,Zotu2469,0.000152,11,4,15
Zotu247,Zotu247,,other,Bacteria,Desulfobacterota,Desulfuromonadia,Geobacterales,Geobacteraceae,Geobacter,NA,Zotu247,0.000215,3,5,8
Zotu2480,Zotu2480,,other,Bacteria,Desulfobacterota,Desulfuromonadia,Geobacterales,Geobacteraceae,uncultured,NA,Zotu2480,0.000169,7,13,20
Zotu251,Zotu251,,other,Bacteria,Proteobacteria,Gammaproteobacteria,Burkholderiales,Nitrosomonadaceae,Ellin6067,NA,Zotu251,0.000135,15,17,32
Zotu1176,Zotu1176,,other,Bacteria,Desulfobacterota,Desulfobulbia,Desulfobulbales,Desulfocapsaceae,NA,NA,Zotu1176,0.000151,2,0,2
Zotu252,Zotu252,,other,Bacteria,Bacteroidota,Kryptonia,Kryptoniales,BSV26,BSV26,uncultured_Chlorobi,Zotu252,0.000102,5,3,8
Zotu256,Zotu256,,other,Bacteria,Chloroflexi,Anaerolineae,SJA-15,SJA-15,SJA-15,uncultured_bacterium,Zotu256,0.000253,7,6,13
Zotu257,Zotu257,,other,Bacteria,Proteobacteria,Alphaproteobacteria,Sphingomonadales,Sphingomonadaceae,NA,NA,Zotu257,0.000366,0,2,2
Zotu16478,Zotu16478,,other,Bacteria,Proteobacteria,Gammaproteobacteria,Burkholderiales,Rhodocyclaceae,NA,NA,Zotu16478,0.000192,2,0,2
Zotu2584,Zotu2584,,other,Bacteria,Proteobacteria,Gammaproteobacteria,Burkholderiales,Rhodocyclaceae,Dechloromonas,NA,Zotu2584,0.000138,34,19,53
Zotu259,Zotu259,,other,Bacteria,Actinobacteriota,Actinobacteria,Micrococcales,Intrasporangiaceae,Lapillicoccus,NA,Zotu259,0.000275,31,17,48
Zotu26,Zotu26,,other,Bacteria,Proteobacteria,Gammaproteobacteria,Ectothiorhodospirales,Thioalkalispiraceae,Thioalkalispira-Sulfurivermis,uncultured_bacterium,Zotu26,0.000842,41,27,68
Zotu260,Zotu260,,other,Bacteria,Proteobacteria,Gammaproteobacteria,Burkholderiales,Nitrosomonadaceae,Ellin6067,NA,Zotu260,0.000116,6,3,9
Zotu2617,Zotu2617,,other,Bacteria,Proteobacteria,NA,NA,NA,NA,NA,Zotu2617,0.000183,2,7,9
Zotu267,Zotu267,,other,Bacteria,Myxococcota,Myxococcia,Myxococcales,Anaeromyxobacteraceae,Anaeromyxobacter,NA,Zotu267,0.000476,1,1,2
Zotu27,Zotu27,,other,Bacteria,Spirochaetota,Spirochaetia,Spirochaetales,Spirochaetaceae,NA,NA,Zotu27,0.009107,0,1,1
Zotu173,Zotu173,,other,Bacteria,Bacteroidota,Bacteroidia,Bacteroidales,SB-5,SB-5,uncultured_bacterium,Zotu173,0.001034,1,0,1
Zotu270,Zotu270,,other,Bacteria,Desulfobacterota,Desulfuromonadia,Geobacterales,Geobacteraceae,NA,NA,Zotu270,0.000155,21,22,43
Zotu2705,Zotu2705,,other,Bacteria,Fibrobacterota,Fibrobacteria,Fibrobacterales,Fibrobacteraceae,possible_genus_04,NA,Zotu2705,0.000122,27,26,53
Zotu2706,Zotu2706,,other,Bacteria,Actinobacteriota,Actinobacteria,Micrococcales,Microbacteriaceae,Microbacterium,NA,Zotu2706,0.000122,3,2,5
Zotu272,Zotu272,,other,Bacteria,Verrucomicrobiota,Verrucomicrobiae,Pedosphaerales,Pedosphaeraceae,ADurb.Bin063-1,NA,Zotu272,0.000132,14,12,26
Zotu2720,Zotu2720,,other,Bacteria,Actinobacteriota,Actinobacteria,Kineosporiales,Kineosporiaceae,Kineosporia,NA,Zotu2720,0.000705,22,25,47
Zotu2722,Zotu2722,,other,Bacteria,Proteobacteria,Gammaproteobacteria,Burkholderiales,NA,NA,NA,Zotu2722,0.000116,1,8,9
Zotu2768,Zotu2768,,other,Bacteria,Proteobacteria,Gammaproteobacteria,Burkholderiales,Rhodocyclaceae,Sulfuritalea,NA,Zotu2768,0.000262,2,3,5
Zotu2813,Zotu2813,,other,Bacteria,Bacteroidota,Bacteroidia,Chitinophagales,Saprospiraceae,uncultured,Haliscomenobacter_sp.,Zotu2813,0.00013,33,29,62
Zotu282,Zotu282,,other,Bacteria,Proteobacteria,Gammaproteobacteria,Burkholderiales,Nitrosomonadaceae,Ellin6067,uncultured_soil,Zotu282,0.000118,6,2,8
Zotu283,Zotu283,,other,Bacteria,Gemmatimonadota,Gemmatimonadetes,Gemmatimonadales,Gemmatimonadaceae,uncultured,NA,Zotu283,0.000101,18,12,30
Zotu285,Zotu285,,other,Bacteria,Proteobacteria,Gammaproteobacteria,Burkholderiales,Methylophilaceae,NA,NA,Zotu285,0.000281,5,2,7
Zotu2853,Zotu2853,,other,Bacteria,Chloroflexi,Chloroflexia,Chloroflexales,Roseiflexaceae,NA,NA,Zotu2853,0.000111,21,24,45
Zotu287,Zotu287,,other,Bacteria,Myxococcota,Myxococcia,Myxococcales,Anaeromyxobacteraceae,Anaeromyxobacter,NA,Zotu287,0.000494,0,1,1
Zotu288,Zotu288,,other,Bacteria,Desulfobacterota,Desulfobaccia,Desulfobaccales,Desulfobaccaceae,Desulfobacca,uncultured_bacterium,Zotu288,0.000243,5,10,15
Zotu29,Zotu29,,other,Bacteria,Bacteroidota,Bacteroidia,Bacteroidales,Prolixibacteraceae,WCHB1-32,NA,Zotu29,0.006532,7,15,22
Zotu290,Zotu290,,other,Bacteria,Myxococcota,Myxococcia,Myxococcales,Anaeromyxobacteraceae,Anaeromyxobacter,NA,Zotu290,0.000837,15,17,32
Zotu2922,Zotu2922,,other,Bacteria,Proteobacteria,Gammaproteobacteria,Methylococcales,Methylococcaceae,Candidatus_Methylospira,uncultured_bacterium,Zotu2922,0.000125,16,26,42
Zotu2924,Zotu2924,,other,Bacteria,Acidobacteriota,Acidobacteriae,Bryobacterales,Bryobacteraceae,Bryobacter,NA,Zotu2924,0.000163,18,29,47
Zotu2929,Zotu2929,,other,Bacteria,Proteobacteria,Gammaproteobacteria,R7C24,R7C24,R7C24,uncultured_bacterium,Zotu2929,0.000151,8,11,19
Zotu293,Zotu293,,other,Bacteria,Proteobacteria,Gammaproteobacteria,Burkholderiales,Burkholderiaceae,Burkholderia-Caballeronia-Paraburkholderia,NA,Zotu293,0.000945,23,35,58
Zotu294,Zotu294,,other,Bacteria,Nitrospirota,4-29-1,4-29-1,4-29-1,4-29-1,uncultured_bacterium,Zotu294,0.000152,0,1,1
Zotu2997,Zotu2997,,other,Bacteria,Proteobacteria,Alphaproteobacteria,Rhodobacterales,Rhodobacteraceae,NA,NA,Zotu2997,0.00016,21,26,47
Zotu3,Zotu3,,other,Bacteria,Proteobacteria,Gammaproteobacteria,Burkholderiales,Gallionellaceae,Sideroxydans,NA,Zotu3,0.033733,1,2,3
Zotu300,Zotu300,,other,Bacteria,Proteobacteria,Alphaproteobacteria,Rhizobiales,Xanthobacteraceae,Pseudolabrys,NA,Zotu300,0.000246,45,48,93
Zotu301,Zotu301,,other,Bacteria,Nitrospirota,4-29-1,4-29-1,4-29-1,4-29-1,uncultured_bacterium,Zotu301,0.000262,0,1,1
Zotu302,Zotu302,,other,Bacteria,Bdellovibrionota,Bdellovibrionia,Bdellovibrionales,Bdellovibrionaceae,OM27_clade,uncultured_Myxococcales,Zotu302,0.001235,15,29,44
Zotu303,Zotu303,,other,Bacteria,Nitrospirota,Thermodesulfovibrionia,uncultured,uncultured,uncultured,uncultured_bacterium,Zotu303,0.000114,7,9,16
Zotu306,Zotu306,,other,Bacteria,Verrucomicrobiota,Verrucomicrobiae,Pedosphaerales,Pedosphaeraceae,ADurb.Bin063-1,NA,Zotu306,0.000236,0,1,1
Zotu307,Zotu307,,other,Bacteria,Firmicutes,Clostridia,Clostridiales,Clostridiaceae,Clostridium_sensu_stricto_12,uncultured_bacterium,Zotu307,0.000168,4,3,7
Zotu3087,Zotu3087,,other,Bacteria,Proteobacteria,Gammaproteobacteria,Burkholderiales,Comamonadaceae,NA,NA,Zotu3087,0.000118,16,25,41
Zotu3128,Zotu3128,,other,Bacteria,Proteobacteria,Alphaproteobacteria,Rhizobiales,Rhizobiales_Incertae_Sedis,uncultured,NA,Zotu3128,0.000133,12,22,34
Zotu32,Zotu32,,other,Bacteria,MBNT15,MBNT15,MBNT15,MBNT15,MBNT15,uncultured_prokaryote,Zotu32,0.000608,43,48,91
Zotu323,Zotu323,,other,Bacteria,Proteobacteria,Alphaproteobacteria,Rhizobiales,Hyphomicrobiaceae,Hyphomicrobium,NA,Zotu323,0.000329,6,3,9
Zotu324,Zotu324,,other,Bacteria,Myxococcota,Polyangia,Polyangiales,BIrii41,BIrii41,NA,Zotu324,0.001633,1,3,4
Zotu325,Zotu325,,other,Bacteria,Myxococcota,Myxococcia,Myxococcales,Anaeromyxobacteraceae,Anaeromyxobacter,NA,Zotu325,0.002637,10,8,18
Zotu327,Zotu327,,other,Bacteria,Bacteroidota,Bacteroidia,Bacteroidales,Paludibacteraceae,uncultured,uncultured_soil,Zotu327,0.000763,1,1,2
Zotu329,Zotu329,,other,Bacteria,Acidobacteriota,Holophagae,Subgroup_7,Subgroup_7,Subgroup_7,Acidobacteria_bacterium,Zotu329,0.000269,0,1,1
Zotu275,Zotu275,,other,Bacteria,Nitrospirota,Thermodesulfovibrionia,uncultured,uncultured,uncultured,uncultured_Sphingobacteriales,Zotu275,0.000347,1,0,1
Zotu33,Zotu33,,other,Bacteria,Proteobacteria,Gammaproteobacteria,Burkholderiales,Comamonadaceae,NA,NA,Zotu33,0.01135,11,31,42
Zotu330,Zotu330,,other,Bacteria,Actinobacteriota,Actinobacteria,Micrococcales,Microbacteriaceae,Agromyces,NA,Zotu330,0.000183,12,8,20
Zotu1117,Zotu1117,,other,Bacteria,Desulfobacterota,Desulfuromonadia,Geobacterales,Geobacteraceae,NA,NA,Zotu1117,0.000233,4,0,4
Zotu331,Zotu331,,other,Bacteria,Zixibacteria,Zixibacteria,Zixibacteria,Zixibacteria,Zixibacteria,uncultured_prokaryote,Zotu331,0.000134,5,5,10
Zotu332,Zotu332,,other,Bacteria,Nitrospirota,Thermodesulfovibrionia,uncultured,uncultured,uncultured,uncultured_bacterium,Zotu332,0.000127,12,12,24
Zotu3326,Zotu3326,,other,Bacteria,Proteobacteria,Alphaproteobacteria,uncultured,uncultured,uncultured,uncultured_bacterium,Zotu3326,0.000135,10,31,41
Zotu334,Zotu334,,other,Bacteria,Desulfobacterota,Desulfuromonadia,Geobacterales,Geobacteraceae,uncultured,NA,Zotu334,0.00042,2,2,4
Zotu340,Zotu340,,other,Bacteria,Actinobacteriota,Actinobacteria,Micrococcales,Microbacteriaceae,Microbacterium,NA,Zotu340,0.001275,4,3,7
Zotu3439,Zotu3439,,other,Bacteria,Proteobacteria,Alphaproteobacteria,Sphingomonadales,Sphingomonadaceae,Sphingomonas,NA,Zotu3439,0.000103,0,1,1
Zotu344,Zotu344,,other,Bacteria,Myxococcota,Myxococcia,Myxococcales,Myxococcaceae,P3OB-42,uncultured_soil,Zotu344,0.000754,18,26,44
Zotu347,Zotu347,,other,Bacteria,Proteobacteria,Alphaproteobacteria,Reyranellales,Reyranellaceae,Reyranella,NA,Zotu347,0.000196,10,10,20
Zotu350,Zotu350,,other,Bacteria,Chloroflexi,Anaerolineae,Anaerolineae,Anaerolineae,Anaerolineae,uncultured_Bellilinea,Zotu350,0.000104,0,1,1
Zotu359,Zotu359,,other,Bacteria,Verrucomicrobiota,Verrucomicrobiae,Pedosphaerales,Pedosphaeraceae,ADurb.Bin063-1,NA,Zotu359,0.000122,3,1,4
Zotu36,Zotu36,,other,Bacteria,Spirochaetota,Leptospirae,Leptospirales,Leptospiraceae,Leptonema,uncultured_bacterium,Zotu36,0.005596,1,2,3
Zotu30,Zotu30,,other,Bacteria,Myxococcota,Myxococcia,Myxococcales,Anaeromyxobacteraceae,Anaeromyxobacter,uncultured_Anaeromyxobacter,Zotu30,0.007541,3,0,3
Zotu361,Zotu361,,other,Bacteria,Gemmatimonadota,Gemmatimonadetes,Gemmatimonadales,Gemmatimonadaceae,uncultured,NA,Zotu361,0.000114,31,36,67
Zotu363,Zotu363,,other,Bacteria,Desulfobacterota,Desulfovibrionia,Desulfovibrionales,Desulfovibrionaceae,Desulfovibrio,NA,Zotu363,0.000581,0,2,2
Zotu1088,Zotu1088,,other,Bacteria,Desulfobacterota,Desulfovibrionia,Desulfovibrionales,Desulfovibrionaceae,Desulfovibrio,NA,Zotu1088,0.000148,1,0,1
Zotu367,Zotu367,,other,Bacteria,Bacteroidota,Bacteroidia,Bacteroidales,SB-5,SB-5,uncultured_soil,Zotu367,0.000551,22,32,54
Zotu368,Zotu368,,other,Bacteria,Proteobacteria,Gammaproteobacteria,Ectothiorhodospirales,Thioalkalispiraceae,Thioalkalispira-Sulfurivermis,NA,Zotu368,0.000103,22,19,41
Zotu37,Zotu37,,other,Bacteria,Spirochaetota,Leptospirae,Leptospirales,Leptospiraceae,Leptonema,uncultured_bacterium,Zotu37,0.007076,1,2,3
Zotu370,Zotu370,,other,Bacteria,Myxococcota,Myxococcia,Myxococcales,Vulgatibacteraceae,Vulgatibacter,NA,Zotu370,0.001351,0,6,6
Zotu377,Zotu377,,other,Bacteria,Proteobacteria,Gammaproteobacteria,Burkholderiales,Methylophilaceae,Methylobacillus,uncultured_bacterium,Zotu377,0.000175,0,2,2
Zotu38,Zotu38,,other,Bacteria,Nitrospirota,Thermodesulfovibrionia,uncultured,uncultured,uncultured,uncultured_Nitrospiraceae,Zotu38,0.003117,0,1,1
Zotu248,Zotu248,,other,Bacteria,Nitrospirota,Thermodesulfovibrionia,uncultured,uncultured,uncultured,NA,Zotu248,0.000408,1,0,1
Zotu384,Zotu384,,other,Bacteria,Acidobacteriota,Holophagae,Subgroup_7,Subgroup_7,Subgroup_7,Acidobacteria_bacterium,Zotu384,0.000338,5,10,15
Zotu387,Zotu387,,other,Bacteria,Proteobacteria,Gammaproteobacteria,Burkholderiales,Comamonadaceae,Hydrogenophaga,NA,Zotu387,0.004301,8,21,29
Zotu388,Zotu388,,other,Bacteria,Chloroflexi,Anaerolineae,SJA-15,SJA-15,SJA-15,NA,Zotu388,0.000248,7,15,22
Zotu393,Zotu393,,other,Bacteria,Myxococcota,Polyangia,Polyangiales,Polyangiaceae,NA,NA,Zotu393,0.000121,0,1,1
Zotu3932,Zotu3932,,other,Bacteria,Proteobacteria,Alphaproteobacteria,Rhizobiales,Rhizobiales_Incertae_Sedis,uncultured,uncultured_bacterium,Zotu3932,0.000183,2,1,3
Zotu204,Zotu204,,other,Bacteria,Bacteroidota,Bacteroidia,Chitinophagales,Saprospiraceae,uncultured,NA,Zotu204,0.000206,1,0,1
Zotu395,Zotu395,,other,Bacteria,SAR324_clade(Marine_group_B),SAR324_clade(Marine_group_B),SAR324_clade(Marine_group_B),SAR324_clade(Marine_group_B),SAR324_clade(Marine_group_B),NA,Zotu395,0.00011,1,4,5
Zotu397,Zotu397,,other,Bacteria,Proteobacteria,Gammaproteobacteria,Burkholderiales,Sutterellaceae,uncultured,uncultured_bacterium,Zotu397,0.000348,9,19,28
Zotu3979,Zotu3979,,other,Bacteria,Proteobacteria,Alphaproteobacteria,Rhizobiales,Rhizobiales_Incertae_Sedis,uncultured,uncultured_bacterium,Zotu3979,0.000257,0,1,1
Zotu4,Zotu4,,other,Bacteria,Proteobacteria,Gammaproteobacteria,Burkholderiales,Hydrogenophilaceae,Thiobacillus,NA,Zotu4,0.003366,34,52,86
Zotu40,Zotu40,,other,Bacteria,Proteobacteria,Gammaproteobacteria,Burkholderiales,Sutterellaceae,uncultured,NA,Zotu40,0.000453,0,3,3
Zotu145,Zotu145,,other,Bacteria,Bacteroidota,SJA-28,SJA-28,SJA-28,SJA-28,uncultured_bacterium,Zotu145,0.000186,1,0,1
Zotu4017,Zotu4017,,other,Bacteria,Proteobacteria,Alphaproteobacteria,Rhodobacterales,Rhodobacteraceae,Rhodobacter,NA,Zotu4017,0.000151,4,23,27
Zotu403,Zotu403,,other,Bacteria,Desulfobacterota,Desulfuromonadia,Geobacterales,Geobacteraceae,uncultured,uncultured_bacterium,Zotu403,0.000392,2,4,6
Zotu1417,Zotu1417,,other,Bacteria,Desulfobacterota,Desulfuromonadia,Geobacterales,Geobacteraceae,uncultured,NA,Zotu1417,0.000141,2,0,2
Zotu406,Zotu406,,other,Bacteria,Proteobacteria,Gammaproteobacteria,NA,NA,NA,NA,Zotu406,0.000662,4,9,13
Zotu413,Zotu413,,other,Bacteria,Proteobacteria,Gammaproteobacteria,Burkholderiales,Comamonadaceae,NA,NA,Zotu413,0.000339,0,1,1
Zotu2066,Zotu2066,,other,Bacteria,Spirochaetota,Spirochaetia,Spirochaetales,Spirochaetaceae,uncultured,uncultured_bacterium,Zotu2066,0.000123,1,0,1
Zotu417,Zotu417,,other,Bacteria,Proteobacteria,Gammaproteobacteria,Burkholderiales,NA,NA,NA,Zotu417,0.000287,11,15,26
Zotu1029,Zotu1029,,other,Bacteria,Proteobacteria,Gammaproteobacteria,Burkholderiales,Rhodocyclaceae,Sulfuritalea,NA,Zotu1029,0.000248,3,0,3
Zotu42,Zotu42,,other,Bacteria,Bacteroidota,Bacteroidia,Bacteroidales,Bacteroidetes_vadinHA17,Bacteroidetes_vadinHA17,uncultured_Cytophagales,Zotu42,0.000745,16,34,50
Zotu427,Zotu427,,other,Bacteria,Acidobacteriota,NA,NA,NA,NA,NA,Zotu427,0.000101,0,1,1
Zotu262,Zotu262,,other,Bacteria,Proteobacteria,Gammaproteobacteria,Burkholderiales,Rhodocyclaceae,Propionivibrio,NA,Zotu262,0.000929,1,0,1
Zotu43,Zotu43,,other,Bacteria,Proteobacteria,Gammaproteobacteria,Burkholderiales,Rhodocyclaceae,uncultured,NA,Zotu43,0.008621,3,1,4
Zotu430,Zotu430,,other,Bacteria,Desulfobacterota,Desulfuromonadia,Geobacterales,Geobacteraceae,uncultured,uncultured_bacterium,Zotu430,0.000287,0,1,1
Zotu431,Zotu431,,other,Bacteria,Spirochaetota,Spirochaetia,Spirochaetales,Spirochaetaceae,Spirochaeta_2,metagenome,Zotu431,0.000562,17,12,29
Zotu432,Zotu432,,other,Bacteria,Actinobacteriota,Actinobacteria,Micrococcales,Intrasporangiaceae,Intrasporangium,uncultured_bacterium,Zotu432,0.000143,18,16,34
Zotu436,Zotu436,,other,Bacteria,Acidobacteriota,Thermoanaerobaculia,Thermoanaerobaculales,Thermoanaerobaculaceae,Subgroup_10,uncultured_prokaryote,Zotu436,0.000269,1,2,3
Zotu44,Zotu44,,other,Bacteria,Myxococcota,Myxococcia,Myxococcales,Anaeromyxobacteraceae,Anaeromyxobacter,NA,Zotu44,0.005797,2,6,8
Zotu444,Zotu444,,other,Bacteria,Myxococcota,Myxococcia,Myxococcales,Myxococcaceae,NA,NA,Zotu444,0.001244,6,5,11
Zotu446,Zotu446,,other,Bacteria,Chloroflexi,Chloroflexia,Chloroflexales,Roseiflexaceae,Kouleothrix,uncultured_bacterium,Zotu446,0.00054,10,22,32
Zotu452,Zotu452,,other,Bacteria,Bacteroidota,Bacteroidia,Bacteroidales,SB-5,SB-5,uncultured_bacterium,Zotu452,0.000494,0,2,2
Zotu456,Zotu456,,other,Bacteria,Acidobacteriota,Thermoanaerobaculia,Thermoanaerobaculales,Thermoanaerobaculaceae,Subgroup_10,uncultured_soil,Zotu456,0.000149,1,1,2
Zotu46,Zotu46,,other,Bacteria,Proteobacteria,Gammaproteobacteria,Burkholderiales,Rhodocyclaceae,Sulfuritalea,NA,Zotu46,0.005793,0,2,2
Zotu4621,Zotu4621,,other,Bacteria,Proteobacteria,Gammaproteobacteria,Burkholderiales,Rhodocyclaceae,NA,NA,Zotu4621,0.000356,5,10,15
Zotu465,Zotu465,,other,Bacteria,Bacteroidota,Bacteroidia,Bacteroidales,Prolixibacteraceae,WCHB1-32,uncultured_bacterium,Zotu465,0.000493,1,6,7
Zotu466,Zotu466,,other,Bacteria,Firmicutes,Clostridia,Clostridia,Hungateiclostridiaceae,uncultured,uncultured_bacterium,Zotu466,0.000313,8,14,22
Zotu467,Zotu467,,other,Bacteria,Bacteroidota,Bacteroidia,Bacteroidales,Prolixibacteraceae,Roseimarinus,uncultured_bacterium,Zotu467,0.000555,0,1,1
Zotu1364,Zotu1364,,other,Bacteria,Bacteroidota,Bacteroidia,Bacteroidales,Prolixibacteraceae,Roseimarinus,uncultured_bacterium,Zotu1364,0.000159,1,0,1
Zotu473,Zotu473,,other,Bacteria,Proteobacteria,Alphaproteobacteria,Rhizobiales,Rhizobiaceae,NA,NA,Zotu473,0.000735,2,2,4
Zotu474,Zotu474,,other,Bacteria,Spirochaetota,Spirochaetia,Spirochaetales,Spirochaetaceae,uncultured,uncultured_bacterium,Zotu474,0.000508,2,2,4
Zotu476,Zotu476,,other,Bacteria,Proteobacteria,Gammaproteobacteria,Burkholderiales,Gallionellaceae,NA,NA,Zotu476,0.001338,0,13,13
Zotu478,Zotu478,,other,Bacteria,Proteobacteria,Gammaproteobacteria,Burkholderiales,Methylophilaceae,NA,NA,Zotu478,0.000161,8,13,21
Zotu4790,Zotu4790,,other,Bacteria,Proteobacteria,Alphaproteobacteria,Rhizobiales,Rhizobiaceae,Shinella,alpha_proteobacterium,Zotu4790,0.000514,8,21,29
Zotu48,Zotu48,,other,Bacteria,Actinobacteriota,Actinobacteria,Micrococcales,Intrasporangiaceae,Intrasporangium,uncultured_bacterium,Zotu48,0.001472,34,59,93
Zotu480,Zotu480,,other,Bacteria,Proteobacteria,Gammaproteobacteria,Burkholderiales,Rhodocyclaceae,Sulfuritalea,uncultured_bacterium,Zotu480,0.003014,0,1,1
Zotu482,Zotu482,,other,Bacteria,Desulfobacterota,Desulfobulbia,Desulfobulbales,Desulfobulbaceae,uncultured,uncultured_bacterium,Zotu482,0.000343,5,5,10
Zotu1153,Zotu1153,,other,Bacteria,Bacteroidota,Bacteroidia,Bacteroidales,Paludibacteraceae,uncultured,uncultured_soil,Zotu1153,0.00015,4,0,4
Zotu4826,Zotu4826,,other,Bacteria,Proteobacteria,Gammaproteobacteria,Burkholderiales,Rhodocyclaceae,NA,NA,Zotu4826,0.000606,5,11,16
Zotu1520,Zotu1520,,other,Bacteria,Actinobacteriota,Coriobacteriia,OPB41,OPB41,OPB41,uncultured_bacterium,Zotu1520,0.000135,2,0,2
Zotu485,Zotu485,,other,Bacteria,Bacteroidota,Bacteroidia,Bacteroidales,Barnesiellaceae,uncultured,uncultured_bacterium,Zotu485,0.000347,5,16,21
Zotu492,Zotu492,,other,Bacteria,Proteobacteria,Gammaproteobacteria,Burkholderiales,Nitrosomonadaceae,Ellin6067,NA,Zotu492,0.000114,0,1,1
Zotu1140,Zotu1140,,other,Bacteria,Actinobacteriota,Actinobacteria,PeM15,PeM15,PeM15,NA,Zotu1140,0.000102,1,0,1
Zotu493,Zotu493,,other,Bacteria,Actinobacteriota,Coriobacteriia,OPB41,OPB41,OPB41,NA,Zotu493,0.000143,1,10,11
Zotu499,Zotu499,,other,Bacteria,Proteobacteria,Alphaproteobacteria,Rhodospirillales,uncultured,uncultured,alpha_proteobacterium,Zotu499,0.000358,6,12,18
Zotu5,Zotu5,,other,Bacteria,Firmicutes,Bacilli,Lactobacillales,Carnobacteriaceae,Trichococcus,NA,Zotu5,0.000146,10,24,34
Zotu502,Zotu502,,other,Bacteria,Proteobacteria,Alphaproteobacteria,Rhizobiales,Xanthobacteraceae,Pseudolabrys,metagenome,Zotu502,0.000287,5,3,8
Zotu5042,Zotu5042,,other,Bacteria,Desulfobacterota,Desulfuromonadia,Geobacterales,Geobacteraceae,Citrifermentans,NA,Zotu5042,0.000301,1,8,9
Zotu269,Zotu269,,other,Bacteria,Myxococcota,Myxococcia,Myxococcales,Anaeromyxobacteraceae,Anaeromyxobacter,uncultured_delta,Zotu269,0.000526,1,0,1
Zotu505,Zotu505,,other,Bacteria,Proteobacteria,Gammaproteobacteria,Burkholderiales,Comamonadaceae,NA,NA,Zotu505,0.000261,1,4,5
Zotu507,Zotu507,,other,Bacteria,Myxococcota,Polyangia,Polyangiales,Polyangiaceae,Pajaroellobacter,NA,Zotu507,0.000665,20,46,66
Zotu51,Zotu51,,other,Bacteria,Desulfobacterota,Desulfuromonadia,Geobacterales,Geobacteraceae,uncultured,uncultured_bacterium,Zotu51,0.003235,0,4,4
Zotu511,Zotu511,,other,Bacteria,Bacteroidota,Bacteroidia,Bacteroidales,SB-5,SB-5,uncultured_soil,Zotu511,0.000687,7,14,21
Zotu512,Zotu512,,other,Bacteria,Proteobacteria,Gammaproteobacteria,Burkholderiales,Rhodocyclaceae,Propionivibrio,uncultured_bacterium,Zotu512,0.00117,4,12,16
Zotu517,Zotu517,,other,Bacteria,Myxococcota,Myxococcia,Myxococcales,Myxococcaceae,NA,NA,Zotu517,0.000288,14,45,59
Zotu52,Zotu52,,other,Bacteria,Proteobacteria,Alphaproteobacteria,Rhizobiales,Rhizobiaceae,Ciceribacter,uncultured_bacterium,Zotu52,0.008208,4,7,11
Zotu522,Zotu522,,other,Bacteria,Bacteroidota,Bacteroidia,Bacteroidales,Bacteroidetes_BD2-2,Bacteroidetes_BD2-2,NA,Zotu522,0.000634,1,6,7
Zotu523,Zotu523,,other,Bacteria,Bacteroidota,Bacteroidia,Bacteroidales,Prolixibacteraceae,Roseimarinus,uncultured_bacterium,Zotu523,0.000318,0,2,2
Zotu1623,Zotu1623,,other,Bacteria,Spirochaetota,Spirochaetia,Spirochaetales,Spirochaetaceae,uncultured,NA,Zotu1623,0.000169,1,0,1
Zotu527,Zotu527,,other,Bacteria,Proteobacteria,Gammaproteobacteria,Pseudomonadales,Pseudomonadaceae,Pseudomonas,NA,Zotu527,0.001225,7,11,18
Zotu53,Zotu53,,other,Bacteria,Bacteroidota,Bacteroidia,Bacteroidales,Bacteroidetes_vadinHA17,Bacteroidetes_vadinHA17,NA,Zotu53,0.000364,2,3,5
Zotu533,Zotu533,,other,Bacteria,Myxococcota,Myxococcia,Myxococcales,Anaeromyxobacteraceae,Anaeromyxobacter,NA,Zotu533,0.000345,11,22,33
Zotu534,Zotu534,,other,Bacteria,Spirochaetota,Leptospirae,Leptospirales,Leptospiraceae,Leptonema,NA,Zotu534,0.000243,0,1,1
Zotu390,Zotu390,,other,Bacteria,Nitrospirota,Thermodesulfovibrionia,uncultured,uncultured,uncultured,NA,Zotu390,0.000102,1,0,1
Zotu54,Zotu54,,other,Bacteria,Bacteroidota,Bacteroidia,Bacteroidales,Bacteroidetes_vadinHA17,Bacteroidetes_vadinHA17,NA,Zotu54,0.000352,1,5,6
Zotu542,Zotu542,,other,Bacteria,Proteobacteria,Gammaproteobacteria,Burkholderiales,Rhodocyclaceae,Sulfuritalea,NA,Zotu542,0.000605,0,2,2
Zotu5452,Zotu5452,,other,Bacteria,Proteobacteria,Alphaproteobacteria,Rhodobacterales,Rhodobacteraceae,Tabrizicola,NA,Zotu5452,0.00016,8,30,38
Zotu546,Zotu546,,other,Bacteria,Firmicutes,Clostridia,Lachnospirales,Lachnospiraceae,Herbinix,uncultured_bacterium,Zotu546,0.000496,17,42,59
Zotu547,Zotu547,,other,Bacteria,Proteobacteria,Alphaproteobacteria,Reyranellales,Reyranellaceae,Reyranella,NA,Zotu547,0.000156,7,15,22
Zotu551,Zotu551,,other,Bacteria,Myxococcota,Polyangia,Polyangiales,Polyangiaceae,uncultured,uncultured_bacterium,Zotu551,0.000261,0,1,1
Zotu198,Zotu198,,other,Bacteria,Nitrospirota,4-29-1,4-29-1,4-29-1,4-29-1,NA,Zotu198,0.000854,1,0,1
Zotu565,Zotu565,,other,Bacteria,Chloroflexi,Chloroflexia,Chloroflexales,Roseiflexaceae,Kouleothrix,uncultured_bacterium,Zotu565,0.000397,15,26,41
Zotu567,Zotu567,,other,Bacteria,Chloroflexi,Chloroflexia,Chloroflexales,Roseiflexaceae,uncultured,uncultured_bacterium,Zotu567,0.000113,9,20,29
Zotu572,Zotu572,,other,Bacteria,Myxococcota,Myxococcia,Myxococcales,Myxococcaceae,P3OB-42,uncultured_bacterium,Zotu572,0.000408,1,3,4
Zotu573,Zotu573,,other,Bacteria,Bacteroidota,Bacteroidia,Bacteroidales,Bacteroidetes_vadinHA17,Bacteroidetes_vadinHA17,NA,Zotu573,0.000651,0,1,1
Zotu470,Zotu470,,other,Bacteria,Acidobacteriota,Subgroup_21,Subgroup_21,Subgroup_21,Subgroup_21,uncultured_bacterium,Zotu470,0.00015,1,0,1
Zotu5776,Zotu5776,,other,Bacteria,Proteobacteria,Gammaproteobacteria,Burkholderiales,Comamonadaceae,NA,NA,Zotu5776,0.000266,12,35,47
Zotu58,Zotu58,,other,Bacteria,Desulfobacterota,Desulfuromonadia,Geobacterales,Geobacteraceae,Geobacter,NA,Zotu58,0.001418,2,15,17
Zotu581,Zotu581,,other,Bacteria,Proteobacteria,Gammaproteobacteria,Methylococcales,Methylococcaceae,Methyloterricola,Methyloterricola_oryzae,Zotu581,0.000233,2,19,21
Zotu582,Zotu582,,other,Bacteria,Proteobacteria,Alphaproteobacteria,Rhizobiales,Xanthobacteraceae,Bradyrhizobium,NA,Zotu582,0.000195,8,21,29
Zotu591,Zotu591,,other,Bacteria,Proteobacteria,Gammaproteobacteria,Burkholderiales,Comamonadaceae,Rhizobacter,NA,Zotu591,0.000942,2,7,9
Zotu593,Zotu593,,other,Bacteria,Proteobacteria,Alphaproteobacteria,Rhizobiales,Xanthobacteraceae,Afipia,NA,Zotu593,0.0003,0,1,1
Zotu1289,Zotu1289,,other,Bacteria,Proteobacteria,Alphaproteobacteria,Rhizobiales,Xanthobacteraceae,Afipia,NA,Zotu1289,0.000133,1,0,1
Zotu5941,Zotu5941,,other,Bacteria,Desulfobacterota,Desulfuromonadia,Geobacterales,Geobacteraceae,uncultured,NA,Zotu5941,0.000307,10,37,47
Zotu5944,Zotu5944,,other,Bacteria,Proteobacteria,Gammaproteobacteria,Burkholderiales,Rhodocyclaceae,Sulfuritalea,uncultured_bacterium,Zotu5944,0.000221,0,3,3
Zotu56,Zotu56,,other,Bacteria,Proteobacteria,Gammaproteobacteria,Burkholderiales,Rhodocyclaceae,NA,NA,Zotu56,0.004598,1,0,1
Zotu6,Zotu6,,other,Bacteria,Proteobacteria,Gammaproteobacteria,Burkholderiales,Comamonadaceae,NA,NA,Zotu6,0.025834,3,9,12
Zotu602,Zotu602,,other,Bacteria,Spirochaetota,Spirochaetia,Spirochaetales,Spirochaetaceae,M2PT2-76_termite_group,uncultured_bacterium,Zotu602,0.000393,17,41,58
Zotu606,Zotu606,,other,Bacteria,Proteobacteria,Alphaproteobacteria,Rhizobiales,Rhizobiaceae,Allorhizobium-Neorhizobium-Pararhizobium-Rhizobium,Agrobacterium_larrymoorei,Zotu606,0.000455,12,37,49
Zotu609,Zotu609,,other,Bacteria,Proteobacteria,Alphaproteobacteria,Rhizobiales,Xanthobacteraceae,Bradyrhizobium,NA,Zotu609,0.000179,9,26,35
Zotu61,Zotu61,,other,Bacteria,Firmicutes,Clostridia,Peptostreptococcales-Tissierellales,Anaerovoracaceae,Anaerovorax,uncultured_Anaerovorax,Zotu61,0.001548,11,41,52
Zotu611,Zotu611,,other,Bacteria,Proteobacteria,Gammaproteobacteria,Burkholderiales,Methylophilaceae,MM1,uncultured_bacterium,Zotu611,0.000118,0,3,3
Zotu613,Zotu613,,other,Bacteria,Chloroflexi,NA,NA,NA,NA,NA,Zotu613,0.000102,1,1,2
Zotu615,Zotu615,,other,Bacteria,Proteobacteria,Gammaproteobacteria,Burkholderiales,Comamonadaceae,NA,NA,Zotu615,0.000629,6,52,58
Zotu618,Zotu618,,other,Bacteria,Chloroflexi,Chloroflexia,Chloroflexales,Chloroflexaceae,Candidatus_Chloroploca,uncultured_bacterium,Zotu618,0.000263,5,26,31
Zotu620,Zotu620,,other,Bacteria,Myxococcota,Myxococcia,Myxococcales,Myxococcaceae,P3OB-42,metagenome,Zotu620,0.000274,10,33,43
Zotu6206,Zotu6206,,other,Bacteria,Proteobacteria,Gammaproteobacteria,Burkholderiales,Hydrogenophilaceae,uncultured,uncultured_bacterium,Zotu6206,0.000527,22,62,84
Zotu622,Zotu622,,other,Bacteria,Bacteroidota,Bacteroidia,Bacteroidales,Marinilabiliaceae,[Cytophaga]_xylanolytica_group,uncultured_bacterium,Zotu622,0.000494,0,7,7
Zotu6248,Zotu6248,,other,Bacteria,Proteobacteria,Gammaproteobacteria,Burkholderiales,Rhodocyclaceae,Georgfuchsia,uncultured_bacterium,Zotu6248,0.000126,1,3,4
Zotu625,Zotu625,,other,Bacteria,Proteobacteria,Alphaproteobacteria,Rhizobiales,Xanthobacteraceae,Pseudolabrys,NA,Zotu625,0.000201,10,33,43
Zotu630,Zotu630,,other,Bacteria,Bdellovibrionota,Oligoflexia,0319-6G20,0319-6G20,0319-6G20,marine_metagenome,Zotu630,0.000877,2,10,12
Zotu6310,Zotu6310,,other,Bacteria,Desulfobacterota,Desulfuromonadia,Geobacterales,Geobacteraceae,NA,NA,Zotu6310,0.00014,2,9,11
Zotu638,Zotu638,,other,Bacteria,Myxococcota,Polyangia,Haliangiales,Haliangiaceae,Haliangium,uncultured_bacterium,Zotu638,0.000603,5,38,43
Zotu639,Zotu639,,other,Bacteria,Proteobacteria,Gammaproteobacteria,Burkholderiales,Rhodocyclaceae,NA,NA,Zotu639,0.001216,4,36,40
Zotu642,Zotu642,,other,Bacteria,Proteobacteria,Alphaproteobacteria,Rhizobiales,Ancalomicrobiaceae,Ancalomicrobium,Ancalomicrobium_adetum,Zotu642,0.000175,0,1,1
Zotu14612,Zotu14612,,other,Bacteria,Proteobacteria,Alphaproteobacteria,Rhizobiales,Rhizobiaceae,Allorhizobium-Neorhizobium-Pararhizobium-Rhizobium,Shinella_sp.,Zotu14612,0.000341,1,0,1
Zotu650,Zotu650,,other,Bacteria,Planctomycetota,vadinHA49,vadinHA49,vadinHA49,vadinHA49,NA,Zotu650,0.00025,3,11,14
Zotu651,Zotu651,,other,Bacteria,Bacteroidota,Bacteroidia,Bacteroidales,Paludibacteraceae,uncultured,NA,Zotu651,0.000514,0,2,2
Zotu652,Zotu652,,other,Bacteria,Proteobacteria,Gammaproteobacteria,Burkholderiales,Rhodocyclaceae,NA,NA,Zotu652,0.000448,2,8,10
Zotu656,Zotu656,,other,Bacteria,Proteobacteria,Gammaproteobacteria,Burkholderiales,Comamonadaceae,NA,NA,Zotu656,0.000192,0,1,1
Zotu657,Zotu657,,other,Bacteria,Desulfobacterota,Syntrophobacteria,Syntrophobacterales,Syntrophobacteraceae,Syntrophobacter,NA,Zotu657,0.000251,0,1,1
Zotu66,Zotu66,,other,Bacteria,MBNT15,MBNT15,MBNT15,MBNT15,MBNT15,NA,Zotu66,0.000384,0,2,2
Zotu660,Zotu660,,other,Bacteria,Acidobacteriota,Holophagae,Subgroup_7,Subgroup_7,Subgroup_7,Acidobacteria_bacterium,Zotu660,0.000191,0,2,2
Zotu6609,Zotu6609,,other,Bacteria,Actinobacteriota,Acidimicrobiia,Microtrichales,Ilumatobacteraceae,Ilumatobacter,NA,Zotu6609,0.000134,2,8,10
Zotu5695,Zotu5695,,other,Bacteria,Proteobacteria,Gammaproteobacteria,Burkholderiales,Burkholderiaceae,Lautropia,uncultured_beta,Zotu5695,0.000152,1,0,1
Zotu663,Zotu663,,other,Bacteria,Actinobacteriota,MB-A2-108,MB-A2-108,MB-A2-108,MB-A2-108,NA,Zotu663,0.000109,5,15,20
Zotu664,Zotu664,,other,Bacteria,Spirochaetota,Spirochaetia,Spirochaetales,Spirochaetaceae,Salinispira,metagenome,Zotu664,0.000366,0,1,1
Zotu558,Zotu558,,other,Bacteria,Proteobacteria,Gammaproteobacteria,Methylococcales,Methylomonadaceae,Methylomonas,uncultured_bacterium,Zotu558,0.000128,1,0,1
Zotu67,Zotu67,,other,Bacteria,MBNT15,MBNT15,MBNT15,MBNT15,MBNT15,uncultured_delta,Zotu67,0.000361,0,1,1
Zotu214,Zotu214,,other,Bacteria,Nitrospirota,4-29-1,4-29-1,4-29-1,4-29-1,uncultured_bacterium,Zotu214,0.000184,1,0,1
Zotu670,Zotu670,,other,Bacteria,Myxococcota,Myxococcia,Myxococcales,Anaeromyxobacteraceae,Anaeromyxobacter,NA,Zotu670,0.000411,0,1,1
Zotu1407,Zotu1407,,other,Bacteria,Myxococcota,Myxococcia,Myxococcales,Anaeromyxobacteraceae,Anaeromyxobacter,NA,Zotu1407,0.000243,1,0,1
Zotu68,Zotu68,,other,Bacteria,Bacteroidota,Bacteroidia,Bacteroidales,NA,NA,NA,Zotu68,0.003794,4,49,53
Zotu682,Zotu682,,other,Bacteria,Desulfobacterota,Desulfuromonadia,Geobacterales,Geobacteraceae,NA,NA,Zotu682,0.000124,0,1,1
Zotu297,Zotu297,,other,Bacteria,Desulfobacterota,Desulfuromonadia,Geobacterales,Geobacteraceae,uncultured,NA,Zotu297,0.000383,1,0,1
Zotu683,Zotu683,,other,Bacteria,Campilobacterota,Campylobacteria,Campylobacterales,uncultured,uncultured,NA,Zotu683,0.000252,0,1,1
Zotu6852,Zotu6852,,other,Bacteria,Myxococcota,Myxococcia,Myxococcales,NA,NA,NA,Zotu6852,0.000301,5,24,29
Zotu69,Zotu69,,other,Bacteria,Proteobacteria,Gammaproteobacteria,Burkholderiales,Methylophilaceae,MM2,uncultured_bacterium,Zotu69,0.000767,12,59,71
Zotu6937,Zotu6937,,other,Bacteria,Proteobacteria,Gammaproteobacteria,Burkholderiales,Comamonadaceae,Hydrogenophaga,NA,Zotu6937,0.000254,5,15,20
Zotu695,Zotu695,,other,Bacteria,Proteobacteria,Gammaproteobacteria,Methylococcales,Methylomonadaceae,Methylomonas,uncultured_bacterium,Zotu695,0.00011,0,5,5
Zotu7,Zotu7,,other,Bacteria,Myxococcota,Myxococcia,Myxococcales,Myxococcaceae,uncultured,uncultured_bacterium,Zotu7,0.048225,0,3,3
Zotu1673,Zotu1673,,other,Bacteria,Spirochaetota,Spirochaetia,Spirochaetales,Spirochaetaceae,uncultured,uncultured_bacterium,Zotu1673,0.00016,2,0,2
Zotu521,Zotu521,,other,Bacteria,Bacteroidota,Bacteroidia,Bacteroidales,Bacteroidetes_BD2-2,Bacteroidetes_BD2-2,uncultured_prokaryote,Zotu521,0.000503,1,0,1
Zotu70,Zotu70,,other,Bacteria,Nitrospirota,4-29-1,4-29-1,4-29-1,4-29-1,uncultured_bacterium,Zotu70,0.004328,3,7,10
Zotu1339,Zotu1339,,other,Bacteria,Actinobacteriota,Coriobacteriia,CG2-30-50-142,CG2-30-50-142,CG2-30-50-142,Actinobacteria_bacterium,Zotu1339,0.000208,1,0,1
Zotu700,Zotu700,,other,Bacteria,Proteobacteria,Gammaproteobacteria,Burkholderiales,Rhodocyclaceae,NA,NA,Zotu700,0.000536,3,25,28
Zotu702,Zotu702,,other,Bacteria,Desulfobacterota,Desulfobulbia,Desulfobulbales,Desulfobulbaceae,uncultured,uncultured_bacterium,Zotu702,0.000157,1,9,10
Zotu1163,Zotu1163,,other,Bacteria,Spirochaetota,Spirochaetia,Spirochaetales,Spirochaetaceae,uncultured,uncultured_bacterium,Zotu1163,0.000179,1,0,1
Zotu705,Zotu705,,other,Bacteria,Myxococcota,Myxococcia,Myxococcales,Myxococcaceae,P3OB-42,uncultured_Stigmatella,Zotu705,0.000304,0,10,10
Zotu2005,Zotu2005,,other,Bacteria,Bacteroidota,Bacteroidia,Cytophagales,Microscillaceae,Ohtaekwangia,uncultured_bacterium,Zotu2005,0.000167,1,0,1
Zotu711,Zotu711,,other,Bacteria,Firmicutes,Clostridia,Peptostreptococcales-Tissierellales,Acidaminobacteraceae,Acidaminobacter,uncultured_prokaryote,Zotu711,0.000305,0,5,5
Zotu714,Zotu714,,other,Bacteria,Proteobacteria,Gammaproteobacteria,Burkholderiales,Rhodocyclaceae,Sulfuritalea,NA,Zotu714,0.000461,2,13,15
Zotu716,Zotu716,,other,Bacteria,Proteobacteria,Gammaproteobacteria,Burkholderiales,Comamonadaceae,NA,NA,Zotu716,0.000707,6,41,47
Zotu717,Zotu717,,other,Bacteria,Proteobacteria,Gammaproteobacteria,Burkholderiales,Comamonadaceae,Ramlibacter,Ramlibacter_sp.,Zotu717,0.000103,3,4,7
Zotu724,Zotu724,,other,Bacteria,Bacteroidota,Bacteroidia,Bacteroidales,SB-5,SB-5,uncultured_soil,Zotu724,0.000484,0,13,13
Zotu73,Zotu73,,other,Bacteria,Myxococcota,Myxococcia,Myxococcales,Myxococcaceae,P3OB-42,uncultured_soil,Zotu73,0.001533,1,6,7
Zotu732,Zotu732,,other,Bacteria,Proteobacteria,Gammaproteobacteria,Burkholderiales,Comamonadaceae,Acidovorax,NA,Zotu732,0.000327,0,1,1
Zotu736,Zotu736,,other,Bacteria,Desulfobacterota,Desulfobulbia,Desulfobulbales,Desulfobulbaceae,uncultured,uncultured_bacterium,Zotu736,0.000207,0,4,4
Zotu737,Zotu737,,other,Bacteria,Actinobacteriota,Acidimicrobiia,uncultured,uncultured,uncultured,NA,Zotu737,0.000113,5,28,33
Zotu739,Zotu739,,other,Bacteria,Proteobacteria,Alphaproteobacteria,Rhizobiales,Beijerinckiaceae,Methylocystis,uncultured_bacterium,Zotu739,0.000225,6,27,33
Zotu7399,Zotu7399,,other,Bacteria,Proteobacteria,Gammaproteobacteria,Burkholderiales,Comamonadaceae,Leptothrix,NA,Zotu7399,0.000521,4,35,39
Zotu743,Zotu743,,other,Bacteria,Bacteroidota,Bacteroidia,Bacteroidales,Barnesiellaceae,uncultured,uncultured_bacterium,Zotu743,0.000218,1,6,7
Zotu76,Zotu76,,other,Bacteria,Proteobacteria,Gammaproteobacteria,Burkholderiales,Gallionellaceae,Sideroxydans,NA,Zotu76,0.007992,1,1,2
Zotu24,Zotu24,,other,Bacteria,Proteobacteria,Gammaproteobacteria,Burkholderiales,Comamonadaceae,NA,NA,Zotu24,0.00798,1,0,1
Zotu765,Zotu765,,other,Bacteria,Proteobacteria,Alphaproteobacteria,Rhizobiales,Rhizobiaceae,Allorhizobium-Neorhizobium-Pararhizobium-Rhizobium,NA,Zotu765,0.000716,2,2,4
Zotu77,Zotu77,,other,Bacteria,Desulfobacterota,Desulfuromonadia,Geobacterales,Geobacteraceae,NA,NA,Zotu77,0.001408,0,1,1
Zotu614,Zotu614,,other,Bacteria,Bacteroidota,Bacteroidia,Bacteroidales,Bacteroidetes_BD2-2,Bacteroidetes_BD2-2,uncultured_prokaryote,Zotu614,0.000228,1,0,1
Zotu773,Zotu773,,other,Bacteria,Bacteroidota,Bacteroidia,Bacteroidales,Williamwhitmaniaceae,Blvii28_wastewater-sludge_group,uncultured_bacterium,Zotu773,0.000293,5,20,25
Zotu782,Zotu782,,other,Bacteria,Desulfobacterota,Desulfobacteria,Desulfobacterales,Desulfosarcinaceae,Sva0081_sediment_group,uncultured_bacterium,Zotu782,0.000384,8,51,59
Zotu79,Zotu79,,other,Bacteria,Myxococcota,Myxococcia,Myxococcales,Myxococcaceae,P3OB-42,uncultured_bacterium,Zotu79,0.003297,0,3,3
Zotu798,Zotu798,,other,Bacteria,Myxococcota,Polyangia,Polyangiales,BIrii41,BIrii41,uncultured_soil,Zotu798,0.000339,6,45,51
Zotu8,Zotu8,,other,Bacteria,Proteobacteria,Gammaproteobacteria,Burkholderiales,Burkholderiaceae,Burkholderia-Caballeronia-Paraburkholderia,Paraburkholderia_kururiensis,Zotu8,0.013262,0,1,1
Zotu310,Zotu310,,other,Bacteria,Spirochaetota,Leptospirae,Leptospirales,Leptospiraceae,RBG-16-49-21,uncultured_bacterium,Zotu310,0.000797,1,0,1
Zotu80,Zotu80,,other,Bacteria,Nitrospirota,Thermodesulfovibrionia,uncultured,uncultured,uncultured,uncultured_bacterium,Zotu80,0.00146,0,3,3
Zotu1239,Zotu1239,,other,Bacteria,Spirochaetota,Spirochaetia,Spirochaetales,Spirochaetaceae,uncultured,uncultured_soil,Zotu1239,0.000216,1,0,1
Zotu130,Zotu130,,other,Bacteria,Bacteroidota,Bacteroidia,Bacteroidales,Bacteroidetes_BD2-2,Bacteroidetes_BD2-2,uncultured_prokaryote,Zotu130,0.001335,1,0,1
Zotu343,Zotu343,,other,Bacteria,Bacteroidota,Bacteroidia,Bacteroidales,Bacteroidetes_BD2-2,Bacteroidetes_BD2-2,NA,Zotu343,0.000394,1,0,1
Zotu800,Zotu800,,other,Bacteria,Proteobacteria,Alphaproteobacteria,Rhizobiales,Methyloligellaceae,uncultured,NA,Zotu800,0.000165,7,39,46
Zotu2157,Zotu2157,,other,Bacteria,Actinobacteriota,Actinobacteria,Propionibacteriales,Nocardioidaceae,Nocardioides,Nocardioides_taihuensis,Zotu2157,0.000102,1,0,1
Zotu801,Zotu801,,other,Bacteria,Bdellovibrionota,Bdellovibrionia,Bacteriovoracales,Bacteriovoracaceae,Bacteriovorax,uncultured_bacterium,Zotu801,0.000148,1,19,20
Zotu807,Zotu807,,other,Bacteria,Actinobacteriota,Actinobacteria,Propionibacteriales,Nocardioidaceae,Nocardioides,NA,Zotu807,0.000143,4,12,16
Zotu808,Zotu808,,other,Bacteria,Proteobacteria,Alphaproteobacteria,Rhizobiales,Methyloligellaceae,uncultured,NA,Zotu808,0.000132,2,13,15
Zotu81,Zotu81,,other,Bacteria,Proteobacteria,Gammaproteobacteria,Burkholderiales,SC-I-84,SC-I-84,NA,Zotu81,0.00024,4,55,59
Zotu818,Zotu818,,other,Bacteria,Bacteroidota,Bacteroidia,Bacteroidales,Paludibacteraceae,uncultured,NA,Zotu818,0.000267,2,25,27
Zotu82,Zotu82,,other,Bacteria,Nitrospirota,4-29-1,4-29-1,4-29-1,4-29-1,NA,Zotu82,0.000549,0,2,2
Zotu824,Zotu824,,other,Bacteria,Spirochaetota,Spirochaetia,Spirochaetales,Spirochaetaceae,uncultured,uncultured_bacterium,Zotu824,0.000374,2,10,12
Zotu8300,Zotu8300,,other,Bacteria,Proteobacteria,Gammaproteobacteria,Burkholderiales,Rhodocyclaceae,NA,NA,Zotu8300,0.000179,0,16,16
Zotu8308,Zotu8308,,other,Bacteria,Proteobacteria,Gammaproteobacteria,Cellvibrionales,Cellvibrionaceae,Cellvibrio,NA,Zotu8308,0.000178,3,34,37
Zotu838,Zotu838,,other,Bacteria,Proteobacteria,Alphaproteobacteria,Rhizobiales,Beijerinckiaceae,alphaI_cluster,uncultured_bacterium,Zotu838,0.000119,0,4,4
Zotu1527,Zotu1527,,other,Bacteria,Actinobacteriota,Actinobacteria,Frankiales,Sporichthyaceae,Longivirga,uncultured_bacterium,Zotu1527,0.000153,1,0,1
Zotu84,Zotu84,,other,Bacteria,Latescibacterota,Latescibacterota,Latescibacterota,Latescibacterota,Latescibacterota,uncultured_bacterium,Zotu84,0.00026,3,25,28
Zotu848,Zotu848,,other,Bacteria,Proteobacteria,Gammaproteobacteria,Burkholderiales,Oxalobacteraceae,Herbaspirillum,NA,Zotu848,0.000827,3,37,40
Zotu8576,Zotu8576,,other,Bacteria,Proteobacteria,Gammaproteobacteria,Burkholderiales,Rhodocyclaceae,Sulfuritalea,NA,Zotu8576,0.000132,2,2,4
Zotu858,Zotu858,,other,Bacteria,Proteobacteria,Gammaproteobacteria,Burkholderiales,Comamonadaceae,NA,NA,Zotu858,0.000334,2,29,31
Zotu86,Zotu86,,other,Bacteria,Acidobacteriota,Acidobacteriae,Bryobacterales,Bryobacteraceae,Bryobacter,uncultured_bacterium,Zotu86,0.000139,1,21,22
Zotu860,Zotu860,,other,Bacteria,Bacteroidota,Bacteroidia,Bacteroidales,Barnesiellaceae,uncultured,uncultured_bacterium,Zotu860,0.00021,1,3,4
Zotu863,Zotu863,,other,Bacteria,Acidobacteriota,Holophagae,Holophagales,Holophagaceae,Geothrix,NA,Zotu863,0.000111,0,1,1
Zotu869,Zotu869,,other,Bacteria,Spirochaetota,Leptospirae,Leptospirales,Leptospiraceae,Leptonema,marine_metagenome,Zotu869,0.000186,0,16,16
Zotu87,Zotu87,,other,Bacteria,Bacteroidota,Bacteroidia,Sphingobacteriales,Lentimicrobiaceae,Lentimicrobiaceae,NA,Zotu87,0.000486,2,37,39
Zotu873,Zotu873,,other,Bacteria,Bacteroidota,Bacteroidia,Bacteroidales,SB-5,SB-5,uncultured_soil,Zotu873,0.000394,0,2,2
Zotu876,Zotu876,,other,Bacteria,NA,NA,NA,NA,NA,NA,Zotu876,0.001061,0,11,11
Zotu8781,Zotu8781,,other,Bacteria,Proteobacteria,Alphaproteobacteria,Rhodobacterales,Rhodobacteraceae,Tabrizicola,NA,Zotu8781,0.000407,1,35,36
Zotu88,Zotu88,,other,Bacteria,Bacteroidota,Kryptonia,Kryptoniales,BSV26,BSV26,uncultured_bacterium,Zotu88,0.000266,3,34,37
Zotu884,Zotu884,,other,Bacteria,Proteobacteria,Alphaproteobacteria,Rhizobiales,Xanthobacteraceae,uncultured,NA,Zotu884,0.000152,3,49,52
Zotu89,Zotu89,,other,Bacteria,Chloroflexi,Dehalococcoidia,S085,S085,S085,uncultured_bacterium,Zotu89,0.000112,0,8,8
Zotu892,Zotu892,,other,Bacteria,Spirochaetota,Spirochaetia,Spirochaetales,Spirochaetaceae,uncultured,uncultured_bacterium,Zotu892,0.000228,0,1,1
Zotu1138,Zotu1138,,other,Bacteria,Myxococcota,Polyangia,Haliangiales,Haliangiaceae,Haliangium,NA,Zotu1138,0.000252,1,0,1
Zotu899,Zotu899,,other,Bacteria,Bacteroidota,Bacteroidia,Bacteroidales,SB-5,SB-5,uncultured_bacterium,Zotu899,0.000158,1,31,32
Zotu9,Zotu9,,other,Bacteria,Proteobacteria,Alphaproteobacteria,Rhizobiales,Xanthobacteraceae,Afipia,NA,Zotu9,0.014286,1,6,7
Zotu902,Zotu902,,other,Bacteria,Desulfobacterota,Desulfuromonadia,Geobacterales,Geobacteraceae,uncultured,NA,Zotu902,0.000278,0,2,2
Zotu447,Zotu447,,other,Bacteria,Firmicutes,Clostridia,Peptostreptococcales-Tissierellales,Acidaminobacteraceae,Acidaminobacter,uncultured_prokaryote,Zotu447,0.000416,1,0,1
Zotu903,Zotu903,,other,Bacteria,Bacteroidota,Bacteroidia,Bacteroidales,SB-5,SB-5,uncultured_bacterium,Zotu903,0.000154,0,2,2
Zotu9076,Zotu9076,,other,Bacteria,Proteobacteria,Gammaproteobacteria,Burkholderiales,Rhodocyclaceae,NA,NA,Zotu9076,0.000203,1,18,19
Zotu91,Zotu91,,other,Bacteria,Proteobacteria,Gammaproteobacteria,Burkholderiales,Rhodocyclaceae,NA,NA,Zotu91,0.00269,0,2,2
Zotu20,Zotu20,,other,Bacteria,Proteobacteria,Gammaproteobacteria,Burkholderiales,Gallionellaceae,Sideroxydans,NA,Zotu20,0.007945,1,0,1
Zotu92,Zotu92,,other,Bacteria,Spirochaetota,Leptospirae,Leptospirales,Leptospiraceae,Turneriella,uncultured_bacterium,Zotu92,0.001324,0,38,38
Zotu9203,Zotu9203,,other,Bacteria,Spirochaetota,Spirochaetia,Spirochaetales,Spirochaetaceae,NA,NA,Zotu9203,0.000313,1,5,6
Zotu923,Zotu923,,other,Bacteria,Bacteroidota,Bacteroidia,Bacteroidales,Marinilabiliaceae,[Cytophaga]_xylanolytica_group,uncultured_bacterium,Zotu923,0.000108,0,1,1
Zotu1503,Zotu1503,,other,Bacteria,Bacteroidota,Bacteroidia,Bacteroidales,Barnesiellaceae,uncultured,uncultured_bacterium,Zotu1503,0.000105,1,0,1
Zotu9243,Zotu9243,,other,Bacteria,Proteobacteria,Gammaproteobacteria,Burkholderiales,Rhodocyclaceae,Sulfuritalea,uncultured_bacterium,Zotu9243,0.000422,0,11,11
Zotu93,Zotu93,,other,Bacteria,Nitrospirota,4-29-1,4-29-1,4-29-1,4-29-1,NA,Zotu93,0.000548,1,51,52
Zotu938,Zotu938,,other,Bacteria,Proteobacteria,Gammaproteobacteria,Burkholderiales,Nitrosomonadaceae,oc32,uncultured_bacterium,Zotu938,0.0005,1,80,81
Zotu94,Zotu94,,other,Bacteria,Myxococcota,Polyangia,Polyangiales,BIrii41,BIrii41,NA,Zotu94,0.002846,0,79,79
Zotu439,Zotu439,,other,Bacteria,Proteobacteria,Alphaproteobacteria,Reyranellales,Reyranellaceae,Reyranella,NA,Zotu439,0.000113,1,0,1
Zotu9486,Zotu9486,,other,Bacteria,Proteobacteria,Gammaproteobacteria,Burkholderiales,Comamonadaceae,NA,NA,Zotu9486,0.000161,1,14,15
Zotu954,Zotu954,,other,Bacteria,Proteobacteria,Gammaproteobacteria,Burkholderiales,Comamonadaceae,Pelomonas,NA,Zotu954,0.000231,0,3,3
Zotu143,Zotu143,,other,Bacteria,Proteobacteria,Gammaproteobacteria,Burkholderiales,Comamonadaceae,Pelomonas,NA,Zotu143,0.002331,1,0,1
Zotu955,Zotu955,,other,Bacteria,Proteobacteria,Gammaproteobacteria,Burkholderiales,Rhodocyclaceae,NA,NA,Zotu955,0.000104,0,2,2
Zotu963,Zotu963,,other,Bacteria,Proteobacteria,Gammaproteobacteria,Burkholderiales,Sulfuricellaceae,Ferritrophicum,uncultured_bacterium,Zotu963,0.000146,0,1,1
Zotu966,Zotu966,,other,Bacteria,Desulfobacterota,Desulfuromonadia,Geobacterales,Geobacteraceae,uncultured,NA,Zotu966,0.000108,0,4,4
Zotu968,Zotu968,,other,Bacteria,Bacteroidota,Bacteroidia,Bacteroidales,SB-5,SB-5,uncultured_bacterium,Zotu968,0.00028,0,25,25
Zotu976,Zotu976,,other,Bacteria,Proteobacteria,Gammaproteobacteria,Burkholderiales,Chromobacteriaceae,Vogesella,uncultured_bacterium,Zotu976,0.000506,0,3,3
Zotu980,Zotu980,,other,Bacteria,Actinobacteriota,Thermoleophilia,Gaiellales,Gaiellaceae,Gaiella,NA,Zotu980,0.000147,0,27,27
Zotu985,Zotu985,,other,Bacteria,Proteobacteria,Alphaproteobacteria,Rhizobiales,Rhizobiaceae,Ciceribacter,uncultured_bacterium,Zotu985,0.000525,0,4,4
Zotu9875,Zotu9875,,other,Bacteria,Proteobacteria,Gammaproteobacteria,Burkholderiales,NA,NA,NA,Zotu9875,0.001826,0,26,26
Zotu99,Zotu99,,other,Bacteria,Spirochaetota,Spirochaetia,Spirochaetales,Spirochaetaceae,Treponema,uncultured_bacterium,Zotu99,0.002659,0,6,6
Zotu990,Zotu990,,other,Bacteria,Proteobacteria,Gammaproteobacteria,Methylococcales,Methylomonadaceae,NA,NA,Zotu990,0.000112,0,2,2
Zotu995,Zotu995,,other,Bacteria,Proteobacteria,Alphaproteobacteria,Rhizobiales,Xanthobacteraceae,Bradyrhizobium,NA,Zotu995,0.000454,0,8,8
Zotu996,Zotu996,,other,Bacteria,Myxococcota,Polyangia,Polyangiales,BIrii41,BIrii41,NA,Zotu996,0.000196,0,1,1
Zotu998,Zotu998,,other,Bacteria,Acidobacteriota,Holophagae,Holophagales,Holophagaceae,uncultured,NA,Zotu998,0.000153,0,3,3
Zotu1180,Zotu1180,,other,Bacteria,Acidobacteriota,Holophagae,Holophagales,Holophagaceae,uncultured,NA,Zotu1180,0.000111,1,0,1
