"label","id","labelDiff","Kingdom","Phylum","Class","Order","Family","Genus","Species","name","abun"
"Zotu1","Zotu1","diff","Bacteria","Proteobacteria","Gammaproteobacteria","Burkholderiales","Rhodocyclaceae","uncultured","uncultured_Georgfuchsia","Zotu1",0.0650806957162036
"Zotu10","Zotu10","other","Bacteria","Firmicutes","Bacilli","Paenibacillales","Paenibacillaceae","Paenibacillus","uncultured_bacterium","Zotu10",0.0214175429001682
"Zotu100","Zotu100","other","Bacteria","Bacteroidota","Bacteroidia","Bacteroidales",NA,NA,NA,"Zotu100",0.00204020485974085
"Zotu10065","Zotu10065","other","Bacteria","Proteobacteria","Gammaproteobacteria","Burkholderiales","Rhodocyclaceae",NA,NA,"Zotu10065",0.00123048218081145
"Zotu1011","Zotu1011","other","Bacteria","Proteobacteria","Gammaproteobacteria","Burkholderiales","Oxalobacteraceae","Herbaspirillum",NA,"Zotu1011",0.000290429567939343
"Zotu1016","Zotu1016","other","Bacteria","Proteobacteria","Gammaproteobacteria","Burkholderiales","Comamonadaceae",NA,NA,"Zotu1016",0.00106689790577516
"Zotu102","Zotu102","other","Bacteria","Bacteroidota","Kryptonia","Kryptoniales","BSV26","BSV26","uncultured_bacterium","Zotu102",0.000174977182638592
"Zotu1025","Zotu1025","other","Bacteria","Proteobacteria","Alphaproteobacteria","Sphingomonadales","Sphingomonadaceae","Sphingomonas","Sphingomonas_roseiflava","Zotu1025",0.000320703155310082
"Zotu1029","Zotu1029","other","Bacteria","Proteobacteria","Gammaproteobacteria","Burkholderiales","Rhodocyclaceae","Sulfuritalea",NA,"Zotu1029",0.000272940897007567
"Zotu103","Zotu103","other","Bacteria","Proteobacteria","Gammaproteobacteria","Burkholderiales","Rhodocyclaceae","Sulfuritalea","uncultured_bacterium","Zotu103",0.00534238003497646
"Zotu10300","Zotu10300","other","Bacteria","Proteobacteria","Gammaproteobacteria","Burkholderiales",NA,NA,NA,"Zotu10300",0.000373207258907246
"Zotu1033","Zotu1033","other","Bacteria","Deinococcota","Deinococci","Thermales","Thermaceae","Meiothermus","uncultured_bacterium","Zotu1033",0.000188943894736301
"Zotu1035","Zotu1035","other","Bacteria","Bacteroidota","Bacteroidia","Bacteroidales","Paludibacteraceae","uncultured","uncultured_soil","Zotu1035",0.000242580766146296
"Zotu1036","Zotu1036","other","Bacteria","Spirochaetota","Leptospirae","Leptospirales","Leptospiraceae","Turneriella","uncultured_bacterium","Zotu1036",0.000134554558632458
"Zotu1041","Zotu1041","other","Bacteria","Fibrobacterota","Fibrobacteria","Fibrobacterales","Fibrobacterales","BBMC-4","uncultured_Leptospira","Zotu1041",0.000514786921796631
"Zotu10430","Zotu10430","other","Bacteria","Proteobacteria","Gammaproteobacteria","Burkholderiales","Rhodocyclaceae","uncultured",NA,"Zotu10430",0.000373879726628748
"Zotu1052","Zotu1052","other","Bacteria","Proteobacteria","Alphaproteobacteria","Rhizobiales","Rhizobiales_Incertae_Sedis","Phreatobacter","uncultured_bacterium","Zotu1052",0.000379269818548978
"Zotu1063","Zotu1063","other","Bacteria","Bacteroidota","Bacteroidia","Chitinophagales","Saprospiraceae","uncultured","uncultured_bacterium","Zotu1063",0.000243732372064541
"Zotu1064","Zotu1064","other","Bacteria","Bacteroidota","Bacteroidia","Bacteroidales","SB-5","SB-5","uncultured_soil","Zotu1064",0.000170240046044935
"Zotu107","Zotu107","other","Bacteria","Proteobacteria","Gammaproteobacteria","Burkholderiales","Comamonadaceae",NA,NA,"Zotu107",0.000254902484536847
"Zotu109","Zotu109","other","Bacteria","Proteobacteria","Gammaproteobacteria","Steroidobacterales","Steroidobacteraceae","uncultured",NA,"Zotu109",0.000239460801413422
"Zotu1092","Zotu1092","diff","Bacteria","FCPU426","FCPU426","FCPU426","FCPU426","FCPU426","metagenome","Zotu1092",0.000191266042307415
"Zotu1113","Zotu1113","other","Bacteria","Firmicutes","Bacilli","Bacillales",NA,NA,NA,"Zotu1113",0.000775242553232441
"Zotu1114","Zotu1114","other","Bacteria","Bacteroidota","Bacteroidia","Bacteroidales","Prolixibacteraceae","Roseimarinus","uncultured_bacterium","Zotu1114",0.000111521609954227
"Zotu11141","Zotu11141","other","Bacteria","Proteobacteria","Gammaproteobacteria","Burkholderiales","Rhodocyclaceae",NA,NA,"Zotu11141",0.000113130088471491
"Zotu1117","Zotu1117","other","Bacteria","Desulfobacterota","Desulfuromonadia","Geobacterales","Geobacteraceae",NA,NA,"Zotu1117",0.000246054785638321
"Zotu112","Zotu112","other","Bacteria","Proteobacteria","Gammaproteobacteria","Methylococcales","Methylococcaceae","Candidatus_Methylospira","uncultured_bacterium","Zotu112",0.000598928796178301
"Zotu113","Zotu113","other","Bacteria","Proteobacteria","Gammaproteobacteria","Burkholderiales","SC-I-84","SC-I-84",NA,"Zotu113",0.000141085649952529
"Zotu1134","Zotu1134","other","Bacteria","Myxococcota","Polyangia","Haliangiales","Haliangiaceae","Haliangium","uncultured_bacterium","Zotu1134",0.000193114903317442
"Zotu1142","Zotu1142","other","Bacteria","Proteobacteria","Gammaproteobacteria","Burkholderiales","Rhodocyclaceae",NA,NA,"Zotu1142",0.000190138643354248
"Zotu1147","Zotu1147","other","Bacteria","Bacteroidota","Bacteroidia","Bacteroidales","SB-5","SB-5","uncultured_soil","Zotu1147",0.000176476082884473
"Zotu115","Zotu115","other","Bacteria","Myxococcota","Myxococcia","Myxococcales","Anaeromyxobacteraceae","Anaeromyxobacter",NA,"Zotu115",0.00150973105431685
"Zotu1151","Zotu1151","other","Bacteria","Proteobacteria","Gammaproteobacteria","Methylococcales","Methylomonadaceae","Methylomonas","Methylomonas_sp.","Zotu1151",0.000100684138655784
"Zotu1155","Zotu1155","other","Bacteria","Proteobacteria","Alphaproteobacteria","Sphingomonadales","Sphingomonadaceae","Sphingomonas","Sphingomonas_roseiflava","Zotu1155",0.00028620025754995
"Zotu11729","Zotu11729","other","Bacteria","Proteobacteria","Gammaproteobacteria","Burkholderiales",NA,NA,NA,"Zotu11729",0.00209292741194757
"Zotu11736","Zotu11736","diff","Bacteria","Proteobacteria","Gammaproteobacteria","Burkholderiales","Rhodocyclaceae","Zoogloea","uncultured_bacterium","Zotu11736",0.000168088086657985
"Zotu118","Zotu118","other","Bacteria","Proteobacteria","Gammaproteobacteria","Methylococcales","Methylomonadaceae","Methylomicrobium","uncultured_bacterium","Zotu118",0.000197550068073466
"Zotu1198","Zotu1198","other","Bacteria","Firmicutes","Clostridia","Lachnospirales","Lachnospiraceae","Herbinix","uncultured_bacterium","Zotu1198",0.000121893494367118
"Zotu11993","Zotu11993","other","Bacteria","Proteobacteria","Gammaproteobacteria","Burkholderiales","Gallionellaceae",NA,NA,"Zotu11993",0.000371928022396087
"Zotu12","Zotu12","other","Bacteria","Proteobacteria","Gammaproteobacteria","Burkholderiales","Gallionellaceae","Sideroxydans",NA,"Zotu12",0.0207222241100686
"Zotu1207","Zotu1207","other","Bacteria","Proteobacteria","Gammaproteobacteria","Burkholderiales","Comamonadaceae",NA,NA,"Zotu1207",0.000264170495442633
"Zotu1208","Zotu1208","other","Bacteria","Proteobacteria","Gammaproteobacteria","Burkholderiales","Comamonadaceae","Rhizobacter",NA,"Zotu1208",0.000108992337658223
"Zotu12105","Zotu12105","other","Bacteria","Proteobacteria","Gammaproteobacteria","Burkholderiales",NA,NA,NA,"Zotu12105",0.000270646663753847
"Zotu1227","Zotu1227","other","Bacteria","Actinobacteriota","Actinobacteria","Micromonosporales","Micromonosporaceae",NA,NA,"Zotu1227",0.000189588365345948
"Zotu123","Zotu123","other","Bacteria","Proteobacteria","Gammaproteobacteria","Burkholderiales","Comamonadaceae",NA,NA,"Zotu123",0.00194269771250456
"Zotu12411","Zotu12411","other","Bacteria","Proteobacteria","Gammaproteobacteria","Burkholderiales","Rhodocyclaceae",NA,NA,"Zotu12411",0.000104644009698515
"Zotu12413","Zotu12413","other","Bacteria","Myxococcota","Myxococcia","Myxococcales","Myxococcaceae","P3OB-42","uncultured_soil","Zotu12413",0.000223082394685705
"Zotu125","Zotu125","other","Bacteria","Proteobacteria","Gammaproteobacteria","Ectothiorhodospirales","Thioalkalispiraceae","Thioalkalispira-Sulfurivermis","uncultured_bacterium","Zotu125",0.000125867569643262
"Zotu127","Zotu127","other","Bacteria","Proteobacteria","Gammaproteobacteria","Burkholderiales","Rhodocyclaceae",NA,NA,"Zotu127",0.00194151368766598
"Zotu1276","Zotu1276","diff","Bacteria","Proteobacteria","Alphaproteobacteria","Sphingomonadales","Sphingomonadaceae","Sphingobium",NA,"Zotu1276",0.000127011172729479
"Zotu12783","Zotu12783","diff","Bacteria","Proteobacteria","Gammaproteobacteria","Burkholderiales","Rhodocyclaceae","Sulfuritalea",NA,"Zotu12783",0.000242828022865961
"Zotu128","Zotu128","other","Bacteria","Proteobacteria","Gammaproteobacteria","Burkholderiales","Comamonadaceae",NA,NA,"Zotu128",0.00197911632858358
"Zotu1289","Zotu1289","other","Bacteria","Proteobacteria","Alphaproteobacteria","Rhizobiales","Xanthobacteraceae","Afipia",NA,"Zotu1289",0.000227583916184621
"Zotu129","Zotu129","diff","Bacteria","Desulfobacterota","Desulfuromonadia","Geobacterales","Geobacteraceae",NA,NA,"Zotu129",0.0012687280578986
"Zotu1312","Zotu1312","other","Bacteria","Proteobacteria","Alphaproteobacteria","Rhodobacterales","Rhodobacteraceae","Rhodobacter",NA,"Zotu1312",0.000118438539650966
"Zotu132","Zotu132","other","Bacteria","Bacteroidota","SJA-28","SJA-28","SJA-28","SJA-28","uncultured_bacterium","Zotu132",0.000202103804468672
"Zotu13220","Zotu13220","other","Bacteria","Proteobacteria","Gammaproteobacteria","Burkholderiales",NA,NA,NA,"Zotu13220",0.00016108547496944
"Zotu1323","Zotu1323","other","Bacteria","Myxococcota","Myxococcia","Myxococcales","Anaeromyxobacteraceae","Anaeromyxobacter",NA,"Zotu1323",0.00058132427767941
"Zotu13236","Zotu13236","other","Bacteria","Proteobacteria","Gammaproteobacteria","Burkholderiales","Rhodocyclaceae","Sulfuritalea",NA,"Zotu13236",0.000683616199218711
"Zotu133","Zotu133","other","Bacteria","Bacteroidota","Bacteroidia","Sphingobacteriales","Lentimicrobiaceae","Lentimicrobiaceae","uncultured_bacterium","Zotu133",0.000198564457200664
"Zotu1331","Zotu1331","other","Bacteria","Proteobacteria","Gammaproteobacteria","Methylococcales","Methylococcaceae","Methylocaldum","uncultured_bacterium","Zotu1331",0.000220564828800933
"Zotu1339","Zotu1339","other","Bacteria","Actinobacteriota","Coriobacteriia","CG2-30-50-142","CG2-30-50-142","CG2-30-50-142","Actinobacteria_bacterium","Zotu1339",0.000181986143521397
"Zotu135","Zotu135","other","Bacteria","Proteobacteria","Gammaproteobacteria","Burkholderiales","Nitrosomonadaceae","Ellin6067","uncultured_soil","Zotu135",0.000533094576109499
"Zotu1351","Zotu1351","other","Bacteria","Myxococcota","Polyangia","Polyangiales","Polyangiaceae","uncultured",NA,"Zotu1351",0.000139011302675795
"Zotu13577","Zotu13577","other","Bacteria","Myxococcota","Myxococcia","Myxococcales","Myxococcaceae","P3OB-42","uncultured_soil","Zotu13577",0.000190861631180781
"Zotu1358","Zotu1358","other","Bacteria","Proteobacteria","Gammaproteobacteria","Burkholderiales","Oxalobacteraceae","Herbaspirillum",NA,"Zotu1358",0.000224111849939082
"Zotu13664","Zotu13664","other","Bacteria","Proteobacteria","Gammaproteobacteria","Burkholderiales",NA,NA,NA,"Zotu13664",0.000131415583473778
"Zotu13666","Zotu13666","diff","Bacteria","Proteobacteria","Gammaproteobacteria","Burkholderiales",NA,NA,NA,"Zotu13666",0.000196453637223268
"Zotu13667","Zotu13667","other","Bacteria","Proteobacteria","Gammaproteobacteria","Burkholderiales","Rhodocyclaceae","Sulfuritalea",NA,"Zotu13667",0.000111111987433524
"Zotu13684","Zotu13684","other","Bacteria","Proteobacteria","Gammaproteobacteria","Burkholderiales","Rhodocyclaceae","uncultured",NA,"Zotu13684",0.000189517152177918
"Zotu13688","Zotu13688","diff","Bacteria","Proteobacteria","Gammaproteobacteria","Burkholderiales",NA,NA,NA,"Zotu13688",0.000152259825375559
"Zotu13752","Zotu13752","other","Bacteria","Proteobacteria","Gammaproteobacteria","Burkholderiales","Rhodocyclaceae",NA,NA,"Zotu13752",0.000190715911103597
"Zotu1386","Zotu1386","other","Bacteria","Myxococcota","Myxococcia","Myxococcales","Myxococcaceae","P3OB-42","uncultured_soil","Zotu1386",0.000491887704298396
"Zotu14","Zotu14","other","Bacteria","MBNT15","MBNT15","MBNT15","MBNT15","MBNT15","uncultured_prokaryote","Zotu14",0.00120797868900975
"Zotu140","Zotu140","diff","Bacteria","Myxococcota","Myxococcia","Myxococcales","Anaeromyxobacteraceae","Anaeromyxobacter",NA,"Zotu140",0.00188218017425799
"Zotu1400","Zotu1400","other","Bacteria","Verrucomicrobiota","Verrucomicrobiae","Pedosphaerales","Pedosphaeraceae","ADurb.Bin063-1","uncultured_bacterium","Zotu1400",0.000210984005814306
"Zotu14053","Zotu14053","other","Bacteria","Myxococcota","Myxococcia","Myxococcales","Anaeromyxobacteraceae","Anaeromyxobacter",NA,"Zotu14053",0.000588590118890166
"Zotu14058","Zotu14058","other","Bacteria","Myxococcota","Myxococcia","Myxococcales","Anaeromyxobacteraceae","Anaeromyxobacter",NA,"Zotu14058",0.000371619246747596
"Zotu141","Zotu141","other","Bacteria","Bacteroidota","SJA-28","SJA-28","SJA-28","SJA-28","uncultured_bacterium","Zotu141",0.000118261209810675
"Zotu14124","Zotu14124","other","Bacteria","Myxococcota","Myxococcia","Myxococcales","Myxococcaceae","P3OB-42","uncultured_soil","Zotu14124",0.000475886295493804
"Zotu14156","Zotu14156","other","Bacteria","Myxococcota","Myxococcia","Myxococcales","Anaeromyxobacteraceae","Anaeromyxobacter","myxobacterium_KC","Zotu14156",0.000336392599326756
"Zotu1417","Zotu1417","diff","Bacteria","Desulfobacterota","Desulfuromonadia","Geobacterales","Geobacteraceae","uncultured",NA,"Zotu1417",0.000120843863102234
"Zotu14179","Zotu14179","other","Bacteria","Proteobacteria","Gammaproteobacteria","Burkholderiales",NA,NA,NA,"Zotu14179",0.000290771662995053
"Zotu142","Zotu142","diff","Bacteria","Proteobacteria","Alphaproteobacteria","Rhizobiales","Beijerinckiaceae","Bosea",NA,"Zotu142",0.00104548302263129
"Zotu14275","Zotu14275","other","Bacteria","Proteobacteria","Gammaproteobacteria","Burkholderiales","Rhodocyclaceae",NA,NA,"Zotu14275",0.00166330550982311
"Zotu1450","Zotu1450","diff","Bacteria","Myxococcota","Myxococcia","Myxococcales","Myxococcaceae","P3OB-42","uncultured_soil","Zotu1450",0.000190299842397582
"Zotu1451","Zotu1451","other","Bacteria","Proteobacteria","Gammaproteobacteria","Burkholderiales","Rhodocyclaceae",NA,NA,"Zotu1451",0.00022922198671578
"Zotu1465","Zotu1465","other","Bacteria","Proteobacteria","Gammaproteobacteria","Methylococcales","Methylococcaceae","Methylocaldum","uncultured_bacterium","Zotu1465",0.000202364740219603
"Zotu14682","Zotu14682","other","Bacteria","Proteobacteria","Gammaproteobacteria","Burkholderiales","Rhodocyclaceae",NA,NA,"Zotu14682",0.00276200663298094
"Zotu1476","Zotu1476","other","Bacteria","Proteobacteria","Gammaproteobacteria","Burkholderiales","Rhodocyclaceae","Sulfuritalea","uncultured_bacterium","Zotu1476",0.000113903244891538
"Zotu1481","Zotu1481","other","Bacteria","Myxococcota","Myxococcia","Myxococcales","Myxococcaceae","P3OB-42","uncultured_soil","Zotu1481",0.00022187669158275
"Zotu1482","Zotu1482","other","Bacteria","Myxococcota","Polyangia","Haliangiales","Haliangiaceae","Haliangium","uncultured_bacterium","Zotu1482",0.000117677061192216
"Zotu149","Zotu149","other","Bacteria","Proteobacteria","Gammaproteobacteria","Methylococcales","Methylococcaceae","Candidatus_Methylospira","uncultured_bacterium","Zotu149",0.000412386050895007
"Zotu14902","Zotu14902","other","Bacteria","Proteobacteria","Gammaproteobacteria","Burkholderiales","Rhodocyclaceae","uncultured",NA,"Zotu14902",0.00012943557982214
"Zotu15","Zotu15","other","Bacteria","Bacteroidota","Bacteroidia","Bacteroidales","SB-5","SB-5","uncultured_bacterium","Zotu15",0.0154422505950471
"Zotu150","Zotu150","other","Bacteria","Bacteroidota","Bacteroidia","Bacteroidales","Bacteroidetes_vadinHA17","Bacteroidetes_vadinHA17","uncultured_bacterium","Zotu150",0.000146326801049757
"Zotu1512","Zotu1512","other","Bacteria","Proteobacteria","Gammaproteobacteria","Burkholderiales",NA,NA,NA,"Zotu1512",0.00127027281958771
"Zotu152","Zotu152","other","Bacteria","Myxococcota","Myxococcia","Myxococcales","Vulgatibacteraceae","Vulgatibacter",NA,"Zotu152",0.00308572785839619
"Zotu1527","Zotu1527","other","Bacteria","Actinobacteriota","Actinobacteria","Frankiales","Sporichthyaceae","Longivirga","uncultured_bacterium","Zotu1527",0.000137245356929521
"Zotu1533","Zotu1533","other","Bacteria","Fibrobacterota","Fibrobacteria","Fibrobacterales","Fibrobacteraceae","possible_genus_04","uncultured_bacterium","Zotu1533",0.000130004351238688
"Zotu15394","Zotu15394","other","Bacteria","Myxococcota","Myxococcia","Myxococcales","Anaeromyxobacteraceae","Anaeromyxobacter","uncultured_bacterium","Zotu15394",0.000541045018779731
"Zotu15453","Zotu15453","other","Bacteria","Proteobacteria","Gammaproteobacteria","Burkholderiales","Rhodocyclaceae",NA,NA,"Zotu15453",0.000277649307050773
"Zotu1550","Zotu1550","diff","Bacteria","Myxococcota","Polyangia","Polyangiales","Polyangiaceae",NA,NA,"Zotu1550",0.000152552030979083
"Zotu1553","Zotu1553","other","Bacteria","Chloroflexi","Chloroflexia","Chloroflexales","Roseiflexaceae","Kouleothrix","uncultured_bacterium","Zotu1553",0.000105489508159855
"Zotu157","Zotu157","other","Bacteria","Actinobacteriota","Actinobacteria","Kineosporiales","Kineosporiaceae","Kineosporia","uncultured_bacterium","Zotu157",0.0019493669449865
"Zotu15758","Zotu15758","other","Bacteria","Nitrospirota","4-29-1","4-29-1","4-29-1","4-29-1",NA,"Zotu15758",0.000121764327744502
"Zotu15992","Zotu15992","diff","Bacteria","Myxococcota","Myxococcia","Myxococcales","Anaeromyxobacteraceae","Anaeromyxobacter","myxobacterium_KC","Zotu15992",0.000874434757683509
"Zotu16","Zotu16","other","Bacteria","Fibrobacterota","Fibrobacteria","Fibrobacterales","Fibrobacterales","BBMC-4","uncultured_microorganism","Zotu16",0.0143290711516893
"Zotu16045","Zotu16045","other","Bacteria","Proteobacteria","Gammaproteobacteria","Burkholderiales","Rhodocyclaceae","uncultured",NA,"Zotu16045",0.000471924711790606
"Zotu161","Zotu161","other","Bacteria","Proteobacteria","Alphaproteobacteria","uncultured","uncultured","uncultured",NA,"Zotu161",0.000112357801762349
"Zotu16105","Zotu16105","diff","Bacteria","Nitrospirota","4-29-1","4-29-1","4-29-1","4-29-1","uncultured_Nitrospira","Zotu16105",0.000222704258650216
"Zotu16155","Zotu16155","other","Bacteria","Myxococcota","Myxococcia","Myxococcales","Myxococcaceae","P3OB-42","uncultured_soil","Zotu16155",0.000220399417607213
"Zotu16172","Zotu16172","other","Bacteria","Myxococcota","Myxococcia","Myxococcales","Myxococcaceae","uncultured","uncultured_bacterium","Zotu16172",0.00240365196701727
"Zotu162","Zotu162","other","Bacteria","Myxococcota","Myxococcia","Myxococcales","Anaeromyxobacteraceae","Anaeromyxobacter",NA,"Zotu162",0.000254704481667134
"Zotu16255","Zotu16255","other","Bacteria","Myxococcota","Polyangia","Haliangiales","Haliangiaceae","Haliangium",NA,"Zotu16255",0.000194227497060532
"Zotu163","Zotu163","other","Bacteria","Verrucomicrobiota","Verrucomicrobiae","Pedosphaerales","Pedosphaeraceae","ADurb.Bin063-1","uncultured_Verrucomicrobia","Zotu163",0.00017828920608422
"Zotu1642","Zotu1642","other","Bacteria","Myxococcota","Polyangia","Polyangiales","BIrii41","BIrii41",NA,"Zotu1642",0.000116458869062091
"Zotu16462","Zotu16462","other","Bacteria","Proteobacteria","Gammaproteobacteria","Burkholderiales","Rhodocyclaceae",NA,NA,"Zotu16462",0.000145949034973927
"Zotu16601","Zotu16601","other","Bacteria","Myxococcota","Myxococcia","Myxococcales","Myxococcaceae","P3OB-42",NA,"Zotu16601",0.00114896706597253
"Zotu16602","Zotu16602","other","Bacteria","Myxococcota","Myxococcia","Myxococcales","Myxococcaceae","P3OB-42","uncultured_soil","Zotu16602",0.000358078595170164
"Zotu16621","Zotu16621","other","Bacteria","Proteobacteria","Gammaproteobacteria","Burkholderiales","Comamonadaceae","uncultured","uncultured_bacterium","Zotu16621",0.00127511467648789
"Zotu16859","Zotu16859","other","Bacteria","Proteobacteria","Gammaproteobacteria","Burkholderiales","Gallionellaceae","Sideroxydans",NA,"Zotu16859",0.000106770390898108
"Zotu17","Zotu17","other","Bacteria","Proteobacteria","Gammaproteobacteria","Burkholderiales","Comamonadaceae","Ideonella",NA,"Zotu17",0.0136726658032411
"Zotu170","Zotu170","diff","Bacteria","Proteobacteria","Gammaproteobacteria","Burkholderiales","Gallionellaceae",NA,NA,"Zotu170",0.00152669417788616
"Zotu174","Zotu174","other","Bacteria","Proteobacteria","Gammaproteobacteria","Burkholderiales","Comamonadaceae",NA,NA,"Zotu174",0.00202498450009351
"Zotu17720","Zotu17720","other","Bacteria","Proteobacteria","Gammaproteobacteria","Burkholderiales","Leeiaceae","Leeia",NA,"Zotu17720",0.00100887830943254
"Zotu178","Zotu178","other","Bacteria","Nitrospirota","4-29-1","4-29-1","4-29-1","4-29-1","uncultured_proteobacterium","Zotu178",0.000144078930434528
"Zotu1783","Zotu1783","other","Bacteria","Proteobacteria","Gammaproteobacteria","Gammaproteobacteria_Incertae_Sedis","Unknown_Family","Acidibacter",NA,"Zotu1783",0.000137669897550638
"Zotu179","Zotu179","other","Bacteria","Myxococcota","Myxococcia","Myxococcales","Myxococcaceae","P3OB-42","uncultured_soil","Zotu179",0.00181210997058769
"Zotu1791","Zotu1791","other","Bacteria","Proteobacteria","Gammaproteobacteria","Burkholderiales","Gallionellaceae",NA,NA,"Zotu1791",0.00056860227260639
"Zotu181","Zotu181","other","Bacteria","Myxococcota","Myxococcia","Myxococcales","Myxococcaceae","P3OB-42",NA,"Zotu181",0.00159293099680031
"Zotu182","Zotu182","diff","Bacteria","Desulfobacterota","Desulfuromonadia","Geobacterales","Geobacteraceae","uncultured",NA,"Zotu182",0.000568674440412183
"Zotu183","Zotu183","diff","Bacteria","Planctomycetota","vadinHA49","vadinHA49","vadinHA49","vadinHA49",NA,"Zotu183",0.00118170129437729
"Zotu19","Zotu19","other","Bacteria","Proteobacteria","Gammaproteobacteria","Burkholderiales","Rhodocyclaceae",NA,NA,"Zotu19",0.0107452649296667
"Zotu1909","Zotu1909","other","Bacteria","Proteobacteria","Gammaproteobacteria","Burkholderiales","Chromobacteriaceae","Vogesella","uncultured_bacterium","Zotu1909",0.000118010319576218
"Zotu191","Zotu191","diff","Bacteria","Actinobacteriota","Actinobacteria","Kineosporiales","Kineosporiaceae",NA,NA,"Zotu191",0.000893424787189034
"Zotu1929","Zotu1929","other","Bacteria","Proteobacteria","Gammaproteobacteria","Burkholderiales","Comamonadaceae",NA,NA,"Zotu1929",0.0001756377113368
"Zotu193","Zotu193","other","Bacteria","Bacteroidota","Bacteroidia","Bacteroidales","Prolixibacteraceae","Roseimarinus",NA,"Zotu193",0.000978233326332637
"Zotu1941","Zotu1941","other","Bacteria","Fibrobacterota","Fibrobacteria","Fibrobacterales","Fibrobacteraceae","uncultured","Juncus_effusus","Zotu1941",0.00014341955908184
"Zotu195","Zotu195","other","Bacteria","Myxococcota","Polyangia","Polyangiales","Polyangiaceae","uncultured","metagenome","Zotu195",0.00105341882433874
"Zotu2","Zotu2","other","Bacteria","Myxococcota","Myxococcia","Myxococcales","Myxococcaceae","P3OB-42","uncultured_soil","Zotu2",0.0912105692894018
"Zotu200","Zotu200","diff","Bacteria","Proteobacteria","Gammaproteobacteria","Burkholderiales","Comamonadaceae",NA,NA,"Zotu200",0.00138107891210136
"Zotu208","Zotu208","diff","Bacteria","Bacteroidota","Bacteroidia","Bacteroidales","Prolixibacteraceae","WCHB1-32",NA,"Zotu208",0.00094140211894825
"Zotu209","Zotu209","other","Bacteria","Proteobacteria","Gammaproteobacteria","Burkholderiales","Rhodocyclaceae","Sulfuritalea","uncultured_bacterium","Zotu209",0.0013334333396728
"Zotu21","Zotu21","diff","Bacteria","Proteobacteria","Gammaproteobacteria","Burkholderiales","Gallionellaceae","Sideroxydans",NA,"Zotu21",0.00816252107358051
"Zotu211","Zotu211","other","Bacteria","Proteobacteria","Alphaproteobacteria","Rhizobiales","Xanthobacteraceae","Pseudolabrys",NA,"Zotu211",0.000369575670555171
"Zotu215","Zotu215","other","Bacteria","Bacteroidota","Bacteroidia","Bacteroidales","SB-5","SB-5",NA,"Zotu215",0.00102668821509957
"Zotu2150","Zotu2150","other","Bacteria","Proteobacteria","Gammaproteobacteria","Burkholderiales","Gallionellaceae",NA,NA,"Zotu2150",0.000213585246654157
"Zotu216","Zotu216","other","Bacteria","Proteobacteria","Alphaproteobacteria","Sphingomonadales","Sphingomonadaceae","Sphingomonas",NA,"Zotu216",0.000173067303090092
"Zotu2162","Zotu2162","other","Bacteria","Proteobacteria","Gammaproteobacteria","Burkholderiales","Comamonadaceae",NA,NA,"Zotu2162",0.000111793622809101
"Zotu219","Zotu219","other","Bacteria","Desulfobacterota","Desulfuromonadia","Geobacterales","Geobacteraceae","Geotalea","uncultured_bacterium","Zotu219",0.000151256764550656
"Zotu2191","Zotu2191","other","Bacteria",NA,NA,NA,NA,NA,NA,"Zotu2191",0.000161167670048798
"Zotu222","Zotu222","other","Bacteria","Verrucomicrobiota","Verrucomicrobiae","Pedosphaerales","Pedosphaeraceae","Pedosphaeraceae",NA,"Zotu222",0.00013454594348129
"Zotu2221","Zotu2221","other","Bacteria","Proteobacteria","Gammaproteobacteria","Burkholderiales","Rhodocyclaceae",NA,NA,"Zotu2221",0.000139167158163295
"Zotu226","Zotu226","other","Bacteria","Proteobacteria","Gammaproteobacteria","Burkholderiales","Gallionellaceae",NA,NA,"Zotu226",0.000240593288545767
"Zotu228","Zotu228","other","Bacteria","Nitrospirota","4-29-1","4-29-1","4-29-1","4-29-1","uncultured_proteobacterium","Zotu228",0.000108657249205502
"Zotu23","Zotu23","other","Bacteria","Firmicutes","Bacilli","Paenibacillales","Paenibacillaceae","Paenibacillus","uncultured_bacterium","Zotu23",0.00931306022896673
"Zotu231","Zotu231","other","Bacteria","Proteobacteria","Gammaproteobacteria","Burkholderiales","Comamonadaceae","Ideonella","uncultured_bacterium","Zotu231",0.00132713431043817
"Zotu2311","Zotu2311","other","Bacteria","Myxococcota","Myxococcia","Myxococcales",NA,NA,NA,"Zotu2311",0.000146254782173743
"Zotu238","Zotu238","other","Bacteria","Desulfobacterota","Desulfuromonadia","Geobacterales","Geobacteraceae",NA,NA,"Zotu238",0.00017984771422785
"Zotu239","Zotu239","diff","Bacteria","Proteobacteria","Gammaproteobacteria","KF-JG30-C25","KF-JG30-C25","KF-JG30-C25",NA,"Zotu239",0.00100970539100868
"Zotu244","Zotu244","other","Bacteria","Actinobacteriota","Actinobacteria","Micrococcales","Intrasporangiaceae","Intrasporangium","uncultured_bacterium","Zotu244",0.00027336763055365
"Zotu247","Zotu247","other","Bacteria","Desulfobacterota","Desulfuromonadia","Geobacterales","Geobacteraceae","Geobacter",NA,"Zotu247",0.000147001712030229
"Zotu248","Zotu248","other","Bacteria","Nitrospirota","Thermodesulfovibrionia","uncultured","uncultured","uncultured",NA,"Zotu248",0.000658067859314603
"Zotu2480","Zotu2480","other","Bacteria","Desulfobacterota","Desulfuromonadia","Geobacterales","Geobacteraceae","uncultured",NA,"Zotu2480",0.000109346612888108
"Zotu2490","Zotu2490","other","Bacteria","Proteobacteria","Alphaproteobacteria","Rhizobiales","Xanthobacteraceae","Afipia",NA,"Zotu2490",0.000132647876597249
"Zotu251","Zotu251","other","Bacteria","Proteobacteria","Gammaproteobacteria","Burkholderiales","Nitrosomonadaceae","Ellin6067",NA,"Zotu251",0.000121727434511342
"Zotu256","Zotu256","other","Bacteria","Chloroflexi","Anaerolineae","SJA-15","SJA-15","SJA-15","uncultured_bacterium","Zotu256",0.000163342707109701
"Zotu257","Zotu257","other","Bacteria","Proteobacteria","Alphaproteobacteria","Sphingomonadales","Sphingomonadaceae",NA,NA,"Zotu257",0.000335328750561039
"Zotu259","Zotu259","other","Bacteria","Actinobacteriota","Actinobacteria","Micrococcales","Intrasporangiaceae","Lapillicoccus",NA,"Zotu259",0.0001823232167906
"Zotu26","Zotu26","other","Bacteria","Proteobacteria","Gammaproteobacteria","Ectothiorhodospirales","Thioalkalispiraceae","Thioalkalispira-Sulfurivermis","uncultured_bacterium","Zotu26",0.00058097214711638
"Zotu2617","Zotu2617","other","Bacteria","Proteobacteria",NA,NA,NA,NA,NA,"Zotu2617",0.000190924247641281
"Zotu265","Zotu265","other","Bacteria","MBNT15","MBNT15","MBNT15","MBNT15","MBNT15",NA,"Zotu265",0.000123922309741221
"Zotu267","Zotu267","other","Bacteria","Myxococcota","Myxococcia","Myxococcales","Anaeromyxobacteraceae","Anaeromyxobacter",NA,"Zotu267",0.000393548546417129
"Zotu270","Zotu270","other","Bacteria","Desulfobacterota","Desulfuromonadia","Geobacterales","Geobacteraceae",NA,NA,"Zotu270",0.000106585807322339
"Zotu2720","Zotu2720","other","Bacteria","Actinobacteriota","Actinobacteria","Kineosporiales","Kineosporiaceae","Kineosporia",NA,"Zotu2720",0.000439913537602688
"Zotu2722","Zotu2722","other","Bacteria","Proteobacteria","Gammaproteobacteria","Burkholderiales",NA,NA,NA,"Zotu2722",0.000173208269417266
"Zotu285","Zotu285","other","Bacteria","Proteobacteria","Gammaproteobacteria","Burkholderiales","Methylophilaceae",NA,NA,"Zotu285",0.000494372037728422
"Zotu29","Zotu29","other","Bacteria","Bacteroidota","Bacteroidia","Bacteroidales","Prolixibacteraceae","WCHB1-32",NA,"Zotu29",0.0045993756137186
"Zotu290","Zotu290","other","Bacteria","Myxococcota","Myxococcia","Myxococcales","Anaeromyxobacteraceae","Anaeromyxobacter",NA,"Zotu290",0.000698152774300158
"Zotu293","Zotu293","other","Bacteria","Proteobacteria","Gammaproteobacteria","Burkholderiales","Burkholderiaceae","Burkholderia-Caballeronia-Paraburkholderia",NA,"Zotu293",0.000600384336381699
"Zotu297","Zotu297","diff","Bacteria","Desulfobacterota","Desulfuromonadia","Geobacterales","Geobacteraceae","uncultured",NA,"Zotu297",0.000473442148435676
"Zotu3","Zotu3","diff","Bacteria","Proteobacteria","Gammaproteobacteria","Burkholderiales","Gallionellaceae","Sideroxydans",NA,"Zotu3",0.0395287211054967
"Zotu30","Zotu30","other","Bacteria","Myxococcota","Myxococcia","Myxococcales","Anaeromyxobacteraceae","Anaeromyxobacter","uncultured_Anaeromyxobacter","Zotu30",0.00862152212881848
"Zotu300","Zotu300","other","Bacteria","Proteobacteria","Alphaproteobacteria","Rhizobiales","Xanthobacteraceae","Pseudolabrys",NA,"Zotu300",0.000170826472998749
"Zotu302","Zotu302","other","Bacteria","Bdellovibrionota","Bdellovibrionia","Bdellovibrionales","Bdellovibrionaceae","OM27_clade","uncultured_Myxococcales","Zotu302",0.000817529905056673
"Zotu306","Zotu306","other","Bacteria","Verrucomicrobiota","Verrucomicrobiae","Pedosphaerales","Pedosphaeraceae","ADurb.Bin063-1",NA,"Zotu306",0.000183790774463059
"Zotu307","Zotu307","other","Bacteria","Firmicutes","Clostridia","Clostridiales","Clostridiaceae","Clostridium_sensu_stricto_12","uncultured_bacterium","Zotu307",0.000114783450506392
"Zotu3087","Zotu3087","other","Bacteria","Proteobacteria","Gammaproteobacteria","Burkholderiales","Comamonadaceae",NA,NA,"Zotu3087",0.000107412877214688
"Zotu32","Zotu32","other","Bacteria","MBNT15","MBNT15","MBNT15","MBNT15","MBNT15","uncultured_prokaryote","Zotu32",0.000427377692852586
"Zotu323","Zotu323","diff","Bacteria","Proteobacteria","Alphaproteobacteria","Rhizobiales","Hyphomicrobiaceae","Hyphomicrobium",NA,"Zotu323",0.000481325610027961
"Zotu325","Zotu325","other","Bacteria","Myxococcota","Myxococcia","Myxococcales","Anaeromyxobacteraceae","Anaeromyxobacter",NA,"Zotu325",0.00198333795972884
"Zotu327","Zotu327","other","Bacteria","Bacteroidota","Bacteroidia","Bacteroidales","Paludibacteraceae","uncultured","uncultured_soil","Zotu327",0.000569093613180234
"Zotu33","Zotu33","other","Bacteria","Proteobacteria","Gammaproteobacteria","Burkholderiales","Comamonadaceae",NA,NA,"Zotu33",0.00647125993707116
"Zotu330","Zotu330","other","Bacteria","Actinobacteriota","Actinobacteria","Micrococcales","Microbacteriaceae","Agromyces",NA,"Zotu330",0.000188650988107729
"Zotu334","Zotu334","diff","Bacteria","Desulfobacterota","Desulfuromonadia","Geobacterales","Geobacteraceae","uncultured",NA,"Zotu334",0.000438867652492675
"Zotu344","Zotu344","other","Bacteria","Myxococcota","Myxococcia","Myxococcales","Myxococcaceae","P3OB-42","uncultured_soil","Zotu344",0.0018870095837341
"Zotu347","Zotu347","other","Bacteria","Proteobacteria","Alphaproteobacteria","Reyranellales","Reyranellaceae","Reyranella",NA,"Zotu347",0.000128744962341688
"Zotu367","Zotu367","other","Bacteria","Bacteroidota","Bacteroidia","Bacteroidales","SB-5","SB-5","uncultured_soil","Zotu367",0.000674588037602606
"Zotu37","Zotu37","diff","Bacteria","Spirochaetota","Leptospirae","Leptospirales","Leptospiraceae","Leptonema","uncultured_bacterium","Zotu37",0.00538535694221741
"Zotu370","Zotu370","diff","Bacteria","Myxococcota","Myxococcia","Myxococcales","Vulgatibacteraceae","Vulgatibacter",NA,"Zotu370",0.00119981872290796
"Zotu377","Zotu377","other","Bacteria","Proteobacteria","Gammaproteobacteria","Burkholderiales","Methylophilaceae","Methylobacillus","uncultured_bacterium","Zotu377",0.000412074760460591
"Zotu38","Zotu38","diff","Bacteria","Nitrospirota","Thermodesulfovibrionia","uncultured","uncultured","uncultured","uncultured_Nitrospiraceae","Zotu38",0.00367320842368684
"Zotu384","Zotu384","other","Bacteria","Acidobacteriota","Holophagae","Subgroup_7","Subgroup_7","Subgroup_7","Acidobacteria_bacterium","Zotu384",0.000297638763041929
"Zotu388","Zotu388","other","Bacteria","Chloroflexi","Anaerolineae","SJA-15","SJA-15","SJA-15",NA,"Zotu388",0.000177154393207364
"Zotu393","Zotu393","diff","Bacteria","Myxococcota","Polyangia","Polyangiales","Polyangiaceae",NA,NA,"Zotu393",0.000210313523816838
"Zotu396","Zotu396","diff","Bacteria","Desulfobacterota","Desulfuromonadia","Geobacterales","Geobacteraceae","uncultured",NA,"Zotu396",0.000296842661725105
"Zotu397","Zotu397","other","Bacteria","Proteobacteria","Gammaproteobacteria","Burkholderiales","Sutterellaceae","uncultured","uncultured_bacterium","Zotu397",0.000317534924538772
"Zotu4","Zotu4","other","Bacteria","Proteobacteria","Gammaproteobacteria","Burkholderiales","Hydrogenophilaceae","Thiobacillus",NA,"Zotu4",0.00242293353632192
"Zotu406","Zotu406","diff","Bacteria","Proteobacteria","Gammaproteobacteria",NA,NA,NA,NA,"Zotu406",0.000590072131731984
"Zotu417","Zotu417","other","Bacteria","Proteobacteria","Gammaproteobacteria","Burkholderiales",NA,NA,NA,"Zotu417",0.000244933071301437
"Zotu42","Zotu42","other","Bacteria","Bacteroidota","Bacteroidia","Bacteroidales","Bacteroidetes_vadinHA17","Bacteroidetes_vadinHA17","uncultured_Cytophagales","Zotu42",0.000589888249019662
"Zotu430","Zotu430","other","Bacteria","Desulfobacterota","Desulfuromonadia","Geobacterales","Geobacteraceae","uncultured","uncultured_bacterium","Zotu430",0.000296691517556797
"Zotu431","Zotu431","other","Bacteria","Spirochaetota","Spirochaetia","Spirochaetales","Spirochaetaceae","Spirochaeta_2","metagenome","Zotu431",0.000435849673360295
"Zotu432","Zotu432","other","Bacteria","Actinobacteriota","Actinobacteria","Micrococcales","Intrasporangiaceae","Intrasporangium","uncultured_bacterium","Zotu432",0.000127585646073521
"Zotu44","Zotu44","other","Bacteria","Myxococcota","Myxococcia","Myxococcales","Anaeromyxobacteraceae","Anaeromyxobacter",NA,"Zotu44",0.00647511328518496
"Zotu444","Zotu444","other","Bacteria","Myxococcota","Myxococcia","Myxococcales","Myxococcaceae",NA,NA,"Zotu444",0.000740985056250607
"Zotu446","Zotu446","other","Bacteria","Chloroflexi","Chloroflexia","Chloroflexales","Roseiflexaceae","Kouleothrix","uncultured_bacterium","Zotu446",0.000460216630826135
"Zotu45","Zotu45","diff","Bacteria","Proteobacteria","Gammaproteobacteria","Burkholderiales","Gallionellaceae","Sideroxydans",NA,"Zotu45",0.00206034521682394
"Zotu456","Zotu456","other","Bacteria","Acidobacteriota","Thermoanaerobaculia","Thermoanaerobaculales","Thermoanaerobaculaceae","Subgroup_10","uncultured_soil","Zotu456",0.00011633641841737
"Zotu4560","Zotu4560","diff","Bacteria","Myxococcota","Myxococcia","Myxococcales","Myxococcaceae","uncultured","uncultured_bacterium","Zotu4560",0.000102437090215092
"Zotu4621","Zotu4621","diff","Bacteria","Proteobacteria","Gammaproteobacteria","Burkholderiales","Rhodocyclaceae",NA,NA,"Zotu4621",0.000499440343333356
"Zotu465","Zotu465","diff","Bacteria","Bacteroidota","Bacteroidia","Bacteroidales","Prolixibacteraceae","WCHB1-32","uncultured_bacterium","Zotu465",0.000333301675453283
"Zotu466","Zotu466","other","Bacteria","Firmicutes","Clostridia","Clostridia","Hungateiclostridiaceae","uncultured","uncultured_bacterium","Zotu466",0.000492921180066717
"Zotu473","Zotu473","other","Bacteria","Proteobacteria","Alphaproteobacteria","Rhizobiales","Rhizobiaceae",NA,NA,"Zotu473",0.000562903107815003
"Zotu476","Zotu476","other","Bacteria","Proteobacteria","Gammaproteobacteria","Burkholderiales","Gallionellaceae",NA,NA,"Zotu476",0.0016889747671701
"Zotu4790","Zotu4790","other","Bacteria","Proteobacteria","Alphaproteobacteria","Rhizobiales","Rhizobiaceae","Shinella","alpha_proteobacterium","Zotu4790",0.000345285693889794
"Zotu48","Zotu48","other","Bacteria","Actinobacteriota","Actinobacteria","Micrococcales","Intrasporangiaceae","Intrasporangium","uncultured_bacterium","Zotu48",0.00125138877510489
"Zotu480","Zotu480","other","Bacteria","Proteobacteria","Gammaproteobacteria","Burkholderiales","Rhodocyclaceae","Sulfuritalea","uncultured_bacterium","Zotu480",0.00273310258787829
"Zotu482","Zotu482","other","Bacteria","Desulfobacterota","Desulfobulbia","Desulfobulbales","Desulfobulbaceae","uncultured","uncultured_bacterium","Zotu482",0.000346633694797478
"Zotu485","Zotu485","other","Bacteria","Bacteroidota","Bacteroidia","Bacteroidales","Barnesiellaceae","uncultured","uncultured_bacterium","Zotu485",0.000306563325005702
"Zotu493","Zotu493","other","Bacteria","Actinobacteriota","Coriobacteriia","OPB41","OPB41","OPB41",NA,"Zotu493",0.000101449237629306
"Zotu499","Zotu499","other","Bacteria","Proteobacteria","Alphaproteobacteria","Rhodospirillales","uncultured","uncultured","alpha_proteobacterium","Zotu499",0.000456220280405928
"Zotu5","Zotu5","other","Bacteria","Firmicutes","Bacilli","Lactobacillales","Carnobacteriaceae","Trichococcus",NA,"Zotu5",0.000450197360666517
"Zotu507","Zotu507","other","Bacteria","Myxococcota","Polyangia","Polyangiales","Polyangiaceae","Pajaroellobacter",NA,"Zotu507",0.000508454325993859
"Zotu51","Zotu51","diff","Bacteria","Desulfobacterota","Desulfuromonadia","Geobacterales","Geobacteraceae","uncultured","uncultured_bacterium","Zotu51",0.00374086031845192
"Zotu511","Zotu511","other","Bacteria","Bacteroidota","Bacteroidia","Bacteroidales","SB-5","SB-5","uncultured_soil","Zotu511",0.000534164316659606
"Zotu512","Zotu512","other","Bacteria","Proteobacteria","Gammaproteobacteria","Burkholderiales","Rhodocyclaceae","Propionivibrio","uncultured_bacterium","Zotu512",0.000690589740258471
"Zotu517","Zotu517","other","Bacteria","Myxococcota","Myxococcia","Myxococcales","Myxococcaceae",NA,NA,"Zotu517",0.000338320407901086
"Zotu52","Zotu52","diff","Bacteria","Proteobacteria","Alphaproteobacteria","Rhizobiales","Rhizobiaceae","Ciceribacter","uncultured_bacterium","Zotu52",0.00510957085563552
"Zotu522","Zotu522","other","Bacteria","Bacteroidota","Bacteroidia","Bacteroidales","Bacteroidetes_BD2-2","Bacteroidetes_BD2-2",NA,"Zotu522",0.000464477490640505
"Zotu527","Zotu527","other","Bacteria","Proteobacteria","Gammaproteobacteria","Pseudomonadales","Pseudomonadaceae","Pseudomonas",NA,"Zotu527",0.000612445632250159
"Zotu53","Zotu53","other","Bacteria","Bacteroidota","Bacteroidia","Bacteroidales","Bacteroidetes_vadinHA17","Bacteroidetes_vadinHA17",NA,"Zotu53",0.00027083841533834
"Zotu533","Zotu533","other","Bacteria","Myxococcota","Myxococcia","Myxococcales","Anaeromyxobacteraceae","Anaeromyxobacter",NA,"Zotu533",0.000357453563459922
"Zotu54","Zotu54","other","Bacteria","Bacteroidota","Bacteroidia","Bacteroidales","Bacteroidetes_vadinHA17","Bacteroidetes_vadinHA17",NA,"Zotu54",0.000274890047159072
"Zotu542","Zotu542","other","Bacteria","Proteobacteria","Gammaproteobacteria","Burkholderiales","Rhodocyclaceae","Sulfuritalea",NA,"Zotu542",0.000767224267828554
"Zotu546","Zotu546","other","Bacteria","Firmicutes","Clostridia","Lachnospirales","Lachnospiraceae","Herbinix","uncultured_bacterium","Zotu546",0.000272532111155452
"Zotu547","Zotu547","other","Bacteria","Proteobacteria","Alphaproteobacteria","Reyranellales","Reyranellaceae","Reyranella",NA,"Zotu547",0.000105335109185593
"Zotu558","Zotu558","other","Bacteria","Proteobacteria","Gammaproteobacteria","Methylococcales","Methylomonadaceae","Methylomonas","uncultured_bacterium","Zotu558",0.00020317273104487
"Zotu565","Zotu565","other","Bacteria","Chloroflexi","Chloroflexia","Chloroflexales","Roseiflexaceae","Kouleothrix","uncultured_bacterium","Zotu565",0.000336261322867587
"Zotu5776","Zotu5776","other","Bacteria","Proteobacteria","Gammaproteobacteria","Burkholderiales","Comamonadaceae",NA,NA,"Zotu5776",0.000167069035010031
"Zotu58","Zotu58","other","Bacteria","Desulfobacterota","Desulfuromonadia","Geobacterales","Geobacteraceae","Geobacter",NA,"Zotu58",0.00107771531163239
"Zotu581","Zotu581","diff","Bacteria","Proteobacteria","Gammaproteobacteria","Methylococcales","Methylococcaceae","Methyloterricola","Methyloterricola_oryzae","Zotu581",0.000238987900476576
"Zotu582","Zotu582","diff","Bacteria","Proteobacteria","Alphaproteobacteria","Rhizobiales","Xanthobacteraceae","Bradyrhizobium",NA,"Zotu582",0.000168056907692681
"Zotu585","Zotu585","diff","Bacteria","Desulfobacterota","Desulfovibrionia","Desulfovibrionales","Desulfovibrionaceae","Desulfovibrio","Desulfovibrio_sp.","Zotu585",0.000355533759212339
"Zotu593","Zotu593","other","Bacteria","Proteobacteria","Alphaproteobacteria","Rhizobiales","Xanthobacteraceae","Afipia",NA,"Zotu593",0.000564310468151894
"Zotu5941","Zotu5941","other","Bacteria","Desulfobacterota","Desulfuromonadia","Geobacterales","Geobacteraceae","uncultured",NA,"Zotu5941",0.000212784997281815
"Zotu5944","Zotu5944","other","Bacteria","Proteobacteria","Gammaproteobacteria","Burkholderiales","Rhodocyclaceae","Sulfuritalea","uncultured_bacterium","Zotu5944",0.000184599653404913
"Zotu6","Zotu6","other","Bacteria","Proteobacteria","Gammaproteobacteria","Burkholderiales","Comamonadaceae",NA,NA,"Zotu6",0.0273373202130989
"Zotu602","Zotu602","other","Bacteria","Spirochaetota","Spirochaetia","Spirochaetales","Spirochaetaceae","M2PT2-76_termite_group","uncultured_bacterium","Zotu602",0.000379913029161364
"Zotu606","Zotu606","other","Bacteria","Proteobacteria","Alphaproteobacteria","Rhizobiales","Rhizobiaceae","Allorhizobium-Neorhizobium-Pararhizobium-Rhizobium","Agrobacterium_larrymoorei","Zotu606",0.000275821796914104
"Zotu609","Zotu609","other","Bacteria","Proteobacteria","Alphaproteobacteria","Rhizobiales","Xanthobacteraceae","Bradyrhizobium",NA,"Zotu609",0.000145725735697419
"Zotu61","Zotu61","other","Bacteria","Firmicutes","Clostridia","Peptostreptococcales-Tissierellales","Anaerovoracaceae","Anaerovorax","uncultured_Anaerovorax","Zotu61",0.00127878569220731
"Zotu615","Zotu615","other","Bacteria","Proteobacteria","Gammaproteobacteria","Burkholderiales","Comamonadaceae",NA,NA,"Zotu615",0.000426676089397511
"Zotu619","Zotu619","other","Bacteria","Firmicutes","Bacilli","Paenibacillales","Paenibacillaceae","Paenibacillus",NA,"Zotu619",0.00123500087557278
"Zotu620","Zotu620","other","Bacteria","Myxococcota","Myxococcia","Myxococcales","Myxococcaceae","P3OB-42","metagenome","Zotu620",0.000265196626924589
"Zotu6206","Zotu6206","other","Bacteria","Proteobacteria","Gammaproteobacteria","Burkholderiales","Hydrogenophilaceae","uncultured","uncultured_bacterium","Zotu6206",0.000358098362123583
"Zotu622","Zotu622","other","Bacteria","Bacteroidota","Bacteroidia","Bacteroidales","Marinilabiliaceae","[Cytophaga]_xylanolytica_group","uncultured_bacterium","Zotu622",0.000276420919853274
"Zotu625","Zotu625","other","Bacteria","Proteobacteria","Alphaproteobacteria","Rhizobiales","Xanthobacteraceae","Pseudolabrys",NA,"Zotu625",0.000132142475982504
"Zotu631","Zotu631","other","Bacteria","Proteobacteria","Gammaproteobacteria","Methylococcales","Methylomonadaceae","Methylomonas","uncultured_bacterium","Zotu631",0.000175056849644515
"Zotu638","Zotu638","other","Bacteria","Myxococcota","Polyangia","Haliangiales","Haliangiaceae","Haliangium","uncultured_bacterium","Zotu638",0.00039472845623211
"Zotu639","Zotu639","other","Bacteria","Proteobacteria","Gammaproteobacteria","Burkholderiales","Rhodocyclaceae",NA,NA,"Zotu639",0.000952538040284562
"Zotu6401","Zotu6401","other","Bacteria","Myxococcota","Myxococcia","Myxococcales","Myxococcaceae","uncultured","uncultured_bacterium","Zotu6401",0.000131846099055429
"Zotu650","Zotu650","other","Bacteria","Planctomycetota","vadinHA49","vadinHA49","vadinHA49","vadinHA49",NA,"Zotu650",0.000243727825629061
"Zotu652","Zotu652","other","Bacteria","Proteobacteria","Gammaproteobacteria","Burkholderiales","Rhodocyclaceae",NA,NA,"Zotu652",0.000445293954893949
"Zotu66","Zotu66","other","Bacteria","MBNT15","MBNT15","MBNT15","MBNT15","MBNT15",NA,"Zotu66",0.000254167577779374
"Zotu660","Zotu660","other","Bacteria","Acidobacteriota","Holophagae","Subgroup_7","Subgroup_7","Subgroup_7","Acidobacteria_bacterium","Zotu660",0.000147223076454355
"Zotu68","Zotu68","other","Bacteria","Bacteroidota","Bacteroidia","Bacteroidales",NA,NA,NA,"Zotu68",0.00294212263567846
"Zotu682","Zotu682","diff","Bacteria","Desulfobacterota","Desulfuromonadia","Geobacterales","Geobacteraceae",NA,NA,"Zotu682",0.000162086039065301
"Zotu6852","Zotu6852","other","Bacteria","Myxococcota","Myxococcia","Myxococcales",NA,NA,NA,"Zotu6852",0.000675995774768855
"Zotu69","Zotu69","other","Bacteria","Proteobacteria","Gammaproteobacteria","Burkholderiales","Methylophilaceae","MM2","uncultured_bacterium","Zotu69",0.000980096058361554
"Zotu70","Zotu70","other","Bacteria","Nitrospirota","4-29-1","4-29-1","4-29-1","4-29-1","uncultured_bacterium","Zotu70",0.0032388870617835
"Zotu700","Zotu700","other","Bacteria","Proteobacteria","Gammaproteobacteria","Burkholderiales","Rhodocyclaceae",NA,NA,"Zotu700",0.000572828855863595
"Zotu702","Zotu702","other","Bacteria","Desulfobacterota","Desulfobulbia","Desulfobulbales","Desulfobulbaceae","uncultured","uncultured_bacterium","Zotu702",0.000107600622942076
"Zotu708","Zotu708","other","Bacteria","Proteobacteria","Gammaproteobacteria","Burkholderiales","Gallionellaceae",NA,NA,"Zotu708",0.000252126868646817
"Zotu714","Zotu714","other","Bacteria","Proteobacteria","Gammaproteobacteria","Burkholderiales","Rhodocyclaceae","Sulfuritalea",NA,"Zotu714",0.000572584288930167
"Zotu716","Zotu716","other","Bacteria","Proteobacteria","Gammaproteobacteria","Burkholderiales","Comamonadaceae",NA,NA,"Zotu716",0.000441598337119139
"Zotu724","Zotu724","diff","Bacteria","Bacteroidota","Bacteroidia","Bacteroidales","SB-5","SB-5","uncultured_soil","Zotu724",0.00036083116470341
"Zotu73","Zotu73","other","Bacteria","Myxococcota","Myxococcia","Myxococcales","Myxococcaceae","P3OB-42","uncultured_soil","Zotu73",0.00432976347220376
"Zotu739","Zotu739","diff","Bacteria","Proteobacteria","Alphaproteobacteria","Rhizobiales","Beijerinckiaceae","Methylocystis","uncultured_bacterium","Zotu739",0.000174161091464081
"Zotu7399","Zotu7399","other","Bacteria","Proteobacteria","Gammaproteobacteria","Burkholderiales","Comamonadaceae","Leptothrix",NA,"Zotu7399",0.000294766971649572
"Zotu765","Zotu765","other","Bacteria","Proteobacteria","Alphaproteobacteria","Rhizobiales","Rhizobiaceae","Allorhizobium-Neorhizobium-Pararhizobium-Rhizobium",NA,"Zotu765",0.000525979190169014
"Zotu77","Zotu77","diff","Bacteria","Desulfobacterota","Desulfuromonadia","Geobacterales","Geobacteraceae",NA,NA,"Zotu77",0.00180567890715131
"Zotu782","Zotu782","other","Bacteria","Desulfobacterota","Desulfobacteria","Desulfobacterales","Desulfosarcinaceae","Sva0081_sediment_group","uncultured_bacterium","Zotu782",0.000216221451109558
"Zotu798","Zotu798","other","Bacteria","Myxococcota","Polyangia","Polyangiales","BIrii41","BIrii41","uncultured_soil","Zotu798",0.000235480471053678
"Zotu801","Zotu801","other","Bacteria","Bdellovibrionota","Bdellovibrionia","Bacteriovoracales","Bacteriovoracaceae","Bacteriovorax","uncultured_bacterium","Zotu801",0.000220192843754227
"Zotu81","Zotu81","other","Bacteria","Proteobacteria","Gammaproteobacteria","Burkholderiales","SC-I-84","SC-I-84",NA,"Zotu81",0.000178918117301748
"Zotu818","Zotu818","other","Bacteria","Bacteroidota","Bacteroidia","Bacteroidales","Paludibacteraceae","uncultured",NA,"Zotu818",0.000252767860944733
"Zotu824","Zotu824","other","Bacteria","Spirochaetota","Spirochaetia","Spirochaetales","Spirochaetaceae","uncultured","uncultured_bacterium","Zotu824",0.000264339108729729
"Zotu8276","Zotu8276","other","Bacteria","Myxococcota","Myxococcia","Myxococcales","Myxococcaceae","P3OB-42","uncultured_soil","Zotu8276",0.00186784120518403
"Zotu84","Zotu84","other","Bacteria","Latescibacterota","Latescibacterota","Latescibacterota","Latescibacterota","Latescibacterota","uncultured_bacterium","Zotu84",0.000172281231551627
"Zotu848","Zotu848","other","Bacteria","Proteobacteria","Gammaproteobacteria","Burkholderiales","Oxalobacteraceae","Herbaspirillum",NA,"Zotu848",0.000413331593939596
"Zotu851","Zotu851","other","Bacteria","Proteobacteria","Gammaproteobacteria","Burkholderiales","Comamonadaceae",NA,NA,"Zotu851",0.000175965933084807
"Zotu8576","Zotu8576","other","Bacteria","Proteobacteria","Gammaproteobacteria","Burkholderiales","Rhodocyclaceae","Sulfuritalea",NA,"Zotu8576",0.000104645316549458
"Zotu858","Zotu858","other","Bacteria","Proteobacteria","Gammaproteobacteria","Burkholderiales","Comamonadaceae",NA,NA,"Zotu858",0.000230851015804026
"Zotu86","Zotu86","other","Bacteria","Acidobacteriota","Acidobacteriae","Bryobacterales","Bryobacteraceae","Bryobacter","uncultured_bacterium","Zotu86",0.000101629151017008
"Zotu869","Zotu869","diff","Bacteria","Spirochaetota","Leptospirae","Leptospirales","Leptospiraceae","Leptonema","marine_metagenome","Zotu869",0.000207011535417249
"Zotu87","Zotu87","other","Bacteria","Bacteroidota","Bacteroidia","Sphingobacteriales","Lentimicrobiaceae","Lentimicrobiaceae",NA,"Zotu87",0.000345081265987959
"Zotu873","Zotu873","other","Bacteria","Bacteroidota","Bacteroidia","Bacteroidales","SB-5","SB-5","uncultured_soil","Zotu873",0.000274349579394283
"Zotu876","Zotu876","diff","Bacteria",NA,NA,NA,NA,NA,NA,"Zotu876",0.000844777691385925
"Zotu8781","Zotu8781","other","Bacteria","Proteobacteria","Alphaproteobacteria","Rhodobacterales","Rhodobacteraceae","Tabrizicola",NA,"Zotu8781",0.000214274034154344
"Zotu88","Zotu88","other","Bacteria","Bacteroidota","Kryptonia","Kryptoniales","BSV26","BSV26","uncultured_bacterium","Zotu88",0.000176130197570535
"Zotu884","Zotu884","other","Bacteria","Proteobacteria","Alphaproteobacteria","Rhizobiales","Xanthobacteraceae","uncultured",NA,"Zotu884",0.000101547298628183
"Zotu899","Zotu899","other","Bacteria","Bacteroidota","Bacteroidia","Bacteroidales","SB-5","SB-5","uncultured_bacterium","Zotu899",0.000192104331960206
"Zotu9","Zotu9","other","Bacteria","Proteobacteria","Alphaproteobacteria","Rhizobiales","Xanthobacteraceae","Afipia",NA,"Zotu9",0.0156069661299289
"Zotu902","Zotu902","diff","Bacteria","Desulfobacterota","Desulfuromonadia","Geobacterales","Geobacteraceae","uncultured",NA,"Zotu902",0.000211407297309578
"Zotu9076","Zotu9076","other","Bacteria","Proteobacteria","Gammaproteobacteria","Burkholderiales","Rhodocyclaceae",NA,NA,"Zotu9076",0.000195585656570473
"Zotu92","Zotu92","other","Bacteria","Spirochaetota","Leptospirae","Leptospirales","Leptospiraceae","Turneriella","uncultured_bacterium","Zotu92",0.00180232692235987
"Zotu9203","Zotu9203","other","Bacteria","Spirochaetota","Spirochaetia","Spirochaetales","Spirochaetaceae",NA,NA,"Zotu9203",0.000363198961255667
"Zotu9243","Zotu9243","other","Bacteria","Proteobacteria","Gammaproteobacteria","Burkholderiales","Rhodocyclaceae","Sulfuritalea","uncultured_bacterium","Zotu9243",0.000452735606336259
"Zotu93","Zotu93","diff","Bacteria","Nitrospirota","4-29-1","4-29-1","4-29-1","4-29-1",NA,"Zotu93",0.000343226431658039
"Zotu938","Zotu938","other","Bacteria","Proteobacteria","Gammaproteobacteria","Burkholderiales","Nitrosomonadaceae","oc32","uncultured_bacterium","Zotu938",0.000282930486767363
"Zotu94","Zotu94","other","Bacteria","Myxococcota","Polyangia","Polyangiales","BIrii41","BIrii41",NA,"Zotu94",0.00214102737218342
"Zotu9486","Zotu9486","other","Bacteria","Proteobacteria","Gammaproteobacteria","Burkholderiales","Comamonadaceae",NA,NA,"Zotu9486",0.000543929029567199
"Zotu968","Zotu968","other","Bacteria","Bacteroidota","Bacteroidia","Bacteroidales","SB-5","SB-5","uncultured_bacterium","Zotu968",0.000191618546971969
"Zotu976","Zotu976","other","Bacteria","Proteobacteria","Gammaproteobacteria","Burkholderiales","Chromobacteriaceae","Vogesella","uncultured_bacterium","Zotu976",0.000291938214772339
"Zotu98","Zotu98","other","Bacteria","Proteobacteria","Gammaproteobacteria","Burkholderiales","Gallionellaceae",NA,NA,"Zotu98",0.00175349089646967
"Zotu9875","Zotu9875","other","Bacteria","Proteobacteria","Gammaproteobacteria","Burkholderiales",NA,NA,NA,"Zotu9875",0.00239761270454634
