,Id,Label,timeset,modularity_class,labeldiff,kingdom,phylum,class,order,family,genus,species,name,abun
1,Zotu1024,Zotu1024,NA,0,other,Bacteria,Verrucomicrobiota,Verrucomicrobiae,Pedosphaerales,Pedosphaeraceae,Pedosphaeraceae,NA,Zotu1024,0.000213
2,Zotu102,Zotu102,NA,0,other,Bacteria,Bacteroidota,Kryptonia,Kryptoniales,BSV26,BSV26,uncultured_bacterium,Zotu102,0.002069
3,Zotu1027,Zotu1027,NA,0,other,Bacteria,Sva0485,Sva0485,Sva0485,Sva0485,Sva0485,uncultured_soil,Zotu1027,0.000193
4,Zotu1017,Zotu1017,NA,0,other,Bacteria,Desulfobacterota,uncultured,uncultured,uncultured,uncultured,NA,Zotu1017,0.000222
5,Zotu104,Zotu104,NA,1,diff,Bacteria,Proteobacteria,Gammaproteobacteria,Burkholderiales,Rhodocyclaceae,NA,NA,Zotu104,0.000913
6,Zotu1,Zotu1,NA,1,other,Bacteria,Proteobacteria,Gammaproteobacteria,Burkholderiales,Rhodocyclaceae,uncultured,uncultured_Georgfuchsia,Zotu1,0.021815
7,Zotu10430,Zotu10430,NA,1,diff,Bacteria,Proteobacteria,Gammaproteobacteria,Burkholderiales,Rhodocyclaceae,uncultured,NA,Zotu10430,0.000194
8,Zotu10300,Zotu10300,NA,1,diff,Bacteria,Proteobacteria,Gammaproteobacteria,Burkholderiales,NA,NA,NA,Zotu10300,0.00024
9,Zotu10514,Zotu10514,NA,13,other,Bacteria,Proteobacteria,Gammaproteobacteria,Xanthomonadales,Rhodanobacteraceae,NA,NA,Zotu10514,0.000312
10,Zotu1044,Zotu1044,NA,13,other,Bacteria,Proteobacteria,Alphaproteobacteria,Caulobacterales,Caulobacteraceae,Phenylobacterium,NA,Zotu1044,0.000179
11,Zotu1080,Zotu1080,NA,21,other,Bacteria,TA06,TA06,TA06,TA06,TA06,uncultured_soil,Zotu1080,0.000232
12,Zotu1072,Zotu1072,NA,21,other,Bacteria,SAR324_clade(Marine_group_B),SAR324_clade(Marine_group_B),SAR324_clade(Marine_group_B),SAR324_clade(Marine_group_B),SAR324_clade(Marine_group_B),NA,Zotu1072,0.000239
13,Zotu1102,Zotu1102,NA,13,other,Bacteria,Proteobacteria,Alphaproteobacteria,Caulobacterales,Caulobacteraceae,Phenylobacterium,NA,Zotu1102,0.000199
14,Zotu1103,Zotu1103,NA,0,other,Bacteria,Sva0485,Sva0485,Sva0485,Sva0485,Sva0485,NA,Zotu1103,0.000196
15,Zotu1007,Zotu1007,NA,0,other,Bacteria,Myxococcota,Polyangia,Haliangiales,Haliangiaceae,Haliangium,uncultured_bacterium,Zotu1007,0.000198
16,Zotu1110,Zotu1110,NA,13,other,Bacteria,Proteobacteria,Alphaproteobacteria,Caulobacterales,Caulobacteraceae,Phenylobacterium,NA,Zotu1110,0.000155
17,Zotu1111,Zotu1111,NA,0,other,Bacteria,Myxococcota,Polyangia,Haliangiales,Haliangiaceae,Haliangium,uncultured_bacterium,Zotu1111,0.000136
18,Zotu11141,Zotu11141,NA,1,diff,Bacteria,Proteobacteria,Gammaproteobacteria,Burkholderiales,Rhodocyclaceae,NA,NA,Zotu11141,0.000146
19,Zotu1119,Zotu1119,NA,0,other,Bacteria,Proteobacteria,Gammaproteobacteria,Burkholderiales,Nitrosomonadaceae,MND1,NA,Zotu1119,0.000192
20,Zotu113,Zotu113,NA,13,other,Bacteria,Proteobacteria,Gammaproteobacteria,Burkholderiales,SC-I-84,SC-I-84,NA,Zotu113,0.001578
21,Zotu1069,Zotu1069,NA,0,other,Bacteria,Desulfobacterota,Desulfuromonadia,PB19,PB19,PB19,metagenome,Zotu1069,0.000181
22,Zotu114,Zotu114,NA,1,other,Bacteria,Gemmatimonadota,Gemmatimonadetes,Gemmatimonadales,Gemmatimonadaceae,uncultured,NA,Zotu114,0.001753
23,Zotu1034,Zotu1034,NA,5,other,Bacteria,Bacteroidota,Bacteroidia,Chitinophagales,Saprospiraceae,uncultured,NA,Zotu1034,0.000208
24,Zotu1065,Zotu1065,NA,1,other,Bacteria,Desulfobacterota,Desulfuromonadia,Geobacterales,Geobacteraceae,NA,NA,Zotu1065,0.000245
25,Zotu1142,Zotu1142,NA,1,other,Bacteria,Proteobacteria,Gammaproteobacteria,Burkholderiales,Rhodocyclaceae,NA,NA,Zotu1142,0.000116
26,Zotu1151,Zotu1151,NA,8,other,Bacteria,Proteobacteria,Gammaproteobacteria,Methylococcales,Methylomonadaceae,Methylomonas,Methylomonas_sp.,Zotu1151,0.000159
27,Zotu116,Zotu116,NA,6,other,Bacteria,Firmicutes,Clostridia,Clostridiales,Clostridiaceae,Clostridium_sensu_stricto_13,NA,Zotu116,0.00034
28,Zotu1161,Zotu1161,NA,0,other,Bacteria,Proteobacteria,Gammaproteobacteria,Burkholderiales,Nitrosomonadaceae,MND1,NA,Zotu1161,0.00018
29,Zotu11729,Zotu11729,NA,1,diff,Bacteria,Proteobacteria,Gammaproteobacteria,Burkholderiales,NA,NA,NA,Zotu11729,0.000964
30,Zotu11736,Zotu11736,NA,1,other,Bacteria,Proteobacteria,Gammaproteobacteria,Burkholderiales,Rhodocyclaceae,Zoogloea,uncultured_bacterium,Zotu11736,0.000152
31,Zotu118,Zotu118,NA,2,other,Bacteria,Proteobacteria,Gammaproteobacteria,Methylococcales,Methylomonadaceae,Methylomicrobium,uncultured_bacterium,Zotu118,0.001758
32,Zotu1133,Zotu1133,NA,2,other,Bacteria,Proteobacteria,Gammaproteobacteria,Methylococcales,Methylomonadaceae,Methylomicrobium,uncultured_bacterium,Zotu1133,0.000209
33,Zotu1185,Zotu1185,NA,21,other,Bacteria,TA06,TA06,TA06,TA06,TA06,uncultured_soil,Zotu1185,0.000189
34,Zotu1194,Zotu1194,NA,0,other,Bacteria,MBNT15,MBNT15,MBNT15,MBNT15,MBNT15,NA,Zotu1194,0.000225
35,Zotu1204,Zotu1204,NA,2,other,Bacteria,Proteobacteria,Gammaproteobacteria,Methylococcales,Methylomonadaceae,Methylomicrobium,uncultured_bacterium,Zotu1204,0.000165
36,Zotu1205,Zotu1205,NA,1,other,Bacteria,Actinobacteriota,Acidimicrobiia,Microtrichales,Ilumatobacteraceae,NA,NA,Zotu1205,0.00022
37,Zotu121,Zotu121,NA,1,diff,Bacteria,Proteobacteria,Gammaproteobacteria,Burkholderiales,Rhodocyclaceae,Dechloromonas,NA,Zotu121,0.001046
38,Zotu117,Zotu117,NA,1,diff,Bacteria,Proteobacteria,Gammaproteobacteria,Burkholderiales,Rhodocyclaceae,Dechloromonas,NA,Zotu117,0.000733
39,Zotu12105,Zotu12105,NA,1,diff,Bacteria,Proteobacteria,Gammaproteobacteria,Burkholderiales,NA,NA,NA,Zotu12105,0.00016
40,Zotu1220,Zotu1220,NA,0,other,Bacteria,Proteobacteria,Gammaproteobacteria,Burkholderiales,Nitrosomonadaceae,MND1,NA,Zotu1220,0.000169
41,Zotu1225,Zotu1225,NA,1,other,Bacteria,Chloroflexi,TK10,TK10,TK10,TK10,uncultured_bacterium,Zotu1225,0.000116
42,Zotu123,Zotu123,NA,8,other,Bacteria,Proteobacteria,Gammaproteobacteria,Burkholderiales,Comamonadaceae,NA,NA,Zotu123,0.00163
43,Zotu1195,Zotu1195,NA,1,other,Bacteria,Proteobacteria,Gammaproteobacteria,Burkholderiales,Nitrosomonadaceae,Ellin6067,NA,Zotu1195,0.000183
44,Zotu1244,Zotu1244,NA,0,other,Bacteria,Myxococcota,Polyangia,Haliangiales,Haliangiaceae,Haliangium,uncultured_bacterium,Zotu1244,0.000166
45,Zotu1245,Zotu1245,NA,0,other,Bacteria,Latescibacterota,Latescibacterota,Latescibacterota,Latescibacterota,Latescibacterota,NA,Zotu1245,0.000168
46,Zotu1249,Zotu1249,NA,13,other,Bacteria,Proteobacteria,Gammaproteobacteria,Burkholderiales,Nitrosomonadaceae,Ellin6067,NA,Zotu1249,0.000174
47,Zotu125,Zotu125,NA,0,other,Bacteria,Proteobacteria,Gammaproteobacteria,Ectothiorhodospirales,Thioalkalispiraceae,Thioalkalispira-Sulfurivermis,uncultured_bacterium,Zotu125,0.001697
48,Zotu1006,Zotu1006,NA,0,other,Bacteria,Proteobacteria,Gammaproteobacteria,CCD24,CCD24,CCD24,NA,Zotu1006,0.000213
49,Zotu1240,Zotu1240,NA,0,other,Bacteria,Spirochaetota,Spirochaetia,Spirochaetales,Spirochaetaceae,Spirochaeta,uncultured_soil,Zotu1240,0.000162
50,Zotu1256,Zotu1256,NA,0,other,Bacteria,Chloroflexi,Anaerolineae,SJA-15,SJA-15,SJA-15,NA,Zotu1256,0.000123
51,Zotu1167,Zotu1167,NA,0,other,Bacteria,Proteobacteria,Alphaproteobacteria,Rhizobiales,Xanthobacteraceae,Bradyrhizobium,NA,Zotu1167,0.000105
52,Zotu127,Zotu127,NA,1,other,Bacteria,Proteobacteria,Gammaproteobacteria,Burkholderiales,Rhodocyclaceae,NA,NA,Zotu127,0.000809
53,Zotu1271,Zotu1271,NA,13,other,Bacteria,Myxococcota,Polyangia,Polyangiales,BIrii41,BIrii41,NA,Zotu1271,0.000126
54,Zotu1250,Zotu1250,NA,13,diff,Bacteria,Firmicutes,Bacilli,Bacillales,Bacillaceae,Bacillus,NA,Zotu1250,0.000103
55,Zotu12783,Zotu12783,NA,1,diff,Bacteria,Proteobacteria,Gammaproteobacteria,Burkholderiales,Rhodocyclaceae,Sulfuritalea,NA,Zotu12783,0.000168
56,Zotu1282,Zotu1282,NA,2,other,Bacteria,Proteobacteria,Gammaproteobacteria,Methylococcales,Methylomonadaceae,Methylomicrobium,uncultured_gamma,Zotu1282,0.000142
57,Zotu129,Zotu129,NA,1,other,Bacteria,Desulfobacterota,Desulfuromonadia,Geobacterales,Geobacteraceae,NA,NA,Zotu129,0.001756
58,Zotu1213,Zotu1213,NA,1,other,Bacteria,Desulfobacterota,Desulfuromonadia,Geobacterales,Geobacteraceae,NA,NA,Zotu1213,0.000247
59,Zotu1291,Zotu1291,NA,13,other,Bacteria,Actinobacteriota,Actinobacteria,Frankiales,Geodermatophilaceae,Blastococcus,NA,Zotu1291,0.000113
60,Zotu1045,Zotu1045,NA,13,other,Bacteria,Myxococcota,Polyangia,Polyangiales,BIrii41,BIrii41,NA,Zotu1045,0.000196
61,Zotu1295,Zotu1295,NA,6,other,Bacteria,Firmicutes,Clostridia,Clostridiales,Clostridiaceae,Clostridium_sensu_stricto_1,NA,Zotu1295,0.000218
62,Zotu1231,Zotu1231,NA,6,diff,Bacteria,Firmicutes,Clostridia,Clostridiales,Clostridiaceae,Clostridium_sensu_stricto_1,Clostridium_saccharobutylicum,Zotu1231,0.000251
63,Zotu13,Zotu13,NA,1,other,Bacteria,Spirochaetota,Leptospirae,Leptospirales,Leptospiraceae,Leptonema,NA,Zotu13,0.003382
64,Zotu108,Zotu108,NA,1,other,Bacteria,Acidobacteriota,Holophagae,Holophagales,Holophagaceae,Geothrix,metagenome,Zotu108,0.00084
65,Zotu130,Zotu130,NA,1,other,Bacteria,Bacteroidota,Bacteroidia,Bacteroidales,Bacteroidetes_BD2-2,Bacteroidetes_BD2-2,uncultured_prokaryote,Zotu130,0.00088
66,Zotu101,Zotu101,NA,1,diff,Bacteria,Proteobacteria,Gammaproteobacteria,Burkholderiales,Rhodocyclaceae,Sulfuritalea,uncultured_bacterium,Zotu101,0.000975
67,Zotu1307,Zotu1307,NA,1,other,Bacteria,Bacteroidota,Bacteroidia,Bacteroidales,Bacteroidetes_BD2-2,Bacteroidetes_BD2-2,NA,Zotu1307,0.000154
68,Zotu103,Zotu103,NA,1,other,Bacteria,Proteobacteria,Gammaproteobacteria,Burkholderiales,Rhodocyclaceae,Sulfuritalea,uncultured_bacterium,Zotu103,0.003036
69,Zotu1308,Zotu1308,NA,2,other,Bacteria,Proteobacteria,Gammaproteobacteria,Methylococcales,Methylomonadaceae,Methylomicrobium,uncultured_bacterium,Zotu1308,0.000165
70,Zotu1317,Zotu1317,NA,8,other,Bacteria,Acidobacteriota,Holophagae,Holophagales,Holophagaceae,Holophaga,uncultured_bacterium,Zotu1317,0.000216
71,Zotu1259,Zotu1259,NA,8,other,Bacteria,Verrucomicrobiota,Lentisphaeria,Oligosphaerales,Lenti-02,Lenti-02,metagenome,Zotu1259,0.000216
72,Zotu132,Zotu132,NA,0,other,Bacteria,Bacteroidota,SJA-28,SJA-28,SJA-28,SJA-28,uncultured_bacterium,Zotu132,0.00158
73,Zotu1323,Zotu1323,NA,1,other,Bacteria,Myxococcota,Myxococcia,Myxococcales,Anaeromyxobacteraceae,Anaeromyxobacter,NA,Zotu1323,0.000292
74,Zotu13236,Zotu13236,NA,1,diff,Bacteria,Proteobacteria,Gammaproteobacteria,Burkholderiales,Rhodocyclaceae,Sulfuritalea,NA,Zotu13236,0.000322
75,Zotu1324,Zotu1324,NA,8,other,Bacteria,Acidobacteriota,Holophagae,Holophagales,Holophagaceae,uncultured,NA,Zotu1324,0.00012
76,Zotu1325,Zotu1325,NA,2,other,Bacteria,Proteobacteria,Gammaproteobacteria,Methylococcales,Methylomonadaceae,Methylomicrobium,uncultured_gamma,Zotu1325,0.000158
77,Zotu133,Zotu133,NA,3,other,Bacteria,Bacteroidota,Bacteroidia,Sphingobacteriales,Lentimicrobiaceae,Lentimicrobiaceae,uncultured_bacterium,Zotu133,0.001782
78,Zotu1202,Zotu1202,NA,3,other,Bacteria,Bacteroidota,Bacteroidia,Bacteroidales,Barnesiellaceae,uncultured,uncultured_bacterium,Zotu1202,0.000157
79,Zotu134,Zotu134,NA,8,other,Bacteria,Desulfobacterota,Desulfuromonadia,Geobacterales,Geobacteraceae,Citrifermentans,NA,Zotu134,0.001748
80,Zotu1347,Zotu1347,NA,13,other,Bacteria,Myxococcota,Polyangia,Polyangiales,BIrii41,BIrii41,NA,Zotu1347,0.000135
81,Zotu135,Zotu135,NA,13,other,Bacteria,Proteobacteria,Gammaproteobacteria,Burkholderiales,Nitrosomonadaceae,Ellin6067,uncultured_soil,Zotu135,0.001523
82,Zotu1355,Zotu1355,NA,13,other,Bacteria,Myxococcota,Polyangia,Polyangiales,BIrii41,BIrii41,NA,Zotu1355,0.000112
83,Zotu1374,Zotu1374,NA,0,other,Bacteria,Proteobacteria,Alphaproteobacteria,Caulobacterales,Hyphomonadaceae,SWB02,NA,Zotu1374,0.000127
84,Zotu1386,Zotu1386,NA,1,other,Bacteria,Myxococcota,Myxococcia,Myxococcales,Myxococcaceae,P3OB-42,uncultured_soil,Zotu1386,0.000104
85,Zotu1389,Zotu1389,NA,8,other,Bacteria,Proteobacteria,Gammaproteobacteria,Methylococcales,Methylomonadaceae,Methylomonas,Methylomonas_sp.,Zotu1389,0.000128
86,Zotu1390,Zotu1390,NA,5,other,Bacteria,Nitrospirota,Thermodesulfovibrionia,uncultured,uncultured,uncultured,NA,Zotu1390,0.000138
87,Zotu1398,Zotu1398,NA,0,other,Bacteria,Acidobacteriota,Acidobacteriae,Subgroup_13,Subgroup_13,Subgroup_13,uncultured_Acidobacterium,Zotu1398,0.000163
88,Zotu14,Zotu14,NA,0,other,Bacteria,MBNT15,MBNT15,MBNT15,MBNT15,MBNT15,uncultured_prokaryote,Zotu14,0.015155
89,Zotu1279,Zotu1279,NA,0,other,Bacteria,Myxococcota,Polyangia,Haliangiales,Haliangiaceae,Haliangium,NA,Zotu1279,0.000138
90,Zotu140,Zotu140,NA,1,other,Bacteria,Myxococcota,Myxococcia,Myxococcales,Anaeromyxobacteraceae,Anaeromyxobacter,NA,Zotu140,0.000732
91,Zotu14053,Zotu14053,NA,1,other,Bacteria,Myxococcota,Myxococcia,Myxococcales,Anaeromyxobacteraceae,Anaeromyxobacter,NA,Zotu14053,0.00012
92,Zotu1408,Zotu1408,NA,21,other,Bacteria,TA06,TA06,TA06,TA06,TA06,uncultured_soil,Zotu1408,0.000155
93,Zotu141,Zotu141,NA,0,other,Bacteria,Bacteroidota,SJA-28,SJA-28,SJA-28,SJA-28,uncultured_bacterium,Zotu141,0.001363
94,Zotu1410,Zotu1410,NA,13,other,Bacteria,Proteobacteria,Alphaproteobacteria,Caulobacterales,Caulobacteraceae,Phenylobacterium,NA,Zotu1410,0.000104
95,Zotu1412,Zotu1412,NA,0,other,Bacteria,Chloroflexi,Anaerolineae,SJA-15,SJA-15,SJA-15,uncultured_bacterium,Zotu1412,0.000111
96,Zotu1417,Zotu1417,NA,1,other,Bacteria,Desulfobacterota,Desulfuromonadia,Geobacterales,Geobacteraceae,uncultured,NA,Zotu1417,0.000361
97,Zotu14179,Zotu14179,NA,1,diff,Bacteria,Proteobacteria,Gammaproteobacteria,Burkholderiales,NA,NA,NA,Zotu14179,0.000265
98,Zotu143,Zotu143,NA,8,diff,Bacteria,Proteobacteria,Gammaproteobacteria,Burkholderiales,Comamonadaceae,Pelomonas,NA,Zotu143,0.001385
99,Zotu1435,Zotu1435,NA,5,other,Bacteria,Actinobacteriota,Actinobacteria,PeM15,PeM15,PeM15,NA,Zotu1435,0.000124
100,Zotu144,Zotu144,NA,1,diff,Bacteria,Proteobacteria,Gammaproteobacteria,Burkholderiales,Rhodocyclaceae,NA,NA,Zotu144,0.000705
101,Zotu1443,Zotu1443,NA,6,diff,Bacteria,Firmicutes,Clostridia,Clostridiales,Clostridiaceae,Clostridium_sensu_stricto_1,NA,Zotu1443,0.000101
102,Zotu105,Zotu105,NA,6,diff,Bacteria,Firmicutes,Clostridia,Clostridiales,Clostridiaceae,Clostridium_sensu_stricto_1,NA,Zotu105,0.000889
103,Zotu145,Zotu145,NA,0,other,Bacteria,Bacteroidota,SJA-28,SJA-28,SJA-28,SJA-28,uncultured_bacterium,Zotu145,0.001263
104,Zotu1397,Zotu1397,NA,6,other,Bacteria,Firmicutes,Clostridia,Clostridiales,Clostridiaceae,Clostridium_sensu_stricto_12,Clostridium_magnum,Zotu1397,0.00014
105,Zotu1451,Zotu1451,NA,1,other,Bacteria,Proteobacteria,Gammaproteobacteria,Burkholderiales,Rhodocyclaceae,NA,NA,Zotu1451,0.000111
106,Zotu14682,Zotu14682,NA,1,diff,Bacteria,Proteobacteria,Gammaproteobacteria,Burkholderiales,Rhodocyclaceae,NA,NA,Zotu14682,0.000926
107,Zotu1472,Zotu1472,NA,21,other,Bacteria,Desulfobacterota,Desulfobacteria,Desulfatiglandales,Desulfatiglandaceae,Desulfatiglans,NA,Zotu1472,0.000165
108,Zotu1241,Zotu1241,NA,21,other,Bacteria,Bacteroidota,Kryptonia,Kryptoniales,BSV26,BSV26,Ignavibacteria_bacterium,Zotu1241,0.000193
109,Zotu1474,Zotu1474,NA,13,other,Bacteria,Myxococcota,Polyangia,Polyangiales,Polyangiaceae,NA,NA,Zotu1474,0.000141
110,Zotu1475,Zotu1475,NA,1,other,Bacteria,Myxococcota,Polyangia,Polyangiales,Polyangiaceae,Minicystis,uncultured_bacterium,Zotu1475,0.00011
111,Zotu1479,Zotu1479,NA,0,other,Bacteria,Myxococcota,Myxococcia,Myxococcales,Anaeromyxobacteraceae,Anaeromyxobacter,NA,Zotu1479,0.00012
112,Zotu1485,Zotu1485,NA,0,other,Bacteria,Bacteroidota,Bacteroidia,Bacteroidales,SB-5,SB-5,uncultured_bacterium,Zotu1485,0.000124
113,Zotu1031,Zotu1031,NA,1,other,Bacteria,Desulfobacterota,uncultured,uncultured,uncultured,uncultured,Myxococcales_bacterium,Zotu1031,0.000185
114,Zotu149,Zotu149,NA,4,other,Bacteria,Proteobacteria,Gammaproteobacteria,Methylococcales,Methylococcaceae,Candidatus_Methylospira,uncultured_bacterium,Zotu149,0.001475
115,Zotu112,Zotu112,NA,4,other,Bacteria,Proteobacteria,Gammaproteobacteria,Methylococcales,Methylococcaceae,Candidatus_Methylospira,uncultured_bacterium,Zotu112,0.00193
116,Zotu14902,Zotu14902,NA,1,other,Bacteria,Proteobacteria,Gammaproteobacteria,Burkholderiales,Rhodocyclaceae,uncultured,NA,Zotu14902,0.000129
117,Zotu1529,Zotu1529,NA,6,other,Bacteria,Firmicutes,Clostridia,Clostridiales,Clostridiaceae,Clostridium_sensu_stricto_12,Clostridium_magnum,Zotu1529,0.000102
118,Zotu15394,Zotu15394,NA,1,other,Bacteria,Myxococcota,Myxococcia,Myxococcales,Anaeromyxobacteraceae,Anaeromyxobacter,uncultured_bacterium,Zotu15394,0.00014
119,Zotu15453,Zotu15453,NA,1,other,Bacteria,Proteobacteria,Gammaproteobacteria,Burkholderiales,Rhodocyclaceae,NA,NA,Zotu15453,0.000133
120,Zotu1552,Zotu1552,NA,8,other,Bacteria,Verrucomicrobiota,Lentisphaeria,Oligosphaerales,Lenti-02,Lenti-02,metagenome,Zotu1552,0.000185
121,Zotu1592,Zotu1592,NA,0,other,Bacteria,Zixibacteria,Zixibacteria,Zixibacteria,Zixibacteria,Zixibacteria,uncultured_bacterium,Zotu1592,0.000116
122,Zotu16,Zotu16,NA,1,other,Bacteria,Fibrobacterota,Fibrobacteria,Fibrobacterales,Fibrobacterales,BBMC-4,uncultured_microorganism,Zotu16,0.002782
123,Zotu160,Zotu160,NA,6,other,Bacteria,Firmicutes,Clostridia,Clostridiales,Clostridiaceae,Clostridium_sensu_stricto_1,NA,Zotu160,0.000234
124,Zotu16045,Zotu16045,NA,1,other,Bacteria,Proteobacteria,Gammaproteobacteria,Burkholderiales,Rhodocyclaceae,uncultured,NA,Zotu16045,0.000248
125,Zotu1605,Zotu1605,NA,1,other,Bacteria,Proteobacteria,Gammaproteobacteria,Aeromonadales,Aeromonadaceae,Tolumonas,uncultured_bacterium,Zotu1605,0.000125
126,Zotu161,Zotu161,NA,0,other,Bacteria,Proteobacteria,Alphaproteobacteria,uncultured,uncultured,uncultured,NA,Zotu161,0.001153
127,Zotu1328,Zotu1328,NA,13,other,Bacteria,Acidobacteriota,Holophagae,Subgroup_7,Subgroup_7,Subgroup_7,Acidobacteria_bacterium,Zotu1328,0.000138
128,Zotu1612,Zotu1612,NA,13,other,Bacteria,Myxococcota,Polyangia,Haliangiales,Haliangiaceae,Haliangium,NA,Zotu1612,0.000117
129,Zotu1614,Zotu1614,NA,13,other,Bacteria,Hydrogenedentes,Hydrogenedentia,Hydrogenedentiales,Hydrogenedensaceae,Hydrogenedensaceae,uncultured_bacterium,Zotu1614,0.000113
130,Zotu1252,Zotu1252,NA,13,other,Bacteria,Myxococcota,Polyangia,mle1-27,mle1-27,mle1-27,uncultured_bacterium,Zotu1252,0.000142
131,Zotu16155,Zotu16155,NA,1,other,Bacteria,Myxococcota,Myxococcia,Myxococcales,Myxococcaceae,P3OB-42,uncultured_soil,Zotu16155,0.000138
132,Zotu16172,Zotu16172,NA,1,other,Bacteria,Myxococcota,Myxococcia,Myxococcales,Myxococcaceae,uncultured,uncultured_bacterium,Zotu16172,0.000284
133,Zotu1634,Zotu1634,NA,0,other,Bacteria,Desulfobacterota,Desulfuromonadia,PB19,PB19,PB19,metagenome,Zotu1634,0.000111
134,Zotu1375,Zotu1375,NA,13,other,Bacteria,Desulfobacterota,Desulfuromonadia,PB19,PB19,PB19,metagenome,Zotu1375,0.000123
135,Zotu1486,Zotu1486,NA,0,other,Bacteria,Proteobacteria,Gammaproteobacteria,Burkholderiales,SC-I-84,SC-I-84,NA,Zotu1486,0.000121
136,Zotu1641,Zotu1641,NA,35,other,Bacteria,Chloroflexi,Anaerolineae,SJA-15,SJA-15,SJA-15,uncultured_bacterium,Zotu1641,0.000116
137,Zotu1129,Zotu1129,NA,35,other,Bacteria,Chloroflexi,Anaerolineae,SJA-15,SJA-15,SJA-15,uncultured_bacterium,Zotu1129,0.000155
138,Zotu16478,Zotu16478,NA,1,other,Bacteria,Proteobacteria,Gammaproteobacteria,Burkholderiales,Rhodocyclaceae,NA,NA,Zotu16478,0.000184
139,Zotu165,Zotu165,NA,8,other,Bacteria,Proteobacteria,Gammaproteobacteria,Burkholderiales,Comamonadaceae,NA,NA,Zotu165,0.001522
140,Zotu1026,Zotu1026,NA,8,other,Bacteria,Proteobacteria,Gammaproteobacteria,Burkholderiales,Comamonadaceae,NA,NA,Zotu1026,0.000161
141,Zotu1659,Zotu1659,NA,1,other,Bacteria,Verrucomicrobiota,Verrucomicrobiae,Pedosphaerales,Pedosphaeraceae,ADurb.Bin063-1,uncultured_Verrucomicrobia,Zotu1659,0.000119
142,Zotu16601,Zotu16601,NA,1,other,Bacteria,Myxococcota,Myxococcia,Myxococcales,Myxococcaceae,P3OB-42,NA,Zotu16601,0.000118
143,Zotu16621,Zotu16621,NA,1,other,Bacteria,Proteobacteria,Gammaproteobacteria,Burkholderiales,Comamonadaceae,uncultured,uncultured_bacterium,Zotu16621,0.000867
144,Zotu167,Zotu167,NA,13,other,Bacteria,Nitrospirota,Thermodesulfovibrionia,uncultured,uncultured,uncultured,uncultured_bacterium,Zotu167,0.001161
145,Zotu1440,Zotu1440,NA,13,other,Bacteria,Latescibacterota,Latescibacterota,Latescibacterota,Latescibacterota,Latescibacterota,uncultured_bacterium,Zotu1440,0.000135
146,Zotu1675,Zotu1675,NA,21,other,Bacteria,RCP2-54,RCP2-54,RCP2-54,RCP2-54,RCP2-54,uncultured_Desulfuromonadales,Zotu1675,0.000127
147,Zotu1677,Zotu1677,NA,1,other,Bacteria,Sva0485,Sva0485,Sva0485,Sva0485,Sva0485,uncultured_delta,Zotu1677,0.000139
148,Zotu1678,Zotu1678,NA,0,diff,Bacteria,Acidobacteriota,Acidobacteriae,Subgroup_13,Subgroup_13,Subgroup_13,uncultured_bacterium,Zotu1678,0.000112
149,Zotu16799,Zotu16799,NA,13,other,Bacteria,Proteobacteria,Gammaproteobacteria,Burkholderiales,Nitrosomonadaceae,Ellin6067,uncultured_beta,Zotu16799,0.000164
150,Zotu1683,Zotu1683,NA,0,other,Bacteria,Proteobacteria,Gammaproteobacteria,Burkholderiales,TRA3-20,TRA3-20,NA,Zotu1683,0.000185
151,Zotu1689,Zotu1689,NA,21,diff,Bacteria,SAR324_clade(Marine_group_B),SAR324_clade(Marine_group_B),SAR324_clade(Marine_group_B),SAR324_clade(Marine_group_B),SAR324_clade(Marine_group_B),NA,Zotu1689,0.000149
152,Zotu1691,Zotu1691,NA,2,other,Bacteria,Proteobacteria,Gammaproteobacteria,Methylococcales,Methylomonadaceae,Methylomicrobium,uncultured_bacterium,Zotu1691,0.000128
153,Zotu1696,Zotu1696,NA,8,other,Bacteria,Proteobacteria,Gammaproteobacteria,Burkholderiales,Sutterellaceae,uncultured,NA,Zotu1696,0.000127
154,Zotu1707,Zotu1707,NA,1,other,Bacteria,Proteobacteria,Gammaproteobacteria,Methylococcales,Methylococcaceae,Methylocaldum,uncultured_bacterium,Zotu1707,0.000113
155,Zotu1712,Zotu1712,NA,5,other,Bacteria,Myxococcota,Polyangia,UASB-TL25,UASB-TL25,UASB-TL25,uncultured_bacterium,Zotu1712,0.000138
156,Zotu173,Zotu173,NA,1,other,Bacteria,Bacteroidota,Bacteroidia,Bacteroidales,SB-5,SB-5,uncultured_bacterium,Zotu173,0.000996
157,Zotu174,Zotu174,NA,8,diff,Bacteria,Proteobacteria,Gammaproteobacteria,Burkholderiales,Comamonadaceae,NA,NA,Zotu174,0.00062
158,Zotu1756,Zotu1756,NA,1,other,Bacteria,Myxococcota,Myxococcia,Myxococcales,Myxococcaceae,uncultured,uncultured_bacterium,Zotu1756,0.000201
159,Zotu1764,Zotu1764,NA,8,diff,Bacteria,Bacteroidota,Bacteroidia,Bacteroidales,Prolixibacteraceae,uncultured,NA,Zotu1764,0.000183
160,Zotu177,Zotu177,NA,6,diff,Bacteria,Firmicutes,Clostridia,Peptostreptococcales-Tissierellales,Peptostreptococcaceae,Romboutsia,uncultured_Clostridium,Zotu177,0.000905
161,Zotu1770,Zotu1770,NA,6,other,Bacteria,Firmicutes,Clostridia,Clostridiales,Clostridiaceae,Clostridium_sensu_stricto_12,Clostridium_magnum,Zotu1770,0.00034
162,Zotu17720,Zotu17720,NA,8,diff,Bacteria,Proteobacteria,Gammaproteobacteria,Burkholderiales,Leeiaceae,Leeia,NA,Zotu17720,0.000511
163,Zotu1788,Zotu1788,NA,8,other,Bacteria,Proteobacteria,Gammaproteobacteria,Burkholderiales,Rhodocyclaceae,NA,NA,Zotu1788,0.000182
164,Zotu1792,Zotu1792,NA,13,other,Bacteria,Actinobacteriota,Coriobacteriia,OPB41,OPB41,OPB41,uncultured_Coriobacteriia,Zotu1792,0.000101
165,Zotu181,Zotu181,NA,1,other,Bacteria,Myxococcota,Myxococcia,Myxococcales,Myxococcaceae,P3OB-42,NA,Zotu181,0.000766
166,Zotu1816,Zotu1816,NA,14,diff,Bacteria,Verrucomicrobiota,Verrucomicrobiae,Pedosphaerales,Pedosphaeraceae,Pedosphaeraceae,NA,Zotu1816,0.000139
167,Zotu1020,Zotu1020,NA,14,diff,Bacteria,Desulfobacterota,Syntrophobacteria,Syntrophobacterales,Syntrophobacteraceae,Syntrophobacter,uncultured_prokaryote,Zotu1020,0.000216
168,Zotu1772,Zotu1772,NA,14,other,Bacteria,Bacteroidota,Kryptonia,Kryptoniales,BSV26,BSV26,NA,Zotu1772,0.000123
169,Zotu182,Zotu182,NA,1,diff,Bacteria,Desulfobacterota,Desulfuromonadia,Geobacterales,Geobacteraceae,uncultured,NA,Zotu182,0.001986
170,Zotu1824,Zotu1824,NA,6,diff,Bacteria,Firmicutes,Clostridia,Clostridiales,Clostridiaceae,Clostridium_sensu_stricto_1,NA,Zotu1824,0.000168
171,Zotu1830,Zotu1830,NA,0,other,Bacteria,Desulfobacterota,Desulfuromonadia,Desulfuromonadia,Desulfuromonadaceae,Desulfuromonas,uncultured_bacterium,Zotu1830,0.000117
172,Zotu1832,Zotu1832,NA,1,diff,Bacteria,Proteobacteria,Gammaproteobacteria,Burkholderiales,Comamonadaceae,NA,NA,Zotu1832,0.000112
173,Zotu1856,Zotu1856,NA,21,other,Bacteria,Planctomycetota,Pla3_lineage,Pla3_lineage,Pla3_lineage,Pla3_lineage,metagenome,Zotu1856,0.000112
174,Zotu187,Zotu187,NA,1,other,Bacteria,Bacteroidota,Bacteroidia,Bacteroidales,Bacteroidetes_BD2-2,Bacteroidetes_BD2-2,NA,Zotu187,0.000574
175,Zotu1871,Zotu1871,NA,6,other,Bacteria,Firmicutes,Clostridia,Clostridiales,Clostridiaceae,Clostridium_sensu_stricto_1,NA,Zotu1871,0.000118
176,Zotu1874,Zotu1874,NA,31,other,Bacteria,Bacteroidota,Bacteroidia,Cytophagales,Microscillaceae,NA,NA,Zotu1874,0.000274
177,Zotu1387,Zotu1387,NA,31,other,Bacteria,Bacteroidota,Bacteroidia,Cytophagales,Microscillaceae,OLB12,NA,Zotu1387,0.000177
178,Zotu1888,Zotu1888,NA,5,other,Bacteria,Verrucomicrobiota,Kiritimatiellae,WCHB1-41,WCHB1-41,WCHB1-41,uncultured_Verrucomicrobia,Zotu1888,0.000102
179,Zotu19,Zotu19,NA,1,other,Bacteria,Proteobacteria,Gammaproteobacteria,Burkholderiales,Rhodocyclaceae,NA,NA,Zotu19,0.004334
180,Zotu1029,Zotu1029,NA,1,other,Bacteria,Proteobacteria,Gammaproteobacteria,Burkholderiales,Rhodocyclaceae,Sulfuritalea,NA,Zotu1029,0.000136
181,Zotu1908,Zotu1908,NA,5,other,Bacteria,Proteobacteria,Gammaproteobacteria,Pseudomonadales,Pseudomonadaceae,Pseudomonas,Pseudomonas_oryzae,Zotu1908,1.00E-04
182,Zotu1912,Zotu1912,NA,7,other,Bacteria,Acidobacteriota,Acidobacteriae,Bryobacterales,Bryobacteraceae,Bryobacter,uncultured_bacterium,Zotu1912,0.000211
183,Zotu1504,Zotu1504,NA,7,diff,Bacteria,Verrucomicrobiota,Verrucomicrobiae,Pedosphaerales,Pedosphaeraceae,ADurb.Bin063-1,NA,Zotu1504,0.000157
184,Zotu193,Zotu193,NA,1,diff,Bacteria,Bacteroidota,Bacteroidia,Bacteroidales,Prolixibacteraceae,Roseimarinus,NA,Zotu193,0.000216
185,Zotu1933,Zotu1933,NA,21,other,Bacteria,Gemmatimonadota,Gemmatimonadetes,Gemmatimonadales,Gemmatimonadaceae,uncultured,Gemmatimonadetes_bacterium,Zotu1933,0.000104
186,Zotu1206,Zotu1206,NA,21,other,Bacteria,Gemmatimonadota,S0134_terrestrial_group,S0134_terrestrial_group,S0134_terrestrial_group,S0134_terrestrial_group,uncultured_bacterium,Zotu1206,0.000173
187,Zotu1247,Zotu1247,NA,21,other,Bacteria,Acidobacteriota,Subgroup_22,Subgroup_22,Subgroup_22,Subgroup_22,NA,Zotu1247,0.000169
188,Zotu1934,Zotu1934,NA,1,other,Bacteria,Proteobacteria,Gammaproteobacteria,Methylococcales,Methylococcaceae,Methyloterricola,Methyloterricola_oryzae,Zotu1934,0.000108
189,Zotu1628,Zotu1628,NA,1,other,Bacteria,Proteobacteria,Gammaproteobacteria,Methylococcales,Methylococcaceae,NA,NA,Zotu1628,0.000244
190,Zotu196,Zotu196,NA,0,other,Bacteria,Proteobacteria,Gammaproteobacteria,Xanthomonadales,Xanthomonadaceae,NA,NA,Zotu196,0.001129
191,Zotu1966,Zotu1966,NA,8,other,Bacteria,Desulfobacterota,Desulfobacteria,Desulfobacterales,Desulfococcaceae,Desulfonema,uncultured_bacterium,Zotu1966,0.000151
192,Zotu1901,Zotu1901,NA,8,other,Bacteria,Desulfobacterota,Desulfobacteria,Desulfobacterales,Desulfococcaceae,Desulfonema,uncultured_bacterium,Zotu1901,0.000185
193,Zotu1992,Zotu1992,NA,9,other,Bacteria,Proteobacteria,Alphaproteobacteria,Acetobacterales,NA,NA,NA,Zotu1992,0.000218
194,Zotu1801,Zotu1801,NA,9,other,Bacteria,Proteobacteria,Alphaproteobacteria,Acetobacterales,Acetobacteraceae,NA,NA,Zotu1801,0.000122
195,Zotu2,Zotu2,NA,1,other,Bacteria,Myxococcota,Myxococcia,Myxococcales,Myxococcaceae,P3OB-42,uncultured_soil,Zotu2,0.009459
196,Zotu10,Zotu10,NA,11,other,Bacteria,Firmicutes,Bacilli,Paenibacillales,Paenibacillaceae,Paenibacillus,uncultured_bacterium,Zotu10,0.002476
197,Zotu200,Zotu200,NA,8,other,Bacteria,Proteobacteria,Gammaproteobacteria,Burkholderiales,Comamonadaceae,NA,NA,Zotu200,0.000777
198,Zotu2014,Zotu2014,NA,0,other,Bacteria,Sva0485,Sva0485,Sva0485,Sva0485,Sva0485,uncultured_delta,Zotu2014,0.000109
199,Zotu203,Zotu203,NA,0,other,Bacteria,Proteobacteria,Gammaproteobacteria,Burkholderiales,Nitrosomonadaceae,Ellin6067,uncultured_soil,Zotu203,0.001066
200,Zotu2037,Zotu2037,NA,1,other,Bacteria,Patescibacteria,WWE3,WWE3,WWE3,WWE3,uncultured_anaerobic,Zotu2037,0.000101
201,Zotu2051,Zotu2051,NA,8,other,Bacteria,Myxococcota,Polyangia,PS-B29,PS-B29,PS-B29,uncultured_organism,Zotu2051,0.000107
202,Zotu206,Zotu206,NA,13,other,Bacteria,Chloroflexi,NA,NA,NA,NA,NA,Zotu206,0.001109
203,Zotu1254,Zotu1254,NA,13,diff,Bacteria,Chloroflexi,NLS2-31,NLS2-31,NLS2-31,NLS2-31,uncultured_bacterium,Zotu1254,0.00018
204,Zotu2099,Zotu2099,NA,8,other,Bacteria,NA,NA,NA,NA,NA,NA,Zotu2099,0.000122
205,Zotu21,Zotu21,NA,1,diff,Bacteria,Proteobacteria,Gammaproteobacteria,Burkholderiales,Gallionellaceae,Sideroxydans,NA,Zotu21,0.003002
206,Zotu211,Zotu211,NA,0,other,Bacteria,Proteobacteria,Alphaproteobacteria,Rhizobiales,Xanthobacteraceae,Pseudolabrys,NA,Zotu211,0.000754
207,Zotu2116,Zotu2116,NA,10,other,Bacteria,Bacteroidota,Bacteroidia,Bacteroidales,Prolixibacteraceae,BSV13,uncultured_bacterium,Zotu2116,0.00011
208,Zotu1608,Zotu1608,NA,10,other,Bacteria,Bacteroidota,Bacteroidia,Bacteroidales,Prolixibacteraceae,BSV13,uncultured_bacterium,Zotu1608,0.000169
209,Zotu212,Zotu212,NA,1,other,Bacteria,Myxococcota,Polyangia,Haliangiales,Haliangiaceae,Haliangium,NA,Zotu212,0.000664
210,Zotu213,Zotu213,NA,1,other,Bacteria,Proteobacteria,Gammaproteobacteria,Burkholderiales,Rhodocyclaceae,uncultured,uncultured_bacterium,Zotu213,0.000808
211,Zotu2135,Zotu2135,NA,8,other,Bacteria,Bacteroidota,Bacteroidia,Bacteroidales,Bacteroidetes_vadinHA17,Bacteroidetes_vadinHA17,NA,Zotu2135,0.000698
212,Zotu2136,Zotu2136,NA,0,other,Bacteria,Sva0485,Sva0485,Sva0485,Sva0485,Sva0485,NA,Zotu2136,0.000361
213,Zotu2152,Zotu2152,NA,8,other,Bacteria,Desulfobacterota,Desulfobacteria,Desulfobacterales,NA,NA,NA,Zotu2152,0.000158
214,Zotu1177,Zotu1177,NA,8,other,Bacteria,Bacteroidota,Bacteroidia,Bacteroidales,Prolixibacteraceae,uncultured,NA,Zotu1177,0.000298
215,Zotu216,Zotu216,NA,13,other,Bacteria,Proteobacteria,Alphaproteobacteria,Sphingomonadales,Sphingomonadaceae,Sphingomonas,NA,Zotu216,0.00103
216,Zotu217,Zotu217,NA,13,other,Bacteria,Chloroflexi,Dehalococcoidia,S085,S085,S085,uncultured_bacterium,Zotu217,0.000809
217,Zotu2170,Zotu2170,NA,1,diff,Bacteria,Desulfobacterota,Desulfuromonadia,Geobacterales,Geobacteraceae,uncultured,uncultured_bacterium,Zotu2170,0.000131
218,Zotu22,Zotu22,NA,1,other,Bacteria,Proteobacteria,Gammaproteobacteria,Burkholderiales,Comamonadaceae,NA,NA,Zotu22,0.004559
219,Zotu221,Zotu221,NA,5,other,Bacteria,Proteobacteria,Gammaproteobacteria,Steroidobacterales,Steroidobacteraceae,uncultured,NA,Zotu221,0.001353
220,Zotu109,Zotu109,NA,5,other,Bacteria,Proteobacteria,Gammaproteobacteria,Steroidobacterales,Steroidobacteraceae,uncultured,NA,Zotu109,0.002836
221,Zotu166,Zotu166,NA,5,other,Bacteria,Proteobacteria,Gammaproteobacteria,Burkholderiales,Sutterellaceae,uncultured,NA,Zotu166,0.001485
222,Zotu222,Zotu222,NA,0,other,Bacteria,Verrucomicrobiota,Verrucomicrobiae,Pedosphaerales,Pedosphaeraceae,Pedosphaeraceae,NA,Zotu222,0.001196
223,Zotu2221,Zotu2221,NA,1,other,Bacteria,Proteobacteria,Gammaproteobacteria,Burkholderiales,Rhodocyclaceae,NA,NA,Zotu2221,0.000177
224,Zotu223,Zotu223,NA,0,other,Bacteria,Proteobacteria,Alphaproteobacteria,Caulobacterales,Hyphomonadaceae,SWB02,uncultured_bacterium,Zotu223,0.000985
225,Zotu2230,Zotu2230,NA,8,other,Bacteria,Bacteroidota,Bacteroidia,Bacteroidales,Bacteroidetes_vadinHA17,Bacteroidetes_vadinHA17,NA,Zotu2230,0.000393
226,Zotu2231,Zotu2231,NA,6,diff,Bacteria,Firmicutes,Clostridia,Clostridiales,Clostridiaceae,Clostridium_sensu_stricto_1,NA,Zotu2231,0.000163
227,Zotu2235,Zotu2235,NA,8,other,Bacteria,Bacteroidota,Bacteroidia,Bacteroidales,Prolixibacteraceae,Roseimarinus,uncultured_bacterium,Zotu2235,0.000108
228,Zotu2256,Zotu2256,NA,1,diff,Bacteria,Myxococcota,Polyangia,Haliangiales,Haliangiaceae,Haliangium,NA,Zotu2256,0.000112
229,Zotu1174,Zotu1174,NA,0,other,Bacteria,Acidobacteriota,Holophagae,Subgroup_7,Subgroup_7,Subgroup_7,uncultured_Acidobacterium,Zotu1174,0.000164
230,Zotu228,Zotu228,NA,0,other,Bacteria,Nitrospirota,4-29-1,4-29-1,4-29-1,4-29-1,uncultured_proteobacterium,Zotu228,0.001016
231,Zotu2260,Zotu2260,NA,0,other,Bacteria,Proteobacteria,Gammaproteobacteria,Beggiatoales,Beggiatoaceae,NA,NA,Zotu2260,0.000113
232,Zotu229,Zotu229,NA,0,other,Bacteria,Proteobacteria,Gammaproteobacteria,Gammaproteobacteria,Gammaproteobacteria,Gammaproteobacteria,uncultured_bacterium,Zotu229,0.001066
233,Zotu23,Zotu23,NA,11,other,Bacteria,Firmicutes,Bacilli,Paenibacillales,Paenibacillaceae,Paenibacillus,uncultured_bacterium,Zotu23,0.001063
234,Zotu230,Zotu230,NA,31,other,Bacteria,Bacteroidota,Bacteroidia,Bacteroidales,Paludibacteraceae,uncultured,NA,Zotu230,0.00022
235,Zotu15,Zotu15,NA,31,other,Bacteria,Bacteroidota,Bacteroidia,Bacteroidales,SB-5,SB-5,uncultured_bacterium,Zotu15,0.002078
236,Zotu231,Zotu231,NA,8,diff,Bacteria,Proteobacteria,Gammaproteobacteria,Burkholderiales,Comamonadaceae,Ideonella,uncultured_bacterium,Zotu231,0.000523
237,Zotu1385,Zotu1385,NA,8,other,Bacteria,Proteobacteria,Gammaproteobacteria,Burkholderiales,Comamonadaceae,NA,NA,Zotu1385,0.000287
238,Zotu233,Zotu233,NA,0,other,Bacteria,Bacteroidota,Kryptonia,Kryptoniales,BSV26,BSV26,NA,Zotu233,0.001081
239,Zotu2335,Zotu2335,NA,8,other,Bacteria,Bacteroidota,Bacteroidia,Bacteroidales,Prolixibacteraceae,WCHB1-32,NA,Zotu2335,0.000101
240,Zotu236,Zotu236,NA,20,other,Bacteria,Proteobacteria,Alphaproteobacteria,Acetobacterales,Acetobacteraceae,Roseomonas,uncultured_bacterium,Zotu236,0.001107
241,Zotu107,Zotu107,NA,20,other,Bacteria,Proteobacteria,Gammaproteobacteria,Burkholderiales,Comamonadaceae,NA,NA,Zotu107,0.002254
242,Zotu237,Zotu237,NA,6,other,Bacteria,Firmicutes,Clostridia,Clostridiales,Clostridiaceae,Clostridium_sensu_stricto_13,NA,Zotu237,0.00019
243,Zotu2376,Zotu2376,NA,0,other,Bacteria,Myxococcota,Myxococcia,Myxococcales,Anaeromyxobacteraceae,Anaeromyxobacter,uncultured_bacterium,Zotu2376,1.00E-04
244,Zotu239,Zotu239,NA,1,other,Bacteria,Proteobacteria,Gammaproteobacteria,KF-JG30-C25,KF-JG30-C25,KF-JG30-C25,NA,Zotu239,0.000765
245,Zotu240,Zotu240,NA,5,other,Bacteria,Proteobacteria,Gammaproteobacteria,Burkholderiales,Sutterellaceae,uncultured,uncultured_soil,Zotu240,0.001036
246,Zotu241,Zotu241,NA,6,diff,Bacteria,Firmicutes,Clostridia,Clostridiales,Clostridiaceae,Clostridium_sensu_stricto_1,NA,Zotu241,0.000576
247,Zotu242,Zotu242,NA,0,other,Bacteria,Zixibacteria,Zixibacteria,Zixibacteria,Zixibacteria,Zixibacteria,uncultured_bacterium,Zotu242,0.00109
248,Zotu1393,Zotu1393,NA,0,other,Bacteria,Planctomycetota,Phycisphaerae,MSBL9,GWC2-45-44,GWC2-45-44,uncultured_soil,Zotu1393,0.000138
249,Zotu244,Zotu244,NA,13,other,Bacteria,Actinobacteriota,Actinobacteria,Micrococcales,Intrasporangiaceae,Intrasporangium,uncultured_bacterium,Zotu244,0.000332
250,Zotu1809,Zotu1809,NA,13,other,Bacteria,Proteobacteria,Gammaproteobacteria,Burkholderiales,Comamonadaceae,NA,NA,Zotu1809,0.000131
251,Zotu251,Zotu251,NA,13,other,Bacteria,Proteobacteria,Gammaproteobacteria,Burkholderiales,Nitrosomonadaceae,Ellin6067,NA,Zotu251,0.000786
252,Zotu252,Zotu252,NA,0,other,Bacteria,Bacteroidota,Kryptonia,Kryptoniales,BSV26,BSV26,uncultured_Chlorobi,Zotu252,0.000941
253,Zotu253,Zotu253,NA,6,diff,Bacteria,Firmicutes,Clostridia,Clostridiales,Clostridiaceae,Clostridium_sensu_stricto_1,NA,Zotu253,0.001483
254,Zotu255,Zotu255,NA,0,other,Bacteria,Spirochaetota,Spirochaetia,Spirochaetales,Spirochaetaceae,Spirochaeta,uncultured_Spirochaetes,Zotu255,0.000896
255,Zotu256,Zotu256,NA,35,other,Bacteria,Chloroflexi,Anaerolineae,SJA-15,SJA-15,SJA-15,uncultured_bacterium,Zotu256,0.000862
256,Zotu1132,Zotu1132,NA,35,other,Bacteria,Chloroflexi,Anaerolineae,SJA-15,SJA-15,SJA-15,uncultured_bacterium,Zotu1132,0.000186
257,Zotu257,Zotu257,NA,13,other,Bacteria,Proteobacteria,Alphaproteobacteria,Sphingomonadales,Sphingomonadaceae,NA,NA,Zotu257,0.000883
258,Zotu2589,Zotu2589,NA,13,other,Bacteria,Bacteroidota,Bacteroidia,Bacteroidales,Bacteroidetes_vadinHA17,Bacteroidetes_vadinHA17,NA,Zotu2589,0.00011
259,Zotu259,Zotu259,NA,13,other,Bacteria,Actinobacteriota,Actinobacteria,Micrococcales,Intrasporangiaceae,Lapillicoccus,NA,Zotu259,6.00E-04
260,Zotu26,Zotu26,NA,1,other,Bacteria,Proteobacteria,Gammaproteobacteria,Ectothiorhodospirales,Thioalkalispiraceae,Thioalkalispira-Sulfurivermis,uncultured_bacterium,Zotu26,0.006809
261,Zotu260,Zotu260,NA,0,other,Bacteria,Proteobacteria,Gammaproteobacteria,Burkholderiales,Nitrosomonadaceae,Ellin6067,NA,Zotu260,0.000817
262,Zotu2600,Zotu2600,NA,13,other,Bacteria,Bacteroidota,Bacteroidia,Bacteroidales,Bacteroidetes_vadinHA17,Bacteroidetes_vadinHA17,uncultured_Bacteroidales,Zotu2600,0.000103
263,Zotu265,Zotu265,NA,14,other,Bacteria,MBNT15,MBNT15,MBNT15,MBNT15,MBNT15,NA,Zotu265,0.001139
264,Zotu163,Zotu163,NA,14,other,Bacteria,Verrucomicrobiota,Verrucomicrobiae,Pedosphaerales,Pedosphaeraceae,ADurb.Bin063-1,uncultured_Verrucomicrobia,Zotu163,0.001817
265,Zotu27,Zotu27,NA,1,other,Bacteria,Spirochaetota,Spirochaetia,Spirochaetales,Spirochaetaceae,NA,NA,Zotu27,0.001004
266,Zotu270,Zotu270,NA,0,other,Bacteria,Desulfobacterota,Desulfuromonadia,Geobacterales,Geobacteraceae,NA,NA,Zotu270,0.000995
267,Zotu219,Zotu219,NA,0,other,Bacteria,Desulfobacterota,Desulfuromonadia,Geobacterales,Geobacteraceae,Geotalea,uncultured_bacterium,Zotu219,0.001285
268,Zotu272,Zotu272,NA,0,other,Bacteria,Verrucomicrobiota,Verrucomicrobiae,Pedosphaerales,Pedosphaeraceae,ADurb.Bin063-1,NA,Zotu272,0.000989
269,Zotu273,Zotu273,NA,1,other,Bacteria,Proteobacteria,Gammaproteobacteria,Burkholderiales,Rhodocyclaceae,NA,NA,Zotu273,0.000581
270,Zotu2748,Zotu2748,NA,8,other,Bacteria,Proteobacteria,Gammaproteobacteria,Burkholderiales,Rhodocyclaceae,NA,NA,Zotu2748,0.000146
271,Zotu276,Zotu276,NA,6,other,Bacteria,Firmicutes,Clostridia,Clostridiales,Clostridiaceae,Clostridium_sensu_stricto_1,Clostridium_saccharoperbutylacetonicum,Zotu276,0.001299
272,Zotu1190,Zotu1190,NA,6,other,Bacteria,Firmicutes,Clostridia,Clostridiales,Clostridiaceae,Clostridium_sensu_stricto_3,Clostridium_hveragerdense,Zotu1190,0.000237
273,Zotu1530,Zotu1530,NA,6,other,Bacteria,Firmicutes,Clostridia,Clostridiales,Clostridiaceae,Clostridium_sensu_stricto_8,uncultured_bacterium,Zotu1530,0.000158
274,Zotu2768,Zotu2768,NA,1,other,Bacteria,Proteobacteria,Gammaproteobacteria,Burkholderiales,Rhodocyclaceae,Sulfuritalea,NA,Zotu2768,0.00022
275,Zotu2774,Zotu2774,NA,1,other,Bacteria,Proteobacteria,Gammaproteobacteria,Burkholderiales,Rhodocyclaceae,Sulfuritalea,NA,Zotu2774,0.000125
276,Zotu279,Zotu279,NA,1,other,Bacteria,Desulfobacterota,Desulfuromonadia,Geobacterales,Geobacteraceae,Geobacter,NA,Zotu279,0.000743
277,Zotu28,Zotu28,NA,1,other,Bacteria,Proteobacteria,Gammaproteobacteria,Burkholderiales,Comamonadaceae,NA,NA,Zotu28,0.00212
278,Zotu282,Zotu282,NA,0,other,Bacteria,Proteobacteria,Gammaproteobacteria,Burkholderiales,Nitrosomonadaceae,Ellin6067,uncultured_soil,Zotu282,0.000704
279,Zotu283,Zotu283,NA,21,other,Bacteria,Gemmatimonadota,Gemmatimonadetes,Gemmatimonadales,Gemmatimonadaceae,uncultured,NA,Zotu283,0.00089
280,Zotu1423,Zotu1423,NA,21,other,Bacteria,Desulfobacterota,uncultured,uncultured,uncultured,uncultured,NA,Zotu1423,0.000153
281,Zotu1442,Zotu1442,NA,21,other,Bacteria,Gemmatimonadota,Gemmatimonadetes,Gemmatimonadales,Gemmatimonadaceae,Gemmatimonas,uncultured_bacterium,Zotu1442,0.00013
282,Zotu1810,Zotu1810,NA,21,other,Bacteria,MBNT15,MBNT15,MBNT15,MBNT15,MBNT15,uncultured_bacterium,Zotu1810,0.000115
283,Zotu285,Zotu285,NA,15,other,Bacteria,Proteobacteria,Gammaproteobacteria,Burkholderiales,Methylophilaceae,NA,NA,Zotu285,0.000657
284,Zotu1381,Zotu1381,NA,15,diff,Bacteria,Proteobacteria,Gammaproteobacteria,Burkholderiales,Methylophilaceae,Methylobacillus,uncultured_bacterium,Zotu1381,0.000127
285,Zotu168,Zotu168,NA,15,other,Bacteria,Proteobacteria,Gammaproteobacteria,Burkholderiales,Methylophilaceae,NA,NA,Zotu168,0.001177
286,Zotu2888,Zotu2888,NA,8,other,Bacteria,Bacteroidota,Bacteroidia,Bacteroidales,Bacteroidetes_vadinHA17,Bacteroidetes_vadinHA17,NA,Zotu2888,0.000152
287,Zotu29,Zotu29,NA,31,other,Bacteria,Bacteroidota,Bacteroidia,Bacteroidales,Prolixibacteraceae,WCHB1-32,NA,Zotu29,0.003026
288,Zotu208,Zotu208,NA,31,other,Bacteria,Bacteroidota,Bacteroidia,Bacteroidales,Prolixibacteraceae,WCHB1-32,NA,Zotu208,0.000631
289,Zotu291,Zotu291,NA,8,other,Bacteria,Bacteroidota,Bacteroidia,Bacteroidales,Prolixibacteraceae,uncultured,NA,Zotu291,0.001259
290,Zotu292,Zotu292,NA,0,other,Bacteria,Gemmatimonadota,Gemmatimonadetes,Gemmatimonadales,Gemmatimonadaceae,Gemmatimonas,NA,Zotu292,0.000706
291,Zotu1158,Zotu1158,NA,0,other,Bacteria,Gemmatimonadota,Gemmatimonadetes,Gemmatimonadales,Gemmatimonadaceae,uncultured,NA,Zotu1158,0.000173
292,Zotu294,Zotu294,NA,12,other,Bacteria,Nitrospirota,4-29-1,4-29-1,4-29-1,4-29-1,uncultured_bacterium,Zotu294,0.000891
293,Zotu214,Zotu214,NA,12,other,Bacteria,Nitrospirota,4-29-1,4-29-1,4-29-1,4-29-1,uncultured_bacterium,Zotu214,0.001261
294,Zotu296,Zotu296,NA,1,diff,Bacteria,Spirochaetota,Spirochaetia,Spirochaetales,Spirochaetaceae,uncultured,uncultured_bacterium,Zotu296,0.000199
295,Zotu297,Zotu297,NA,1,diff,Bacteria,Desulfobacterota,Desulfuromonadia,Geobacterales,Geobacteraceae,uncultured,NA,Zotu297,0.00115
296,Zotu1117,Zotu1117,NA,1,other,Bacteria,Desulfobacterota,Desulfuromonadia,Geobacterales,Geobacteraceae,NA,NA,Zotu1117,0.000538
297,Zotu3,Zotu3,NA,1,diff,Bacteria,Proteobacteria,Gammaproteobacteria,Burkholderiales,Gallionellaceae,Sideroxydans,NA,Zotu3,0.019232
298,Zotu300,Zotu300,NA,0,other,Bacteria,Proteobacteria,Alphaproteobacteria,Rhizobiales,Xanthobacteraceae,Pseudolabrys,NA,Zotu300,0.000601
299,Zotu303,Zotu303,NA,21,other,Bacteria,Nitrospirota,Thermodesulfovibrionia,uncultured,uncultured,uncultured,uncultured_bacterium,Zotu303,0.00079
300,Zotu3061,Zotu3061,NA,0,other,Bacteria,Proteobacteria,Gammaproteobacteria,Burkholderiales,Rhodocyclaceae,Sulfuritalea,NA,Zotu3061,0.000114
301,Zotu312,Zotu312,NA,13,other,Bacteria,Proteobacteria,Gammaproteobacteria,Burkholderiales,Comamonadaceae,NA,NA,Zotu312,0.000461
302,Zotu315,Zotu315,NA,1,other,Bacteria,Bacteroidota,Bacteroidia,Bacteroidales,Bacteroidetes_BD2-2,Bacteroidetes_BD2-2,uncultured_prokaryote,Zotu315,0.00037
303,Zotu318,Zotu318,NA,13,other,Bacteria,Gemmatimonadota,Gemmatimonadetes,Gemmatimonadales,Gemmatimonadaceae,uncultured,NA,Zotu318,0.000682
304,Zotu32,Zotu32,NA,0,other,Bacteria,MBNT15,MBNT15,MBNT15,MBNT15,MBNT15,uncultured_prokaryote,Zotu32,0.005207
305,Zotu322,Zotu322,NA,0,other,Bacteria,Zixibacteria,Zixibacteria,Zixibacteria,Zixibacteria,Zixibacteria,uncultured_bacterium,Zotu322,0.000731
306,Zotu1836,Zotu1836,NA,0,other,Bacteria,Verrucomicrobiota,Verrucomicrobiae,Pedosphaerales,Pedosphaeraceae,Pedosphaeraceae,NA,Zotu1836,0.000107
307,Zotu324,Zotu324,NA,8,other,Bacteria,Myxococcota,Polyangia,Polyangiales,BIrii41,BIrii41,NA,Zotu324,0.000176
308,Zotu325,Zotu325,NA,1,other,Bacteria,Myxococcota,Myxococcia,Myxococcales,Anaeromyxobacteraceae,Anaeromyxobacter,NA,Zotu325,0.000263
309,Zotu326,Zotu326,NA,13,other,Bacteria,Chloroflexi,NA,NA,NA,NA,NA,Zotu326,0.000715
310,Zotu327,Zotu327,NA,31,other,Bacteria,Bacteroidota,Bacteroidia,Bacteroidales,Paludibacteraceae,uncultured,uncultured_soil,Zotu327,0.000317
311,Zotu33,Zotu33,NA,8,other,Bacteria,Proteobacteria,Gammaproteobacteria,Burkholderiales,Comamonadaceae,NA,NA,Zotu33,0.001884
312,Zotu1773,Zotu1773,NA,8,other,Bacteria,Bacteroidota,Bacteroidia,Bacteroidales,Prolixibacteraceae,BSV13,uncultured_bacterium,Zotu1773,0.000168
313,Zotu330,Zotu330,NA,13,other,Bacteria,Actinobacteriota,Actinobacteria,Micrococcales,Microbacteriaceae,Agromyces,NA,Zotu330,0.000247
314,Zotu331,Zotu331,NA,0,other,Bacteria,Zixibacteria,Zixibacteria,Zixibacteria,Zixibacteria,Zixibacteria,uncultured_prokaryote,Zotu331,0.000685
315,Zotu332,Zotu332,NA,1,other,Bacteria,Nitrospirota,Thermodesulfovibrionia,uncultured,uncultured,uncultured,uncultured_bacterium,Zotu332,0.000723
316,Zotu333,Zotu333,NA,0,other,Bacteria,Proteobacteria,Gammaproteobacteria,Burkholderiales,Nitrosomonadaceae,Ellin6067,NA,Zotu333,0.000702
317,Zotu334,Zotu334,NA,1,other,Bacteria,Desulfobacterota,Desulfuromonadia,Geobacterales,Geobacteraceae,uncultured,NA,Zotu334,0.001195
318,Zotu335,Zotu335,NA,13,other,Bacteria,Desulfobacterota,Desulfuromonadia,Geobacterales,Geobacteraceae,NA,NA,Zotu335,0.000771
319,Zotu336,Zotu336,NA,6,diff,Bacteria,Firmicutes,Clostridia,Clostridiales,Clostridiaceae,Clostridium_sensu_stricto_1,NA,Zotu336,0.001303
320,Zotu341,Zotu341,NA,1,other,Bacteria,Bacteroidota,Bacteroidia,Bacteroidales,SB-5,SB-5,uncultured_bacterium,Zotu341,0.000353
321,Zotu342,Zotu342,NA,20,other,Bacteria,Desulfobacterota,Desulfuromonadia,Desulfuromonadia,Geothermobacteraceae,Geothermobacter,NA,Zotu342,0.001365
322,Zotu1747,Zotu1747,NA,20,other,Bacteria,Desulfobacterota,Desulfuromonadia,Desulfuromonadia,Geothermobacteraceae,Geothermobacter,NA,Zotu1747,0.000153
323,Zotu343,Zotu343,NA,1,other,Bacteria,Bacteroidota,Bacteroidia,Bacteroidales,Bacteroidetes_BD2-2,Bacteroidetes_BD2-2,NA,Zotu343,0.000413
324,Zotu344,Zotu344,NA,1,other,Bacteria,Myxococcota,Myxococcia,Myxococcales,Myxococcaceae,P3OB-42,uncultured_soil,Zotu344,0.000342
325,Zotu345,Zotu345,NA,8,other,Bacteria,Bacteroidota,Bacteroidia,Bacteroidales,Prolixibacteraceae,uncultured,NA,Zotu345,0.000748
326,Zotu10402,Zotu10402,NA,8,other,Bacteria,Bacteroidota,Bacteroidia,Bacteroidales,Bacteroidetes_vadinHA17,Bacteroidetes_vadinHA17,uncultured_bacterium,Zotu10402,0.00096
327,Zotu346,Zotu346,NA,13,other,Bacteria,Proteobacteria,Gammaproteobacteria,Burkholderiales,SC-I-84,SC-I-84,NA,Zotu346,0.000651
328,Zotu347,Zotu347,NA,0,other,Bacteria,Proteobacteria,Alphaproteobacteria,Reyranellales,Reyranellaceae,Reyranella,NA,Zotu347,0.000552
329,Zotu349,Zotu349,NA,0,other,Bacteria,Sva0485,Sva0485,Sva0485,Sva0485,Sva0485,uncultured_delta,Zotu349,0.000728
330,Zotu271,Zotu271,NA,29,other,Bacteria,MBNT15,MBNT15,MBNT15,MBNT15,MBNT15,NA,Zotu271,0.000996
331,Zotu350,Zotu350,NA,0,other,Bacteria,Chloroflexi,Anaerolineae,Anaerolineae,Anaerolineae,Anaerolineae,uncultured_Bellilinea,Zotu350,0.000566
332,Zotu351,Zotu351,NA,6,other,Bacteria,Firmicutes,Clostridia,Clostridiales,Clostridiaceae,Clostridium_sensu_stricto_5,uncultured_bacterium,Zotu351,0.000927
333,Zotu353,Zotu353,NA,13,other,Bacteria,Proteobacteria,Gammaproteobacteria,Burkholderiales,Nitrosomonadaceae,Ellin6067,NA,Zotu353,0.00066
334,Zotu1314,Zotu1314,NA,13,other,Bacteria,Proteobacteria,Gammaproteobacteria,Burkholderiales,Nitrosomonadaceae,Ellin6067,NA,Zotu1314,0.000152
335,Zotu359,Zotu359,NA,14,other,Bacteria,Verrucomicrobiota,Verrucomicrobiae,Pedosphaerales,Pedosphaeraceae,ADurb.Bin063-1,NA,Zotu359,0.001171
336,Zotu178,Zotu178,NA,14,other,Bacteria,Nitrospirota,4-29-1,4-29-1,4-29-1,4-29-1,uncultured_proteobacterium,Zotu178,0.001455
337,Zotu36,Zotu36,NA,1,other,Bacteria,Spirochaetota,Leptospirae,Leptospirales,Leptospiraceae,Leptonema,uncultured_bacterium,Zotu36,0.001239
338,Zotu361,Zotu361,NA,0,other,Bacteria,Gemmatimonadota,Gemmatimonadetes,Gemmatimonadales,Gemmatimonadaceae,uncultured,NA,Zotu361,0.000776
339,Zotu1663,Zotu1663,NA,0,other,Bacteria,Myxococcota,Polyangia,Polyangiales,BIrii41,BIrii41,NA,Zotu1663,0.000137
340,Zotu362,Zotu362,NA,0,other,Bacteria,Proteobacteria,Gammaproteobacteria,Burkholderiales,Nitrosomonadaceae,Ellin6067,NA,Zotu362,0.000539
341,Zotu1737,Zotu1737,NA,13,other,Bacteria,Acidobacteriota,Subgroup_22,Subgroup_22,Subgroup_22,Subgroup_22,NA,Zotu1737,0.000113
342,Zotu365,Zotu365,NA,1,other,Bacteria,Proteobacteria,Gammaproteobacteria,Burkholderiales,Rhodocyclaceae,NA,NA,Zotu365,0.000525
343,Zotu366,Zotu366,NA,0,other,Bacteria,Proteobacteria,Gammaproteobacteria,Burkholderiales,A21b,A21b,NA,Zotu366,0.000619
344,Zotu368,Zotu368,NA,0,diff,Bacteria,Proteobacteria,Gammaproteobacteria,Ectothiorhodospirales,Thioalkalispiraceae,Thioalkalispira-Sulfurivermis,NA,Zotu368,0.000574
345,Zotu371,Zotu371,NA,0,other,Bacteria,Latescibacterota,Latescibacterota,Latescibacterota,Latescibacterota,Latescibacterota,uncultured_bacterium,Zotu371,0.00062
346,Zotu373,Zotu373,NA,13,other,Bacteria,Firmicutes,Bacilli,Bacillales,Bacillaceae,Bacillus,NA,Zotu373,0.000238
347,Zotu374,Zotu374,NA,6,other,Bacteria,Firmicutes,Clostridia,Clostridiales,Clostridiaceae,Clostridium_sensu_stricto_1,NA,Zotu374,0.000349
348,Zotu376,Zotu376,NA,0,other,Bacteria,Actinobacteriota,Thermoleophilia,Gaiellales,uncultured,uncultured,uncultured_actinobacterium,Zotu376,0.000586
349,Zotu377,Zotu377,NA,15,diff,Bacteria,Proteobacteria,Gammaproteobacteria,Burkholderiales,Methylophilaceae,Methylobacillus,uncultured_bacterium,Zotu377,0.000384
350,Zotu378,Zotu378,NA,8,other,Bacteria,Proteobacteria,Gammaproteobacteria,Burkholderiales,Rhodocyclaceae,Propionivibrio,uncultured_bacterium,Zotu378,0.000575
351,Zotu38,Zotu38,NA,16,other,Bacteria,Nitrospirota,Thermodesulfovibrionia,uncultured,uncultured,uncultured,uncultured_Nitrospiraceae,Zotu38,0.002503
352,Zotu248,Zotu248,NA,16,other,Bacteria,Nitrospirota,Thermodesulfovibrionia,uncultured,uncultured,uncultured,NA,Zotu248,0.000615
353,Zotu380,Zotu380,NA,0,other,Bacteria,Fibrobacterota,Chitinivibrionia,uncultured,uncultured,uncultured,uncultured_bacterium,Zotu380,0.000622
354,Zotu381,Zotu381,NA,1,other,Bacteria,Bacteroidota,Bacteroidia,Bacteroidales,Bacteroidetes_BD2-2,Bacteroidetes_BD2-2,uncultured_prokaryote,Zotu381,0.000236
355,Zotu384,Zotu384,NA,13,other,Bacteria,Acidobacteriota,Holophagae,Subgroup_7,Subgroup_7,Subgroup_7,Acidobacteria_bacterium,Zotu384,0.000326
356,Zotu387,Zotu387,NA,8,other,Bacteria,Proteobacteria,Gammaproteobacteria,Burkholderiales,Comamonadaceae,Hydrogenophaga,NA,Zotu387,0.001548
357,Zotu388,Zotu388,NA,0,other,Bacteria,Chloroflexi,Anaerolineae,SJA-15,SJA-15,SJA-15,NA,Zotu388,0.000498
358,Zotu391,Zotu391,NA,6,other,Bacteria,Firmicutes,Clostridia,Clostridiales,Clostridiaceae,Clostridium_sensu_stricto_1,NA,Zotu391,0.00022
359,Zotu392,Zotu392,NA,17,other,Bacteria,Proteobacteria,Gammaproteobacteria,Burkholderiales,Gallionellaceae,Sideroxydans,NA,Zotu392,0.000743
360,Zotu151,Zotu151,NA,17,other,Bacteria,Proteobacteria,Gammaproteobacteria,Burkholderiales,Gallionellaceae,Sideroxydans,uncultured_soil,Zotu151,0.001977
361,Zotu393,Zotu393,NA,13,other,Bacteria,Myxococcota,Polyangia,Polyangiales,Polyangiaceae,NA,NA,Zotu393,0.000528
362,Zotu1224,Zotu1224,NA,13,other,Bacteria,Myxococcota,Polyangia,Polyangiales,Polyangiaceae,Polyangium,uncultured_bacterium,Zotu1224,0.000134
363,Zotu395,Zotu395,NA,21,other,Bacteria,SAR324_clade(Marine_group_B),SAR324_clade(Marine_group_B),SAR324_clade(Marine_group_B),SAR324_clade(Marine_group_B),SAR324_clade(Marine_group_B),NA,Zotu395,0.000712
364,Zotu1131,Zotu1131,NA,21,other,Bacteria,Chloroflexi,Dehalococcoidia,Dehalococcoidales,uncultured,uncultured,uncultured_bacterium,Zotu1131,0.000189
365,Zotu1594,Zotu1594,NA,21,other,Bacteria,Acidobacteriota,Thermoanaerobaculia,Thermoanaerobaculales,Thermoanaerobaculaceae,TPD-58,uncultured_bacterium,Zotu1594,0.000128
366,Zotu3954,Zotu3954,NA,8,other,Bacteria,Proteobacteria,Gammaproteobacteria,Burkholderiales,Rhodocyclaceae,uncultured,NA,Zotu3954,0.000225
367,Zotu1631,Zotu1631,NA,8,other,Bacteria,Verrucomicrobiota,Kiritimatiellae,WCHB1-41,WCHB1-41,WCHB1-41,uncultured_Verrucomicrobia,Zotu1631,0.000126
368,Zotu4,Zotu4,NA,0,other,Bacteria,Proteobacteria,Gammaproteobacteria,Burkholderiales,Hydrogenophilaceae,Thiobacillus,NA,Zotu4,0.033315
369,Zotu40,Zotu40,NA,5,other,Bacteria,Proteobacteria,Gammaproteobacteria,Burkholderiales,Sutterellaceae,uncultured,NA,Zotu40,0.005057
370,Zotu400,Zotu400,NA,1,diff,Bacteria,Myxococcota,Polyangia,Haliangiales,Haliangiaceae,Haliangium,NA,Zotu400,0.000411
371,Zotu401,Zotu401,NA,0,other,Bacteria,Acidobacteriota,Acidobacteriae,Solibacterales,Solibacteraceae,Candidatus_Solibacter,NA,Zotu401,0.000573
372,Zotu403,Zotu403,NA,1,other,Bacteria,Desulfobacterota,Desulfuromonadia,Geobacterales,Geobacteraceae,uncultured,uncultured_bacterium,Zotu403,0.000537
373,Zotu404,Zotu404,NA,13,other,Bacteria,Proteobacteria,Alphaproteobacteria,Sphingomonadales,Sphingomonadaceae,NA,NA,Zotu404,0.00048
374,Zotu405,Zotu405,NA,18,other,Bacteria,Firmicutes,Clostridia,Clostridiales,Clostridiaceae,Clostridium_sensu_stricto_10,uncultured_bacterium,Zotu405,0.000263
375,Zotu1379,Zotu1379,NA,18,other,Bacteria,Firmicutes,Clostridia,Clostridiales,Clostridiaceae,Clostridium_sensu_stricto_10,uncultured_bacterium,Zotu1379,0.00016
376,Zotu406,Zotu406,NA,1,other,Bacteria,Proteobacteria,Gammaproteobacteria,NA,NA,NA,NA,Zotu406,0.000264
377,Zotu408,Zotu408,NA,13,other,Bacteria,Myxococcota,Polyangia,Polyangiales,Polyangiaceae,Pajaroellobacter,NA,Zotu408,0.000549
378,Zotu409,Zotu409,NA,5,other,Bacteria,Proteobacteria,Gammaproteobacteria,Burkholderiales,SC-I-84,SC-I-84,NA,Zotu409,0.000573
379,Zotu305,Zotu305,NA,5,other,Bacteria,Proteobacteria,Gammaproteobacteria,Burkholderiales,SC-I-84,SC-I-84,NA,Zotu305,0.000809
380,Zotu410,Zotu410,NA,6,diff,Bacteria,Firmicutes,Clostridia,Peptostreptococcales-Tissierellales,Peptostreptococcaceae,Romboutsia,NA,Zotu410,0.00074
381,Zotu411,Zotu411,NA,1,other,Bacteria,Desulfobacterota,Desulfuromonadia,Geobacterales,Geobacteraceae,uncultured,uncultured_bacterium,Zotu411,0.000761
382,Zotu413,Zotu413,NA,1,other,Bacteria,Proteobacteria,Gammaproteobacteria,Burkholderiales,Comamonadaceae,NA,NA,Zotu413,0.000209
383,Zotu417,Zotu417,NA,1,other,Bacteria,Proteobacteria,Gammaproteobacteria,Burkholderiales,NA,NA,NA,Zotu417,0.000651
384,Zotu419,Zotu419,NA,0,other,Bacteria,Chloroflexi,Anaerolineae,SJA-15,SJA-15,SJA-15,NA,Zotu419,0.000477
385,Zotu423,Zotu423,NA,0,other,Bacteria,Acidobacteriota,Acidobacteriae,Solibacterales,Solibacteraceae,Candidatus_Solibacter,NA,Zotu423,0.000491
386,Zotu425,Zotu425,NA,13,other,Bacteria,Bacteroidota,Bacteroidia,Chitinophagales,Saprospiraceae,uncultured,NA,Zotu425,0.000485
387,Zotu427,Zotu427,NA,0,other,Bacteria,Acidobacteriota,NA,NA,NA,NA,NA,Zotu427,0.000476
388,Zotu4274,Zotu4274,NA,21,other,Bacteria,Bacteroidota,Bacteroidia,Chitinophagales,Chitinophagaceae,Dinghuibacter,NA,Zotu4274,0.000413
389,Zotu10892,Zotu10892,NA,21,other,Bacteria,Bacteroidota,Bacteroidia,Chitinophagales,Chitinophagaceae,Aurantisolimonas,NA,Zotu10892,0.000144
390,Zotu1099,Zotu1099,NA,21,other,Bacteria,Bacteroidota,Bacteroidia,Sphingobacteriales,Lentimicrobiaceae,Lentimicrobiaceae,uncultured_bacterium,Zotu1099,0.000212
391,Zotu1186,Zotu1186,NA,21,other,Bacteria,Bacteroidota,Bacteroidia,Sphingobacteriales,Lentimicrobiaceae,Lentimicrobiaceae,uncultured_bacterium,Zotu1186,0.000204
392,Zotu428,Zotu428,NA,0,other,Bacteria,Proteobacteria,Gammaproteobacteria,Burkholderiales,TRA3-20,TRA3-20,NA,Zotu428,0.000531
393,Zotu429,Zotu429,NA,0,other,Bacteria,Nitrospirota,4-29-1,4-29-1,4-29-1,4-29-1,NA,Zotu429,0.000548
394,Zotu43,Zotu43,NA,1,other,Bacteria,Proteobacteria,Gammaproteobacteria,Burkholderiales,Rhodocyclaceae,uncultured,NA,Zotu43,0.001122
395,Zotu430,Zotu430,NA,1,diff,Bacteria,Desulfobacterota,Desulfuromonadia,Geobacterales,Geobacteraceae,uncultured,uncultured_bacterium,Zotu430,0.00059
396,Zotu432,Zotu432,NA,13,other,Bacteria,Actinobacteriota,Actinobacteria,Micrococcales,Intrasporangiaceae,Intrasporangium,uncultured_bacterium,Zotu432,0.000262
397,Zotu436,Zotu436,NA,13,other,Bacteria,Acidobacteriota,Thermoanaerobaculia,Thermoanaerobaculales,Thermoanaerobaculaceae,Subgroup_10,uncultured_prokaryote,Zotu436,0.000352
398,Zotu437,Zotu437,NA,13,other,Bacteria,Proteobacteria,Gammaproteobacteria,Steroidobacterales,Steroidobacteraceae,uncultured,NA,Zotu437,0.000511
399,Zotu418,Zotu418,NA,13,other,Bacteria,Proteobacteria,Gammaproteobacteria,Burkholderiales,SC-I-84,SC-I-84,uncultured_beta,Zotu418,0.00056
400,Zotu438,Zotu438,NA,13,other,Bacteria,Acidobacteriota,Holophagae,Subgroup_7,Subgroup_7,Subgroup_7,uncultured_Thermaerobacter,Zotu438,0.000514
401,Zotu44,Zotu44,NA,19,other,Bacteria,Myxococcota,Myxococcia,Myxococcales,Anaeromyxobacteraceae,Anaeromyxobacter,NA,Zotu44,0.000673
402,Zotu30,Zotu30,NA,19,other,Bacteria,Myxococcota,Myxococcia,Myxococcales,Anaeromyxobacteraceae,Anaeromyxobacter,uncultured_Anaeromyxobacter,Zotu30,0.00071
403,Zotu444,Zotu444,NA,1,diff,Bacteria,Myxococcota,Myxococcia,Myxococcales,Myxococcaceae,NA,NA,Zotu444,0.000319
404,Zotu448,Zotu448,NA,0,other,Bacteria,Myxococcota,Myxococcia,Myxococcales,Myxococcaceae,P3OB-42,uncultured_Stigmatella,Zotu448,0.000418
405,Zotu1074,Zotu1074,NA,0,other,Bacteria,Myxococcota,Polyangia,Haliangiales,Haliangiaceae,Haliangium,uncultured_bacterium,Zotu1074,0.000161
406,Zotu1625,Zotu1625,NA,13,other,Bacteria,Myxococcota,Myxococcia,Myxococcales,Myxococcaceae,P3OB-42,metagenome,Zotu1625,0.000105
407,Zotu449,Zotu449,NA,20,other,Bacteria,Proteobacteria,Alphaproteobacteria,Acetobacterales,Acetobacteraceae,Roseomonas,Roseomonas_wooponensis,Zotu449,0.000591
408,Zotu454,Zotu454,NA,13,other,Bacteria,Gemmatimonadota,Gemmatimonadetes,Gemmatimonadales,Gemmatimonadaceae,NA,NA,Zotu454,0.000424
409,Zotu1297,Zotu1297,NA,13,other,Bacteria,Sva0485,Sva0485,Sva0485,Sva0485,Sva0485,NA,Zotu1297,0.000146
410,Zotu456,Zotu456,NA,13,other,Bacteria,Acidobacteriota,Thermoanaerobaculia,Thermoanaerobaculales,Thermoanaerobaculaceae,Subgroup_10,uncultured_soil,Zotu456,0.000392
411,Zotu460,Zotu460,NA,0,other,Bacteria,Latescibacterota,Latescibacterota,Latescibacterota,Latescibacterota,Latescibacterota,metagenome,Zotu460,0.000512
412,Zotu461,Zotu461,NA,1,diff,Bacteria,Desulfobacterota,Desulfobulbia,Desulfobulbales,uncultured,uncultured,uncultured_bacterium,Zotu461,0.000651
413,Zotu462,Zotu462,NA,0,other,Bacteria,MBNT15,MBNT15,MBNT15,MBNT15,MBNT15,uncultured_bacterium,Zotu462,0.000441
414,Zotu4621,Zotu4621,NA,1,other,Bacteria,Proteobacteria,Gammaproteobacteria,Burkholderiales,Rhodocyclaceae,NA,NA,Zotu4621,0.000285
415,Zotu464,Zotu464,NA,21,other,Bacteria,Gemmatimonadota,Gemmatimonadetes,Gemmatimonadales,Gemmatimonadaceae,uncultured,Gemmatimonadetes_bacterium,Zotu464,0.000458
416,Zotu465,Zotu465,NA,31,other,Bacteria,Bacteroidota,Bacteroidia,Bacteroidales,Prolixibacteraceae,WCHB1-32,uncultured_bacterium,Zotu465,0.000276
417,Zotu470,Zotu470,NA,0,other,Bacteria,Acidobacteriota,Subgroup_21,Subgroup_21,Subgroup_21,Subgroup_21,uncultured_bacterium,Zotu470,0.00034
418,Zotu369,Zotu369,NA,0,other,Bacteria,Acidobacteriota,Subgroup_21,Subgroup_21,Subgroup_21,Subgroup_21,uncultured_bacterium,Zotu369,0.000577
419,Zotu471,Zotu471,NA,6,diff,Bacteria,Firmicutes,Clostridia,Peptostreptococcales-Tissierellales,Peptostreptococcaceae,Sporacetigenium,uncultured_bacterium,Zotu471,0.000559
420,Zotu1726,Zotu1726,NA,6,diff,Bacteria,Firmicutes,Clostridia,Peptostreptococcales-Tissierellales,Peptostreptococcaceae,Sporacetigenium,uncultured_bacterium,Zotu1726,0.000136
421,Zotu477,Zotu477,NA,2,other,Bacteria,Proteobacteria,Gammaproteobacteria,Methylococcales,Methylomonadaceae,Methylomonas,uncultured_bacterium,Zotu477,0.00031
422,Zotu1203,Zotu1203,NA,2,other,Bacteria,Proteobacteria,Gammaproteobacteria,Methylococcales,Methylomonadaceae,Methylomonas,NA,Zotu1203,0.000127
423,Zotu479,Zotu479,NA,0,other,Bacteria,Myxococcota,Polyangia,Polyangiales,Sandaracinaceae,uncultured,uncultured_bacterium,Zotu479,0.000418
424,Zotu4790,Zotu4790,NA,8,other,Bacteria,Proteobacteria,Alphaproteobacteria,Rhizobiales,Rhizobiaceae,Shinella,alpha_proteobacterium,Zotu4790,0.000121
425,Zotu48,Zotu48,NA,13,other,Bacteria,Actinobacteriota,Actinobacteria,Micrococcales,Intrasporangiaceae,Intrasporangium,uncultured_bacterium,Zotu48,0.001811
426,Zotu1018,Zotu1018,NA,13,other,Bacteria,Proteobacteria,Alphaproteobacteria,Rhizobiales,Beijerinckiaceae,Methylocystis,uncultured_bacterium,Zotu1018,0.000157
427,Zotu480,Zotu480,NA,1,other,Bacteria,Proteobacteria,Gammaproteobacteria,Burkholderiales,Rhodocyclaceae,Sulfuritalea,uncultured_bacterium,Zotu480,0.001704
428,Zotu481,Zotu481,NA,1,other,Bacteria,Zixibacteria,Zixibacteria,Zixibacteria,Zixibacteria,Zixibacteria,uncultured_bacterium,Zotu481,0.000476
429,Zotu1327,Zotu1327,NA,1,other,Bacteria,Proteobacteria,Gammaproteobacteria,Xanthomonadales,Rhodanobacteraceae,Rhodanobacter,NA,Zotu1327,0.000162
430,Zotu482,Zotu482,NA,1,other,Bacteria,Desulfobacterota,Desulfobulbia,Desulfobulbales,Desulfobulbaceae,uncultured,uncultured_bacterium,Zotu482,0.000386
431,Zotu4826,Zotu4826,NA,1,other,Bacteria,Proteobacteria,Gammaproteobacteria,Burkholderiales,Rhodocyclaceae,NA,NA,Zotu4826,0.000213
432,Zotu486,Zotu486,NA,1,other,Bacteria,Proteobacteria,Alphaproteobacteria,Rhodospirillales,uncultured,uncultured,alpha_proteobacterium,Zotu486,0.000219
433,Zotu487,Zotu487,NA,8,other,Bacteria,Verrucomicrobiota,Verrucomicrobiae,Pedosphaerales,Pedosphaeraceae,ADurb.Bin063-1,NA,Zotu487,0.000948
434,Zotu489,Zotu489,NA,21,other,Bacteria,Desulfobacterota,Desulfobacteria,Desulfatiglandales,Desulfatiglandaceae,Desulfatiglans,uncultured_prokaryote,Zotu489,0.000569
435,Zotu1071,Zotu1071,NA,21,other,Bacteria,Desulfobacterota,Desulfobacteria,Desulfatiglandales,Desulfatiglandaceae,Desulfatiglans,NA,Zotu1071,0.000241
436,Zotu1656,Zotu1656,NA,21,other,Bacteria,Bacteroidota,Bacteroidia,Chitinophagales,Saprospiraceae,uncultured,NA,Zotu1656,0.000145
437,Zotu1924,Zotu1924,NA,21,other,Bacteria,Desulfobacterota,Desulfobacteria,Desulfatiglandales,Desulfatiglandaceae,Desulfatiglans,NA,Zotu1924,0.000117
438,Zotu2079,Zotu2079,NA,21,diff,Bacteria,Myxococcota,Polyangia,Blfdi19,Blfdi19,Blfdi19,uncultured_delta,Zotu2079,0.000126
439,Zotu49,Zotu49,NA,1,other,Bacteria,Proteobacteria,Gammaproteobacteria,Burkholderiales,Rhodocyclaceae,NA,NA,Zotu49,0.002261
440,Zotu491,Zotu491,NA,8,other,Bacteria,Verrucomicrobiota,Lentisphaeria,Oligosphaerales,Lenti-02,Lenti-02,metagenome,Zotu491,0.000521
441,Zotu4929,Zotu4929,NA,6,other,Bacteria,Firmicutes,Clostridia,Clostridiales,Clostridiaceae,Clostridium_sensu_stricto_8,uncultured_bacterium,Zotu4929,0.000208
442,Zotu1404,Zotu1404,NA,6,diff,Bacteria,Firmicutes,Clostridia,Clostridiales,Clostridiaceae,Clostridium_sensu_stricto_8,uncultured_bacterium,Zotu1404,0.000176
443,Zotu493,Zotu493,NA,13,other,Bacteria,Actinobacteriota,Coriobacteriia,OPB41,OPB41,OPB41,NA,Zotu493,0.000348
444,Zotu494,Zotu494,NA,0,other,Bacteria,Gemmatimonadota,Gemmatimonadetes,Gemmatimonadales,Gemmatimonadaceae,Gemmatimonas,NA,Zotu494,0.000439
445,Zotu495,Zotu495,NA,6,other,Bacteria,Firmicutes,Clostridia,Clostridiales,Clostridiaceae,Clostridium_sensu_stricto_1,NA,Zotu495,0.000196
446,Zotu497,Zotu497,NA,0,other,Bacteria,Acidobacteriota,Acidobacteriae,TSBb06,TSBb06,TSBb06,uncultured_bacterium,Zotu497,0.000401
447,Zotu5,Zotu5,NA,13,other,Bacteria,Firmicutes,Bacilli,Lactobacillales,Carnobacteriaceae,Trichococcus,NA,Zotu5,0.003252
448,Zotu500,Zotu500,NA,6,diff,Bacteria,Firmicutes,Clostridia,Peptostreptococcales-Tissierellales,Peptostreptococcaceae,Romboutsia,NA,Zotu500,0.000584
449,Zotu503,Zotu503,NA,0,other,Bacteria,Gemmatimonadota,Gemmatimonadetes,Gemmatimonadales,Gemmatimonadaceae,uncultured,NA,Zotu503,0.000484
450,Zotu5042,Zotu5042,NA,1,other,Bacteria,Desulfobacterota,Desulfuromonadia,Geobacterales,Geobacteraceae,Citrifermentans,NA,Zotu5042,0.000426
451,Zotu508,Zotu508,NA,0,other,Bacteria,Spirochaetota,Spirochaetia,Spirochaetales,Spirochaetaceae,Spirochaeta,uncultured_soil,Zotu508,0.000457
452,Zotu509,Zotu509,NA,2,diff,Bacteria,Proteobacteria,Gammaproteobacteria,Methylococcales,Methylomonadaceae,Methylomonas,uncultured_bacterium,Zotu509,0.00036
453,Zotu51,Zotu51,NA,1,other,Bacteria,Desulfobacterota,Desulfuromonadia,Geobacterales,Geobacteraceae,uncultured,uncultured_bacterium,Zotu51,0.00299
454,Zotu512,Zotu512,NA,8,diff,Bacteria,Proteobacteria,Gammaproteobacteria,Burkholderiales,Rhodocyclaceae,Propionivibrio,uncultured_bacterium,Zotu512,0.000195
455,Zotu515,Zotu515,NA,14,other,Bacteria,Verrucomicrobiota,Verrucomicrobiae,Pedosphaerales,Pedosphaeraceae,Pedosphaeraceae,NA,Zotu515,5.00E-04
456,Zotu516,Zotu516,NA,13,other,Bacteria,Planctomycetota,Phycisphaerae,Phycisphaerales,Phycisphaeraceae,SM1A02,NA,Zotu516,0.000417
457,Zotu517,Zotu517,NA,13,other,Bacteria,Myxococcota,Myxococcia,Myxococcales,Myxococcaceae,NA,NA,Zotu517,0.000177
458,Zotu518,Zotu518,NA,13,other,Bacteria,Proteobacteria,Alphaproteobacteria,Sphingomonadales,Sphingomonadaceae,Novosphingobium,NA,Zotu518,0.000294
459,Zotu519,Zotu519,NA,21,other,Bacteria,Desulfobacterota,Desulfobacteria,Desulfatiglandales,Desulfatiglandaceae,Desulfatiglans,NA,Zotu519,0.000454
460,Zotu521,Zotu521,NA,1,other,Bacteria,Bacteroidota,Bacteroidia,Bacteroidales,Bacteroidetes_BD2-2,Bacteroidetes_BD2-2,uncultured_prokaryote,Zotu521,0.00013
461,Zotu523,Zotu523,NA,1,other,Bacteria,Bacteroidota,Bacteroidia,Bacteroidales,Prolixibacteraceae,Roseimarinus,uncultured_bacterium,Zotu523,0.000393
462,Zotu5265,Zotu5265,NA,22,other,Bacteria,Desulfobacterota,Desulfuromonadia,Geobacterales,Geobacteraceae,Geobacter,uncultured_Desulfuromonadales,Zotu5265,0.000518
463,Zotu2177,Zotu2177,NA,22,other,Bacteria,Myxococcota,Polyangia,Polyangiales,Polyangiaceae,Polyangium,NA,Zotu2177,0.000116
464,Zotu529,Zotu529,NA,13,other,Bacteria,NB1-j,NB1-j,NB1-j,NB1-j,NB1-j,NA,Zotu529,0.000339
465,Zotu531,Zotu531,NA,0,other,Bacteria,Proteobacteria,Gammaproteobacteria,Burkholderiales,Nitrosomonadaceae,MND1,NA,Zotu531,0.000404
466,Zotu532,Zotu532,NA,13,other,Bacteria,Proteobacteria,Gammaproteobacteria,Steroidobacterales,Steroidobacteraceae,uncultured,NA,Zotu532,0.000483
467,Zotu54,Zotu54,NA,23,other,Bacteria,Bacteroidota,Bacteroidia,Bacteroidales,Bacteroidetes_vadinHA17,Bacteroidetes_vadinHA17,NA,Zotu54,0.00418
468,Zotu53,Zotu53,NA,23,other,Bacteria,Bacteroidota,Bacteroidia,Bacteroidales,Bacteroidetes_vadinHA17,Bacteroidetes_vadinHA17,NA,Zotu53,0.004205
469,Zotu540,Zotu540,NA,21,other,Bacteria,TA06,TA06,TA06,TA06,TA06,uncultured_soil,Zotu540,0.000421
470,Zotu1697,Zotu1697,NA,21,other,Bacteria,Firmicutes,Clostridia,Clostridia,Hungateiclostridiaceae,NA,NA,Zotu1697,0.000136
471,Zotu1716,Zotu1716,NA,21,other,Bacteria,Nitrospirota,Thermodesulfovibrionia,uncultured,uncultured,uncultured,uncultured_bacterium,Zotu1716,0.000109
472,Zotu542,Zotu542,NA,1,other,Bacteria,Proteobacteria,Gammaproteobacteria,Burkholderiales,Rhodocyclaceae,Sulfuritalea,NA,Zotu542,0.000464
473,Zotu547,Zotu547,NA,0,other,Bacteria,Proteobacteria,Alphaproteobacteria,Reyranellales,Reyranellaceae,Reyranella,NA,Zotu547,0.000274
474,Zotu548,Zotu548,NA,0,other,Bacteria,Verrucomicrobiota,Verrucomicrobiae,Pedosphaerales,Pedosphaeraceae,Pedosphaeraceae,uncultured_bacterium,Zotu548,0.000376
475,Zotu552,Zotu552,NA,0,other,Bacteria,Desulfobacterota,Desulfobacteria,Desulfobacterales,Desulfosarcinaceae,Sva0081_sediment_group,NA,Zotu552,0.000422
476,Zotu558,Zotu558,NA,2,other,Bacteria,Proteobacteria,Gammaproteobacteria,Methylococcales,Methylomonadaceae,Methylomonas,uncultured_bacterium,Zotu558,0.000221
477,Zotu1073,Zotu1073,NA,2,other,Bacteria,Proteobacteria,Gammaproteobacteria,Methylococcales,Methylomonadaceae,Methylomonas,uncultured_bacterium,Zotu1073,0.000108
478,Zotu559,Zotu559,NA,21,other,Bacteria,Firmicutes,Clostridia,Clostridia,Hungateiclostridiaceae,Ruminiclostridium,uncultured_bacterium,Zotu559,0.000501
479,Zotu1906,Zotu1906,NA,21,other,Bacteria,Verrucomicrobiota,Omnitrophia,Omnitrophales,Omnitrophaceae,Candidatus_Omnitrophus,uncultured_bacterium,Zotu1906,0.000116
480,Zotu56,Zotu56,NA,1,other,Bacteria,Proteobacteria,Gammaproteobacteria,Burkholderiales,Rhodocyclaceae,NA,NA,Zotu56,0.00084
481,Zotu561,Zotu561,NA,24,other,Bacteria,Proteobacteria,Gammaproteobacteria,Burkholderiales,Nitrosomonadaceae,uncultured,uncultured_bacterium,Zotu561,0.000489
482,Zotu459,Zotu459,NA,24,other,Bacteria,Proteobacteria,Gammaproteobacteria,Burkholderiales,Nitrosomonadaceae,uncultured,uncultured_bacterium,Zotu459,0.000668
483,Zotu567,Zotu567,NA,13,other,Bacteria,Chloroflexi,Chloroflexia,Chloroflexales,Roseiflexaceae,uncultured,uncultured_bacterium,Zotu567,0.000264
484,Zotu570,Zotu570,NA,13,other,Bacteria,Proteobacteria,Gammaproteobacteria,Burkholderiales,Nitrosomonadaceae,Ellin6067,NA,Zotu570,0.000402
485,Zotu572,Zotu572,NA,1,other,Bacteria,Myxococcota,Myxococcia,Myxococcales,Myxococcaceae,P3OB-42,uncultured_bacterium,Zotu572,0.000124
486,Zotu575,Zotu575,NA,21,other,Bacteria,Bacteroidota,Bacteroidia,Chitinophagales,Chitinophagaceae,Terrimonas,NA,Zotu575,0.000408
487,Zotu576,Zotu576,NA,0,other,Bacteria,Sva0485,Sva0485,Sva0485,Sva0485,Sva0485,uncultured_soil,Zotu576,0.00037
488,Zotu1611,Zotu1611,NA,0,other,Bacteria,Proteobacteria,Alphaproteobacteria,Rhizobiales,Xanthobacteraceae,Pseudolabrys,NA,Zotu1611,0.000129
489,Zotu577,Zotu577,NA,25,other,Bacteria,Acidobacteriota,Acidobacteriae,GOUTB8,GOUTB8,GOUTB8,uncultured_bacterium,Zotu577,0.000404
490,Zotu1042,Zotu1042,NA,25,other,Bacteria,Acidobacteriota,Acidobacteriae,GOUTB8,GOUTB8,GOUTB8,uncultured_bacterium,Zotu1042,0.000224
491,Zotu58,Zotu58,NA,12,other,Bacteria,Desulfobacterota,Desulfuromonadia,Geobacterales,Geobacteraceae,Geobacter,NA,Zotu58,0.004072
492,Zotu1649,Zotu1649,NA,12,diff,Bacteria,Acidobacteriota,Acidobacteriae,Acidobacteriales,uncultured,uncultured,NA,Zotu1649,0.000132
493,Zotu375,Zotu375,NA,12,other,Bacteria,Desulfobacterota,Desulfuromonadia,Geobacterales,Geobacteraceae,uncultured,uncultured_delta,Zotu375,0.000872
494,Zotu569,Zotu569,NA,12,other,Bacteria,MBNT15,MBNT15,MBNT15,MBNT15,MBNT15,uncultured_Syntrophobacterales,Zotu569,0.000499
495,Zotu580,Zotu580,NA,0,other,Bacteria,Acidobacteriota,Thermoanaerobaculia,Thermoanaerobaculales,Thermoanaerobaculaceae,Subgroup_23,NA,Zotu580,0.000363
496,Zotu581,Zotu581,NA,1,other,Bacteria,Proteobacteria,Gammaproteobacteria,Methylococcales,Methylococcaceae,Methyloterricola,Methyloterricola_oryzae,Zotu581,0.000436
497,Zotu582,Zotu582,NA,0,other,Bacteria,Proteobacteria,Alphaproteobacteria,Rhizobiales,Xanthobacteraceae,Bradyrhizobium,NA,Zotu582,0.00027
498,Zotu588,Zotu588,NA,0,other,Bacteria,Proteobacteria,Gammaproteobacteria,Ectothiorhodospirales,Thioalkalispiraceae,Thioalkalispira-Sulfurivermis,uncultured_bacterium,Zotu588,0.000338
499,Zotu59,Zotu59,NA,1,diff,Bacteria,Proteobacteria,Gammaproteobacteria,Acidiferrobacterales,Acidiferrobacteraceae,Sulfurifustis,NA,Zotu59,0.000935
500,Zotu591,Zotu591,NA,8,diff,Bacteria,Proteobacteria,Gammaproteobacteria,Burkholderiales,Comamonadaceae,Rhizobacter,NA,Zotu591,0.000228
501,Zotu5941,Zotu5941,NA,26,other,Bacteria,Desulfobacterota,Desulfuromonadia,Geobacterales,Geobacteraceae,uncultured,NA,Zotu5941,0.001
502,Zotu247,Zotu247,NA,26,other,Bacteria,Desulfobacterota,Desulfuromonadia,Geobacterales,Geobacteraceae,Geobacter,NA,Zotu247,0.001138
503,Zotu5944,Zotu5944,NA,1,other,Bacteria,Proteobacteria,Gammaproteobacteria,Burkholderiales,Rhodocyclaceae,Sulfuritalea,uncultured_bacterium,Zotu5944,0.000196
504,Zotu595,Zotu595,NA,13,other,Bacteria,Actinobacteriota,Acidimicrobiia,Microtrichales,NA,NA,NA,Zotu595,0.000354
505,Zotu596,Zotu596,NA,21,other,Bacteria,Bacteroidota,Bacteroidia,Sphingobacteriales,Lentimicrobiaceae,Lentimicrobiaceae,uncultured_bacterium,Zotu596,0.000428
506,Zotu597,Zotu597,NA,0,other,Bacteria,Spirochaetota,Spirochaetia,Spirochaetales,Spirochaetaceae,Spirochaeta,NA,Zotu597,0.00035
507,Zotu599,Zotu599,NA,20,diff,Bacteria,Bacteroidota,Bacteroidia,Sphingobacteriales,Lentimicrobiaceae,Lentimicrobiaceae,NA,Zotu599,0.000474
508,Zotu60,Zotu60,NA,1,other,Bacteria,Myxococcota,Polyangia,Haliangiales,Haliangiaceae,Haliangium,NA,Zotu60,0.001648
509,Zotu496,Zotu496,NA,1,other,Bacteria,Myxococcota,Polyangia,Haliangiales,Haliangiaceae,Haliangium,NA,Zotu496,0.000207
510,Zotu605,Zotu605,NA,13,other,Bacteria,Proteobacteria,Alphaproteobacteria,Caulobacterales,Caulobacteraceae,Phenylobacterium,NA,Zotu605,0.000327
511,Zotu608,Zotu608,NA,2,other,Bacteria,Proteobacteria,Gammaproteobacteria,Methylococcales,Methylomonadaceae,Methylomonas,uncultured_bacterium,Zotu608,0.000293
512,Zotu609,Zotu609,NA,0,other,Bacteria,Proteobacteria,Alphaproteobacteria,Rhizobiales,Xanthobacteraceae,Bradyrhizobium,NA,Zotu609,2.00E-04
513,Zotu61,Zotu61,NA,8,other,Bacteria,Firmicutes,Clostridia,Peptostreptococcales-Tissierellales,Anaerovoracaceae,Anaerovorax,uncultured_Anaerovorax,Zotu61,0.001932
514,Zotu610,Zotu610,NA,27,other,Bacteria,Verrucomicrobiota,Verrucomicrobiae,Pedosphaerales,Pedosphaeraceae,ADurb.Bin063-1,NA,Zotu610,0.000455
515,Zotu382,Zotu382,NA,27,other,Bacteria,Verrucomicrobiota,Verrucomicrobiae,Pedosphaerales,Pedosphaeraceae,ADurb.Bin063-1,uncultured_bacterium,Zotu382,0.000864
516,Zotu611,Zotu611,NA,28,diff,Bacteria,Proteobacteria,Gammaproteobacteria,Burkholderiales,Methylophilaceae,MM1,uncultured_bacterium,Zotu611,0.000392
517,Zotu10706,Zotu10706,NA,28,diff,Bacteria,Proteobacteria,Gammaproteobacteria,Burkholderiales,Methylophilaceae,Methylobacillus,uncultured_bacterium,Zotu10706,0.000175
518,Zotu612,Zotu612,NA,8,other,Bacteria,Verrucomicrobiota,Lentisphaeria,Oligosphaerales,Lenti-02,Lenti-02,metagenome,Zotu612,0.000442
519,Zotu614,Zotu614,NA,1,other,Bacteria,Bacteroidota,Bacteroidia,Bacteroidales,Bacteroidetes_BD2-2,Bacteroidetes_BD2-2,uncultured_prokaryote,Zotu614,0.000272
520,Zotu1415,Zotu1415,NA,1,other,Bacteria,Bacteroidota,Bacteroidia,Bacteroidales,Bacteroidetes_BD2-2,Bacteroidetes_BD2-2,uncultured_prokaryote,Zotu1415,0.00011
521,Zotu615,Zotu615,NA,8,other,Bacteria,Proteobacteria,Gammaproteobacteria,Burkholderiales,Comamonadaceae,NA,NA,Zotu615,0.00017
522,Zotu6206,Zotu6206,NA,0,other,Bacteria,Proteobacteria,Gammaproteobacteria,Burkholderiales,Hydrogenophilaceae,uncultured,uncultured_bacterium,Zotu6206,0.003854
523,Zotu621,Zotu621,NA,13,other,Bacteria,Actinobacteriota,Actinobacteria,Micrococcales,Intrasporangiaceae,NA,NA,Zotu621,0.000252
524,Zotu623,Zotu623,NA,0,other,Bacteria,Zixibacteria,Zixibacteria,Zixibacteria,Zixibacteria,Zixibacteria,uncultured_bacterium,Zotu623,0.000354
525,Zotu625,Zotu625,NA,0,diff,Bacteria,Proteobacteria,Alphaproteobacteria,Rhizobiales,Xanthobacteraceae,Pseudolabrys,NA,Zotu625,0.00023
526,Zotu1094,Zotu1094,NA,0,other,Bacteria,Nitrospirota,Thermodesulfovibrionia,uncultured,uncultured,uncultured,uncultured_bacterium,Zotu1094,0.000186
527,Zotu630,Zotu630,NA,1,diff,Bacteria,Bdellovibrionota,Oligoflexia,0319-6G20,0319-6G20,0319-6G20,marine_metagenome,Zotu630,0.000124
528,Zotu631,Zotu631,NA,1,diff,Bacteria,Proteobacteria,Gammaproteobacteria,Methylococcales,Methylomonadaceae,Methylomonas,uncultured_bacterium,Zotu631,0.000192
529,Zotu633,Zotu633,NA,13,other,Bacteria,Gemmatimonadota,Gemmatimonadetes,Gemmatimonadales,Gemmatimonadaceae,uncultured,NA,Zotu633,0.000352
530,Zotu636,Zotu636,NA,6,other,Bacteria,Firmicutes,Clostridia,Clostridiales,Clostridiaceae,Clostridium_sensu_stricto_9,uncultured_bacterium,Zotu636,0.00042
531,Zotu639,Zotu639,NA,1,other,Bacteria,Proteobacteria,Gammaproteobacteria,Burkholderiales,Rhodocyclaceae,NA,NA,Zotu639,0.000285
532,Zotu640,Zotu640,NA,6,other,Bacteria,Firmicutes,Clostridia,Clostridiales,Clostridiaceae,Clostridium_sensu_stricto_12,Clostridium_magnum,Zotu640,0.000404
533,Zotu643,Zotu643,NA,8,other,Bacteria,Verrucomicrobiota,Verrucomicrobiae,Pedosphaerales,Pedosphaeraceae,ADurb.Bin063-1,NA,Zotu643,0.000633
534,Zotu645,Zotu645,NA,0,other,Bacteria,NA,NA,NA,NA,NA,NA,Zotu645,0.000288
535,Zotu647,Zotu647,NA,0,other,Bacteria,Proteobacteria,Gammaproteobacteria,Burkholderiales,Sulfuricellaceae,Sulfuricella,uncultured_bacterium,Zotu647,0.000348
536,Zotu648,Zotu648,NA,8,diff,Bacteria,Bacteroidota,Bacteroidia,Bacteroidales,Prolixibacteraceae,WCHB1-32,NA,Zotu648,0.000367
537,Zotu649,Zotu649,NA,0,other,Bacteria,Proteobacteria,Gammaproteobacteria,Burkholderiales,Comamonadaceae,NA,NA,Zotu649,0.000369
538,Zotu652,Zotu652,NA,1,other,Bacteria,Proteobacteria,Gammaproteobacteria,Burkholderiales,Rhodocyclaceae,NA,NA,Zotu652,0.000373
539,Zotu653,Zotu653,NA,0,other,Bacteria,Verrucomicrobiota,Verrucomicrobiae,LD1-PB3,LD1-PB3,LD1-PB3,uncultured_soil,Zotu653,0.000321
540,Zotu654,Zotu654,NA,13,other,Bacteria,Proteobacteria,Gammaproteobacteria,Burkholderiales,SC-I-84,SC-I-84,NA,Zotu654,0.000287
541,Zotu1341,Zotu1341,NA,13,other,Bacteria,Proteobacteria,Gammaproteobacteria,Burkholderiales,SC-I-84,SC-I-84,NA,Zotu1341,0.000142
542,Zotu655,Zotu655,NA,13,other,Bacteria,Proteobacteria,Gammaproteobacteria,Burkholderiales,SC-I-84,SC-I-84,NA,Zotu655,0.00034
543,Zotu659,Zotu659,NA,0,other,Bacteria,Acidobacteriota,Subgroup_21,Subgroup_21,Subgroup_21,Subgroup_21,uncultured_bacterium,Zotu659,0.000287
544,Zotu66,Zotu66,NA,29,other,Bacteria,MBNT15,MBNT15,MBNT15,MBNT15,MBNT15,NA,Zotu66,0.003665
545,Zotu205,Zotu205,NA,29,other,Bacteria,Nitrospirota,Nitrospiria,Nitrospirales,Nitrospiraceae,Nitrospira,NA,Zotu205,0.001238
546,Zotu379,Zotu379,NA,29,other,Bacteria,MBNT15,MBNT15,MBNT15,MBNT15,MBNT15,NA,Zotu379,0.000672
547,Zotu663,Zotu663,NA,13,other,Bacteria,Actinobacteriota,MB-A2-108,MB-A2-108,MB-A2-108,MB-A2-108,NA,Zotu663,0.000244
548,Zotu665,Zotu665,NA,0,other,Bacteria,Nitrospirota,Thermodesulfovibrionia,uncultured,uncultured,uncultured,uncultured_bacterium,Zotu665,0.000368
549,Zotu67,Zotu67,NA,29,other,Bacteria,MBNT15,MBNT15,MBNT15,MBNT15,MBNT15,uncultured_delta,Zotu67,0.003318
550,Zotu671,Zotu671,NA,0,other,Bacteria,Latescibacterota,Latescibacterota,Latescibacterota,Latescibacterota,Latescibacterota,uncultured_bacterium,Zotu671,0.000302
551,Zotu672,Zotu672,NA,0,other,Bacteria,Gemmatimonadota,Gemmatimonadetes,Gemmatimonadales,Gemmatimonadaceae,uncultured,NA,Zotu672,0.000311
552,Zotu675,Zotu675,NA,0,other,Bacteria,Sva0485,Sva0485,Sva0485,Sva0485,Sva0485,uncultured_soil,Zotu675,0.000323
553,Zotu6752,Zotu6752,NA,30,other,Bacteria,Proteobacteria,Gammaproteobacteria,Burkholderiales,Rhodocyclaceae,NA,NA,Zotu6752,0.000195
554,Zotu2839,Zotu2839,NA,30,other,Bacteria,Proteobacteria,Gammaproteobacteria,Burkholderiales,Rhodocyclaceae,NA,NA,Zotu2839,0.000165
555,Zotu677,Zotu677,NA,29,other,Bacteria,Nitrospirota,Thermodesulfovibrionia,uncultured,uncultured,uncultured,uncultured_bacterium,Zotu677,0.000333
556,Zotu679,Zotu679,NA,1,other,Bacteria,Bacteroidota,Bacteroidia,Bacteroidales,Bacteroidetes_BD2-2,Bacteroidetes_BD2-2,uncultured_prokaryote,Zotu679,0.000251
557,Zotu68,Zotu68,NA,31,other,Bacteria,Bacteroidota,Bacteroidia,Bacteroidales,NA,NA,NA,Zotu68,0.000818
558,Zotu100,Zotu100,NA,31,other,Bacteria,Bacteroidota,Bacteroidia,Bacteroidales,NA,NA,NA,Zotu100,0.000562
559,Zotu689,Zotu689,NA,0,other,Bacteria,Sva0485,Sva0485,Sva0485,Sva0485,Sva0485,NA,Zotu689,0.00031
560,Zotu69,Zotu69,NA,32,other,Bacteria,Proteobacteria,Gammaproteobacteria,Burkholderiales,Methylophilaceae,MM2,uncultured_bacterium,Zotu69,0.002838
561,Zotu372,Zotu372,NA,32,other,Bacteria,Proteobacteria,Gammaproteobacteria,Methylococcales,Methylococcaceae,Methylococcus,uncultured_bacterium,Zotu372,0.000648
562,Zotu693,Zotu693,NA,5,other,Bacteria,Proteobacteria,Gammaproteobacteria,PLTA13,PLTA13,PLTA13,uncultured_gamma,Zotu693,0.000339
563,Zotu694,Zotu694,NA,8,other,Bacteria,Bacteroidota,Bacteroidia,Bacteroidales,SB-5,SB-5,uncultured_bacterium,Zotu694,0.00029
564,Zotu695,Zotu695,NA,2,diff,Bacteria,Proteobacteria,Gammaproteobacteria,Methylococcales,Methylomonadaceae,Methylomonas,uncultured_bacterium,Zotu695,0.000217
565,Zotu699,Zotu699,NA,1,other,Bacteria,Desulfobacterota,Desulfuromonadia,Geobacterales,Geobacteraceae,NA,NA,Zotu699,0.000461
566,Zotu7,Zotu7,NA,11,diff,Bacteria,Myxococcota,Myxococcia,Myxococcales,Myxococcaceae,uncultured,uncultured_bacterium,Zotu7,0.007544
567,Zotu504,Zotu504,NA,11,other,Bacteria,Proteobacteria,Gammaproteobacteria,Burkholderiales,Rhodocyclaceae,Sulfuritalea,uncultured_bacterium,Zotu504,0.000374
568,Zotu70,Zotu70,NA,1,diff,Bacteria,Nitrospirota,4-29-1,4-29-1,4-29-1,4-29-1,uncultured_bacterium,Zotu70,0.001106
569,Zotu700,Zotu700,NA,1,other,Bacteria,Proteobacteria,Gammaproteobacteria,Burkholderiales,Rhodocyclaceae,NA,NA,Zotu700,0.000464
570,Zotu701,Zotu701,NA,13,other,Bacteria,Proteobacteria,Alphaproteobacteria,Rhizobiales,Beijerinckiaceae,Methylocystis,NA,Zotu701,0.000254
571,Zotu702,Zotu702,NA,1,other,Bacteria,Desulfobacterota,Desulfobulbia,Desulfobulbales,Desulfobulbaceae,uncultured,uncultured_bacterium,Zotu702,0.000423
572,Zotu703,Zotu703,NA,13,other,Bacteria,Actinobacteriota,Coriobacteriia,OPB41,OPB41,OPB41,NA,Zotu703,0.000252
573,Zotu706,Zotu706,NA,13,other,Bacteria,Actinobacteriota,Actinobacteria,Micrococcales,Microbacteriaceae,Agromyces,NA,Zotu706,0.000109
574,Zotu709,Zotu709,NA,2,other,Bacteria,Proteobacteria,Gammaproteobacteria,Methylococcales,Methylomonadaceae,Methylomonas,NA,Zotu709,0.000241
575,Zotu711,Zotu711,NA,1,other,Bacteria,Firmicutes,Clostridia,Peptostreptococcales-Tissierellales,Acidaminobacteraceae,Acidaminobacter,uncultured_prokaryote,Zotu711,0.00031
576,Zotu714,Zotu714,NA,1,other,Bacteria,Proteobacteria,Gammaproteobacteria,Burkholderiales,Rhodocyclaceae,Sulfuritalea,NA,Zotu714,0.000461
577,Zotu716,Zotu716,NA,8,other,Bacteria,Proteobacteria,Gammaproteobacteria,Burkholderiales,Comamonadaceae,NA,NA,Zotu716,0.000228
578,Zotu7167,Zotu7167,NA,1,other,Bacteria,Proteobacteria,Gammaproteobacteria,Burkholderiales,Comamonadaceae,NA,NA,Zotu7167,0.000105
579,Zotu72,Zotu72,NA,6,diff,Bacteria,Firmicutes,Clostridia,Clostridiales,Clostridiaceae,Clostridium_sensu_stricto_1,NA,Zotu72,0.001698
580,Zotu720,Zotu720,NA,25,diff,Bacteria,Acidobacteriota,Acidobacteriae,TSBb06,TSBb06,TSBb06,uncultured_bacterium,Zotu720,0.000286
581,Zotu726,Zotu726,NA,8,other,Bacteria,Acidobacteriota,Holophagae,Holophagales,Holophagaceae,NA,NA,Zotu726,0.000178
582,Zotu729,Zotu729,NA,0,other,Bacteria,Proteobacteria,Gammaproteobacteria,Ectothiorhodospirales,Thioalkalispiraceae,Thioalkalispira-Sulfurivermis,NA,Zotu729,0.000291
583,Zotu730,Zotu730,NA,31,other,Bacteria,Desulfobacterota,Desulfuromonadia,Geobacterales,Geobacteraceae,NA,NA,Zotu730,0.000425
584,Zotu737,Zotu737,NA,13,other,Bacteria,Actinobacteriota,Acidimicrobiia,uncultured,uncultured,uncultured,NA,Zotu737,0.000182
585,Zotu739,Zotu739,NA,13,other,Bacteria,Proteobacteria,Alphaproteobacteria,Rhizobiales,Beijerinckiaceae,Methylocystis,uncultured_bacterium,Zotu739,0.000204
586,Zotu74,Zotu74,NA,1,other,Bacteria,Proteobacteria,Gammaproteobacteria,Burkholderiales,Rhodocyclaceae,NA,NA,Zotu74,0.001553
587,Zotu740,Zotu740,NA,0,other,Bacteria,Spirochaetota,Spirochaetia,Spirochaetales,Spirochaetaceae,Spirochaeta,uncultured_Spirochaetes,Zotu740,0.000273
588,Zotu745,Zotu745,NA,0,other,Bacteria,Actinobacteriota,Thermoleophilia,Gaiellales,NA,NA,NA,Zotu745,0.000245
589,Zotu746,Zotu746,NA,0,other,Bacteria,Sva0485,Sva0485,Sva0485,Sva0485,Sva0485,uncultured_bacterium,Zotu746,0.000304
590,Zotu747,Zotu747,NA,0,other,Bacteria,Nitrospirota,Thermodesulfovibrionia,uncultured,uncultured,uncultured,uncultured_bacterium,Zotu747,0.000242
591,Zotu752,Zotu752,NA,0,other,Bacteria,Sva0485,Sva0485,Sva0485,Sva0485,Sva0485,NA,Zotu752,0.000366
592,Zotu7563,Zotu7563,NA,33,other,Bacteria,Desulfobacterota,Syntrophorhabdia,Syntrophorhabdales,Syntrophorhabdaceae,Syntrophorhabdus,uncultured_bacterium,Zotu7563,0.000626
593,Zotu735,Zotu735,NA,33,other,Bacteria,Sva0485,Sva0485,Sva0485,Sva0485,Sva0485,NA,Zotu735,0.000327
594,Zotu760,Zotu760,NA,32,diff,Bacteria,Proteobacteria,Gammaproteobacteria,Methylococcales,Methylococcaceae,Methylocaldum,uncultured_bacterium,Zotu760,0.00029
595,Zotu766,Zotu766,NA,0,other,Bacteria,Myxococcota,Polyangia,Haliangiales,Haliangiaceae,Haliangium,uncultured_bacterium,Zotu766,0.000247
596,Zotu767,Zotu767,NA,0,diff,Bacteria,Proteobacteria,Gammaproteobacteria,Burkholderiales,TRA3-20,TRA3-20,NA,Zotu767,0.000246
597,Zotu77,Zotu77,NA,1,other,Bacteria,Desulfobacterota,Desulfuromonadia,Geobacterales,Geobacteraceae,NA,NA,Zotu77,0.00316
598,Zotu770,Zotu770,NA,0,other,Bacteria,NA,NA,NA,NA,NA,NA,Zotu770,0.000311
599,Zotu773,Zotu773,NA,2,other,Bacteria,Bacteroidota,Bacteroidia,Bacteroidales,Williamwhitmaniaceae,Blvii28_wastewater-sludge_group,uncultured_bacterium,Zotu773,0.000115
600,Zotu774,Zotu774,NA,6,other,Bacteria,Firmicutes,Clostridia,Clostridiales,Clostridiaceae,Clostridium_sensu_stricto_1,NA,Zotu774,0.000222
601,Zotu775,Zotu775,NA,6,diff,Bacteria,Firmicutes,Clostridia,Peptostreptococcales-Tissierellales,Peptostreptococcaceae,Sporacetigenium,uncultured_bacterium,Zotu775,0.000311
602,Zotu778,Zotu778,NA,1,other,Bacteria,Nitrospirota,Thermodesulfovibrionia,uncultured,uncultured,uncultured,uncultured_bacterium,Zotu778,0.000263
603,Zotu779,Zotu779,NA,13,other,Bacteria,Acidobacteriota,Thermoanaerobaculia,Thermoanaerobaculales,Thermoanaerobaculaceae,Subgroup_10,uncultured_soil,Zotu779,0.000219
604,Zotu781,Zotu781,NA,13,other,Bacteria,Proteobacteria,Alphaproteobacteria,Acetobacterales,Acetobacteraceae,Roseomonas,NA,Zotu781,0.00029
605,Zotu783,Zotu783,NA,1,other,Bacteria,Bacteroidota,Bacteroidia,Bacteroidales,Bacteroidetes_BD2-2,Bacteroidetes_BD2-2,uncultured_prokaryote,Zotu783,0.000157
606,Zotu785,Zotu785,NA,13,other,Bacteria,Proteobacteria,Alphaproteobacteria,Reyranellales,Reyranellaceae,uncultured,uncultured_soil,Zotu785,0.000242
607,Zotu79,Zotu79,NA,1,diff,Bacteria,Myxococcota,Myxococcia,Myxococcales,Myxococcaceae,P3OB-42,uncultured_bacterium,Zotu79,0.00077
608,Zotu795,Zotu795,NA,6,other,Bacteria,Firmicutes,Clostridia,Clostridiales,Clostridiaceae,Clostridium_sensu_stricto_9,uncultured_bacterium,Zotu795,0.000315
609,Zotu799,Zotu799,NA,6,other,Bacteria,Firmicutes,Clostridia,Clostridiales,Clostridiaceae,Clostridium_sensu_stricto_12,Clostridium_magnum,Zotu799,0.000172
610,Zotu800,Zotu800,NA,0,other,Bacteria,Proteobacteria,Alphaproteobacteria,Rhizobiales,Methyloligellaceae,uncultured,NA,Zotu800,0.00019
611,Zotu802,Zotu802,NA,1,other,Bacteria,Bacteroidota,Bacteroidia,Bacteroidales,Bacteroidetes_BD2-2,Bacteroidetes_BD2-2,uncultured_prokaryote,Zotu802,0.000211
612,Zotu807,Zotu807,NA,13,other,Bacteria,Actinobacteriota,Actinobacteria,Propionibacteriales,Nocardioidaceae,Nocardioides,NA,Zotu807,0.000143
613,Zotu808,Zotu808,NA,0,other,Bacteria,Proteobacteria,Alphaproteobacteria,Rhizobiales,Methyloligellaceae,uncultured,NA,Zotu808,0.000182
614,Zotu809,Zotu809,NA,8,other,Bacteria,Proteobacteria,Gammaproteobacteria,Burkholderiales,Rhodocyclaceae,NA,NA,Zotu809,0.000398
615,Zotu81,Zotu81,NA,13,other,Bacteria,Proteobacteria,Gammaproteobacteria,Burkholderiales,SC-I-84,SC-I-84,NA,Zotu81,0.002324
616,Zotu12057,Zotu12057,NA,13,other,Bacteria,Proteobacteria,Gammaproteobacteria,Burkholderiales,Comamonadaceae,Ramlibacter,NA,Zotu12057,0.000438
617,Zotu811,Zotu811,NA,0,other,Bacteria,MBNT15,MBNT15,MBNT15,MBNT15,MBNT15,NA,Zotu811,0.000308
618,Zotu813,Zotu813,NA,5,other,Bacteria,Proteobacteria,Gammaproteobacteria,Burkholderiales,SC-I-84,SC-I-84,uncultured_prokaryote,Zotu813,0.000322
619,Zotu815,Zotu815,NA,21,other,Bacteria,Gemmatimonadota,Gemmatimonadetes,Gemmatimonadales,Gemmatimonadaceae,Gemmatimonas,uncultured_Gemmatimonadaceae,Zotu815,0.000252
620,Zotu1049,Zotu1049,NA,21,other,Bacteria,Gemmatimonadota,Gemmatimonadetes,Gemmatimonadales,Gemmatimonadaceae,Gemmatimonas,uncultured_Gemmatimonas,Zotu1049,0.000175
621,Zotu1229,Zotu1229,NA,21,other,Bacteria,Verrucomicrobiota,Verrucomicrobiae,NA,NA,NA,NA,Zotu1229,0.000136
622,Zotu817,Zotu817,NA,0,other,Bacteria,Verrucomicrobiota,Verrucomicrobiae,Pedosphaerales,Pedosphaeraceae,Pedosphaeraceae,uncultured_bacterium,Zotu817,0.000282
623,Zotu82,Zotu82,NA,0,other,Bacteria,Nitrospirota,4-29-1,4-29-1,4-29-1,4-29-1,NA,Zotu82,0.002924
624,Zotu827,Zotu827,NA,21,other,Bacteria,Acidobacteriota,Subgroup_22,Subgroup_22,Subgroup_22,Subgroup_22,uncultured_bacterium,Zotu827,0.000268
625,Zotu8276,Zotu8276,NA,1,other,Bacteria,Myxococcota,Myxococcia,Myxococcales,Myxococcaceae,P3OB-42,uncultured_soil,Zotu8276,0.00024
626,Zotu837,Zotu837,NA,1,other,Bacteria,Fibrobacterota,Fibrobacteria,Fibrobacterales,Fibrobacterales,BBMC-4,uncultured_soil,Zotu837,0.000117
627,Zotu838,Zotu838,NA,13,other,Bacteria,Proteobacteria,Alphaproteobacteria,Rhizobiales,Beijerinckiaceae,alphaI_cluster,uncultured_bacterium,Zotu838,0.00022
628,Zotu84,Zotu84,NA,0,other,Bacteria,Latescibacterota,Latescibacterota,Latescibacterota,Latescibacterota,Latescibacterota,uncultured_bacterium,Zotu84,0.002369
629,Zotu1322,Zotu1322,NA,0,other,Bacteria,Sva0485,Sva0485,Sva0485,Sva0485,Sva0485,uncultured_bacterium,Zotu1322,0.00015
630,Zotu841,Zotu841,NA,0,other,Bacteria,Sva0485,Sva0485,Sva0485,Sva0485,Sva0485,NA,Zotu841,0.000304
631,Zotu844,Zotu844,NA,0,other,Bacteria,Sva0485,Sva0485,Sva0485,Sva0485,Sva0485,uncultured_delta,Zotu844,0.000267
632,Zotu1264,Zotu1264,NA,0,other,Bacteria,LCP-89,LCP-89,LCP-89,LCP-89,LCP-89,uncultured_bacterium,Zotu1264,0.000161
633,Zotu85,Zotu85,NA,1,other,Bacteria,Bacteroidota,Bacteroidia,Bacteroidales,SB-5,SB-5,uncultured_bacterium,Zotu85,0.0013
634,Zotu852,Zotu852,NA,13,other,Bacteria,Acidobacteriota,Holophagae,Subgroup_7,Subgroup_7,Subgroup_7,uncultured_Thermaerobacter,Zotu852,0.000234
635,Zotu855,Zotu855,NA,1,other,Bacteria,Acidobacteriota,Holophagae,Holophagales,Holophagaceae,Geothrix,NA,Zotu855,0.000125
636,Zotu858,Zotu858,NA,8,other,Bacteria,Proteobacteria,Gammaproteobacteria,Burkholderiales,Comamonadaceae,NA,NA,Zotu858,0.000193
637,Zotu86,Zotu86,NA,0,other,Bacteria,Acidobacteriota,Acidobacteriae,Bryobacterales,Bryobacteraceae,Bryobacter,uncultured_bacterium,Zotu86,0.002245
638,Zotu861,Zotu861,NA,0,other,Bacteria,Sva0485,Sva0485,Sva0485,Sva0485,Sva0485,uncultured_soil,Zotu861,0.000238
639,Zotu863,Zotu863,NA,21,other,Bacteria,Acidobacteriota,Holophagae,Holophagales,Holophagaceae,Geothrix,NA,Zotu863,0.000232
640,Zotu864,Zotu864,NA,21,other,Bacteria,Gemmatimonadota,S0134_terrestrial_group,S0134_terrestrial_group,S0134_terrestrial_group,S0134_terrestrial_group,NA,Zotu864,0.000264
641,Zotu590,Zotu590,NA,21,other,Bacteria,Gemmatimonadota,Gemmatimonadetes,Gemmatimonadales,Gemmatimonadaceae,uncultured,uncultured_Gemmatimonadales,Zotu590,0.000326
642,Zotu866,Zotu866,NA,0,other,Bacteria,Acidobacteriota,Acidobacteriae,Acidobacteriales,uncultured,uncultured,NA,Zotu866,0.000267
643,Zotu868,Zotu868,NA,0,other,Bacteria,Sva0485,Sva0485,Sva0485,Sva0485,Sva0485,uncultured_delta,Zotu868,0.000242
644,Zotu870,Zotu870,NA,0,other,Bacteria,Proteobacteria,Gammaproteobacteria,Burkholderiales,Nitrosomonadaceae,GOUTA6,uncultured_bacterium,Zotu870,0.00031
645,Zotu871,Zotu871,NA,13,other,Bacteria,Bacteroidota,Bacteroidia,Bacteroidales,Bacteroidetes_vadinHA17,Bacteroidetes_vadinHA17,NA,Zotu871,0.000317
646,Zotu2133,Zotu2133,NA,13,other,Bacteria,Proteobacteria,Gammaproteobacteria,Burkholderiales,Gallionellaceae,uncultured,uncultured_beta,Zotu2133,0.000213
647,Zotu874,Zotu874,NA,8,other,Bacteria,Desulfobacterota,Desulfuromonadia,Geobacterales,Geobacteraceae,Citrifermentans,uncultured_Desulfuromonadales,Zotu874,0.000341
648,Zotu553,Zotu553,NA,8,diff,Bacteria,Fibrobacterota,Fibrobacteria,Fibrobacterales,Fibrobacterales,BBMC-4,uncultured_bacterium,Zotu553,0.000113
649,Zotu876,Zotu876,NA,1,diff,Bacteria,NA,NA,NA,NA,NA,NA,Zotu876,0.001245
650,Zotu878,Zotu878,NA,6,other,Bacteria,Firmicutes,Clostridia,Clostridiales,Clostridiaceae,Clostridium_sensu_stricto_1,NA,Zotu878,0.000137
651,Zotu88,Zotu88,NA,21,other,Bacteria,Bacteroidota,Kryptonia,Kryptoniales,BSV26,BSV26,uncultured_bacterium,Zotu88,0.002365
652,Zotu884,Zotu884,NA,0,other,Bacteria,Proteobacteria,Alphaproteobacteria,Rhizobiales,Xanthobacteraceae,uncultured,NA,Zotu884,0.000154
653,Zotu888,Zotu888,NA,13,other,Bacteria,Proteobacteria,Gammaproteobacteria,CCD24,CCD24,CCD24,NA,Zotu888,0.000242
654,Zotu89,Zotu89,NA,13,other,Bacteria,Chloroflexi,Dehalococcoidia,S085,S085,S085,uncultured_bacterium,Zotu89,0.001554
655,Zotu896,Zotu896,NA,0,other,Bacteria,Sva0485,Sva0485,Sva0485,Sva0485,Sva0485,NA,Zotu896,0.000302
656,Zotu898,Zotu898,NA,21,other,Bacteria,Gemmatimonadota,S0134_terrestrial_group,S0134_terrestrial_group,S0134_terrestrial_group,S0134_terrestrial_group,uncultured_bacterium,Zotu898,0.000266
657,Zotu900,Zotu900,NA,13,other,Bacteria,Chloroflexi,SHA-26,SHA-26,SHA-26,SHA-26,uncultured_bacterium,Zotu900,0.000233
658,Zotu9076,Zotu9076,NA,1,other,Bacteria,Proteobacteria,Gammaproteobacteria,Burkholderiales,Rhodocyclaceae,NA,NA,Zotu9076,0.000157
659,Zotu909,Zotu909,NA,6,diff,Bacteria,Firmicutes,Clostridia,Clostridiales,Clostridiaceae,Clostridium_sensu_stricto_1,NA,Zotu909,0.00032
660,Zotu91,Zotu91,NA,1,other,Bacteria,Proteobacteria,Gammaproteobacteria,Burkholderiales,Rhodocyclaceae,NA,NA,Zotu91,0.001114
661,Zotu910,Zotu910,NA,0,other,Bacteria,Bacteroidota,Kryptonia,Kryptoniales,BSV26,BSV26,uncultured_bacterium,Zotu910,0.000235
662,Zotu911,Zotu911,NA,0,other,Bacteria,Desulfobacterota,Desulfobulbia,Desulfobulbales,Desulfocapsaceae,Desulfoprunum,uncultured_bacterium,Zotu911,0.000234
663,Zotu912,Zotu912,NA,13,other,Bacteria,Proteobacteria,Gammaproteobacteria,Burkholderiales,Nitrosomonadaceae,Ellin6067,uncultured_soil,Zotu912,0.000168
664,Zotu919,Zotu919,NA,0,other,Bacteria,Acidobacteriota,Holophagae,Subgroup_7,Subgroup_7,Subgroup_7,NA,Zotu919,0.000228
665,Zotu92,Zotu92,NA,13,other,Bacteria,Spirochaetota,Leptospirae,Leptospirales,Leptospiraceae,Turneriella,uncultured_bacterium,Zotu92,0.000416
666,Zotu367,Zotu367,NA,13,other,Bacteria,Bacteroidota,Bacteroidia,Bacteroidales,SB-5,SB-5,uncultured_soil,Zotu367,0.000121
667,Zotu921,Zotu921,NA,13,other,Bacteria,Chloroflexi,TK10,TK10,TK10,TK10,metagenome,Zotu921,0.000193
668,Zotu922,Zotu922,NA,29,other,Bacteria,Nitrospirota,Thermodesulfovibrionia,uncultured,uncultured,uncultured,uncultured_bacterium,Zotu922,0.000229
669,Zotu9243,Zotu9243,NA,1,diff,Bacteria,Proteobacteria,Gammaproteobacteria,Burkholderiales,Rhodocyclaceae,Sulfuritalea,uncultured_bacterium,Zotu9243,0.00029
670,Zotu925,Zotu925,NA,0,other,Bacteria,Latescibacterota,Latescibacterota,Latescibacterota,Latescibacterota,Latescibacterota,NA,Zotu925,0.000243
671,Zotu926,Zotu926,NA,5,other,Bacteria,Proteobacteria,Gammaproteobacteria,Steroidobacterales,Steroidobacteraceae,uncultured,NA,Zotu926,0.000267
672,Zotu93,Zotu93,NA,34,other,Bacteria,Nitrospirota,4-29-1,4-29-1,4-29-1,4-29-1,NA,Zotu93,0.002403
673,Zotu1059,Zotu1059,NA,34,other,Bacteria,Verrucomicrobiota,Verrucomicrobiae,Pedosphaerales,Pedosphaeraceae,Pedosphaeraceae,uncultured_bacterium,Zotu1059,0.000229
674,Zotu931,Zotu931,NA,13,other,Bacteria,Chloroflexi,NLS2-31,NLS2-31,NLS2-31,NLS2-31,uncultured_bacterium,Zotu931,0.000219
675,Zotu933,Zotu933,NA,35,other,Bacteria,Chloroflexi,Anaerolineae,SJA-15,SJA-15,SJA-15,uncultured_bacterium,Zotu933,0.000209
676,Zotu934,Zotu934,NA,21,other,Bacteria,Desulfobacterota,uncultured,uncultured,uncultured,uncultured,uncultured_delta,Zotu934,0.000258
677,Zotu938,Zotu938,NA,8,other,Bacteria,Proteobacteria,Gammaproteobacteria,Burkholderiales,Nitrosomonadaceae,oc32,uncultured_bacterium,Zotu938,0.000223
678,Zotu940,Zotu940,NA,31,other,Bacteria,MBNT15,MBNT15,MBNT15,MBNT15,MBNT15,uncultured_Syntrophobacterales,Zotu940,0.000296
679,Zotu942,Zotu942,NA,21,diff,Bacteria,Bacteroidota,Kryptonia,Kryptoniales,BSV26,BSV26,Ignavibacteria_bacterium,Zotu942,0.000268
680,Zotu944,Zotu944,NA,0,other,Bacteria,Acidobacteriota,Acidobacteriae,Bryobacterales,Bryobacteraceae,Bryobacter,NA,Zotu944,0.000194
681,Zotu945,Zotu945,NA,13,other,Bacteria,Actinobacteriota,Actinobacteria,Frankiales,Geodermatophilaceae,Blastococcus,NA,Zotu945,0.000151
682,Zotu95,Zotu95,NA,1,other,Bacteria,Proteobacteria,Gammaproteobacteria,Burkholderiales,Rhodocyclaceae,NA,NA,Zotu95,0.000898
683,Zotu956,Zotu956,NA,2,other,Bacteria,Proteobacteria,Gammaproteobacteria,Methylococcales,Methylomonadaceae,Methylomicrobium,uncultured_gamma,Zotu956,0.000252
684,Zotu957,Zotu957,NA,21,other,Bacteria,Gemmatimonadota,Gemmatimonadetes,Gemmatimonadales,Gemmatimonadaceae,NA,NA,Zotu957,0.00021
685,Zotu963,Zotu963,NA,1,other,Bacteria,Proteobacteria,Gammaproteobacteria,Burkholderiales,Sulfuricellaceae,Ferritrophicum,uncultured_bacterium,Zotu963,0.000258
686,Zotu966,Zotu966,NA,1,other,Bacteria,Desulfobacterota,Desulfuromonadia,Geobacterales,Geobacteraceae,uncultured,NA,Zotu966,0.000314
687,Zotu967,Zotu967,NA,2,diff,Bacteria,Proteobacteria,Gammaproteobacteria,Methylococcales,Methylomonadaceae,Methylomonas,uncultured_bacterium,Zotu967,0.000322
688,Zotu969,Zotu969,NA,13,other,Bacteria,Bacteroidota,Bacteroidia,Bacteroidales,Bacteroidetes_vadinHA17,Bacteroidetes_vadinHA17,NA,Zotu969,0.000275
689,Zotu970,Zotu970,NA,0,other,Bacteria,Verrucomicrobiota,Verrucomicrobiae,LD1-PB3,LD1-PB3,LD1-PB3,uncultured_soil,Zotu970,0.000208
690,Zotu975,Zotu975,NA,35,other,Bacteria,Chloroflexi,Anaerolineae,SJA-15,SJA-15,SJA-15,uncultured_bacterium,Zotu975,0.00022
691,Zotu1338,Zotu1338,NA,35,other,Bacteria,Chloroflexi,Anaerolineae,SJA-15,SJA-15,SJA-15,NA,Zotu1338,0.000151
692,Zotu981,Zotu981,NA,0,other,Bacteria,Desulfobacterota,Desulfuromonadia,Desulfuromonadia,Desulfuromonadaceae,Desulfuromonas,uncultured_bacterium,Zotu981,0.000238
693,Zotu9875,Zotu9875,NA,1,diff,Bacteria,Proteobacteria,Gammaproteobacteria,Burkholderiales,NA,NA,NA,Zotu9875,0.000958
694,Zotu988,Zotu988,NA,1,other,Bacteria,Bacteroidota,Bacteroidia,Bacteroidales,SB-5,SB-5,uncultured_soil,Zotu988,0.000144
695,Zotu9905,Zotu9905,NA,1,other,Bacteria,Desulfobacterota,Desulfuromonadia,Geobacterales,Geobacteraceae,Geobacter,NA,Zotu9905,2.00E-04
696,Zotu992,Zotu992,NA,0,other,Bacteria,Bacteroidota,Kryptonia,Kryptoniales,BSV26,BSV26,uncultured_bacterium,Zotu992,0.000185
697,Zotu998,Zotu998,NA,1,diff,Bacteria,Acidobacteriota,Holophagae,Holophagales,Holophagaceae,uncultured,NA,Zotu998,0.000122
