"label","id","Kingdom","Phylum","Class","Order","Family","Genus","Species","name","abun"
"Zotu1","Zotu1","Bacteria","Proteobacteria","Gammaproteobacteria","Burkholderiales","Rhodocyclaceae","uncultured","uncultured_Georgfuchsia","Zotu1",0.0593516536273968
"Zotu10","Zotu10","Bacteria","Firmicutes","Bacilli","Paenibacillales","Paenibacillaceae","Paenibacillus","uncultured_bacterium","Zotu10",0.00200479146400856
"Zotu100","Zotu100","Bacteria","Bacteroidota","Bacteroidia","Bacteroidales",NA,NA,NA,"Zotu100",0.00249132129337726
"Zotu10065","Zotu10065","Bacteria","Proteobacteria","Gammaproteobacteria","Burkholderiales","Rhodocyclaceae",NA,NA,"Zotu10065",0.000991546326530028
"Zotu101","Zotu101","Bacteria","Proteobacteria","Gammaproteobacteria","Burkholderiales","Rhodocyclaceae","Sulfuritalea","uncultured_bacterium","Zotu101",0.00458128655742293
"Zotu1011","Zotu1011","Bacteria","Proteobacteria","Gammaproteobacteria","Burkholderiales","Oxalobacteraceae","Herbaspirillum",NA,"Zotu1011",0.000580859135878687
"Zotu1016","Zotu1016","Bacteria","Proteobacteria","Gammaproteobacteria","Burkholderiales","Comamonadaceae",NA,NA,"Zotu1016",0.00102634706249731
"Zotu1018","Zotu1018","Bacteria","Proteobacteria","Alphaproteobacteria","Rhizobiales","Beijerinckiaceae","Methylocystis","uncultured_bacterium","Zotu1018",0.000120885777512057
"Zotu102","Zotu102","Bacteria","Bacteroidota","Kryptonia","Kryptoniales","BSV26","BSV26","uncultured_bacterium","Zotu102",0.000241648012128622
"Zotu1022","Zotu1022","Bacteria","Acidobacteriota","Thermoanaerobaculia","Thermoanaerobaculales","Thermoanaerobaculaceae","TPD-58","uncultured_bacterium","Zotu1022",0.000144585466389687
"Zotu1025","Zotu1025","Bacteria","Proteobacteria","Alphaproteobacteria","Sphingomonadales","Sphingomonadaceae","Sphingomonas","Sphingomonas_roseiflava","Zotu1025",0.000641406310620164
"Zotu1026","Zotu1026","Bacteria","Proteobacteria","Gammaproteobacteria","Burkholderiales","Comamonadaceae",NA,NA,"Zotu1026",0.000577533039862815
"Zotu1029","Zotu1029","Bacteria","Proteobacteria","Gammaproteobacteria","Burkholderiales","Rhodocyclaceae","Sulfuritalea",NA,"Zotu1029",0.000247767890675906
"Zotu103","Zotu103","Bacteria","Proteobacteria","Gammaproteobacteria","Burkholderiales","Rhodocyclaceae","Sulfuritalea","uncultured_bacterium","Zotu103",0.00616896120163805
"Zotu1030","Zotu1030","Bacteria","Myxococcota","Polyangia","Polyangiales","BIrii41","BIrii41",NA,"Zotu1030",0.000335870287176558
"Zotu10300","Zotu10300","Bacteria","Proteobacteria","Gammaproteobacteria","Burkholderiales",NA,NA,NA,"Zotu10300",0.000348856655027161
"Zotu1033","Zotu1033","Bacteria","Deinococcota","Deinococci","Thermales","Thermaceae","Meiothermus","uncultured_bacterium","Zotu1033",0.000297409428762368
"Zotu1035","Zotu1035","Bacteria","Bacteroidota","Bacteroidia","Bacteroidales","Paludibacteraceae","uncultured","uncultured_soil","Zotu1035",0.000348644357688524
"Zotu1036","Zotu1036","Bacteria","Spirochaetota","Leptospirae","Leptospirales","Leptospiraceae","Turneriella","uncultured_bacterium","Zotu1036",0.000166100724484437
"Zotu1041","Zotu1041","Bacteria","Fibrobacterota","Fibrobacteria","Fibrobacterales","Fibrobacterales","BBMC-4","uncultured_Leptospira","Zotu1041",0.000515376986274565
"Zotu10430","Zotu10430","Bacteria","Proteobacteria","Gammaproteobacteria","Burkholderiales","Rhodocyclaceae","uncultured",NA,"Zotu10430",0.000290329127954884
"Zotu1052","Zotu1052","Bacteria","Proteobacteria","Alphaproteobacteria","Rhizobiales","Rhizobiales_Incertae_Sedis","Phreatobacter","uncultured_bacterium","Zotu1052",0.000675665381710658
"Zotu1057","Zotu1057","Bacteria","Desulfobacterota","Desulfovibrionia","Desulfovibrionales","Desulfovibrionaceae","Desulfovibrio","Desulfovibrio_idahonensis","Zotu1057",0.000165283496327065
"Zotu1063","Zotu1063","Bacteria","Bacteroidota","Bacteroidia","Chitinophagales","Saprospiraceae","uncultured","uncultured_bacterium","Zotu1063",0.000433879730576584
"Zotu1064","Zotu1064","Bacteria","Bacteroidota","Bacteroidia","Bacteroidales","SB-5","SB-5","uncultured_soil","Zotu1064",0.000189530753658965
"Zotu107","Zotu107","Bacteria","Proteobacteria","Gammaproteobacteria","Burkholderiales","Comamonadaceae",NA,NA,"Zotu107",0.000326464629159123
"Zotu1088","Zotu1088","Bacteria","Desulfobacterota","Desulfovibrionia","Desulfovibrionales","Desulfovibrionaceae","Desulfovibrio",NA,"Zotu1088",0.000148489726508541
"Zotu109","Zotu109","Bacteria","Proteobacteria","Gammaproteobacteria","Steroidobacterales","Steroidobacteraceae","uncultured",NA,"Zotu109",0.000272673932674516
"Zotu1092","Zotu1092","Bacteria","FCPU426","FCPU426","FCPU426","FCPU426","FCPU426","metagenome","Zotu1092",0.000278495344969454
"Zotu1097","Zotu1097","Bacteria","Bacteroidota","Kryptonia","Kryptoniales","BSV26","BSV26","denitrifying_bacterium","Zotu1097",0.000133821950864592
"Zotu11141","Zotu11141","Bacteria","Proteobacteria","Gammaproteobacteria","Burkholderiales","Rhodocyclaceae",NA,NA,"Zotu11141",0.00011671486419102
"Zotu1117","Zotu1117","Bacteria","Desulfobacterota","Desulfuromonadia","Geobacterales","Geobacteraceae",NA,NA,"Zotu1117",0.000232980143200304
"Zotu113","Zotu113","Bacteria","Proteobacteria","Gammaproteobacteria","Burkholderiales","SC-I-84","SC-I-84",NA,"Zotu113",0.000202427201366529
"Zotu1134","Zotu1134","Bacteria","Myxococcota","Polyangia","Haliangiales","Haliangiaceae","Haliangium","uncultured_bacterium","Zotu1134",0.000201327699375858
"Zotu1136","Zotu1136","Bacteria","Bacteroidota","Bacteroidia","Bacteroidales","Prolixibacteraceae","Roseimarinus","uncultured_bacterium","Zotu1136",0.000150553191156392
"Zotu1138","Zotu1138","Bacteria","Myxococcota","Polyangia","Haliangiales","Haliangiaceae","Haliangium",NA,"Zotu1138",0.000252213300601083
"Zotu114","Zotu114","Bacteria","Gemmatimonadota","Gemmatimonadetes","Gemmatimonadales","Gemmatimonadaceae","uncultured",NA,"Zotu114",0.000128884210063369
"Zotu1140","Zotu1140","Bacteria","Actinobacteriota","Actinobacteria","PeM15","PeM15","PeM15",NA,"Zotu1140",0.000101874155418901
"Zotu1142","Zotu1142","Bacteria","Proteobacteria","Gammaproteobacteria","Burkholderiales","Rhodocyclaceae",NA,NA,"Zotu1142",0.000116428558657371
"Zotu1147","Zotu1147","Bacteria","Bacteroidota","Bacteroidia","Bacteroidales","SB-5","SB-5","uncultured_soil","Zotu1147",0.000253058310476855
"Zotu115","Zotu115","Bacteria","Myxococcota","Myxococcia","Myxococcales","Anaeromyxobacteraceae","Anaeromyxobacter",NA,"Zotu115",0.00186690810714308
"Zotu1151","Zotu1151","Bacteria","Proteobacteria","Gammaproteobacteria","Methylococcales","Methylomonadaceae","Methylomonas","Methylomonas_sp.","Zotu1151",0.000125885961189014
"Zotu1153","Zotu1153","Bacteria","Bacteroidota","Bacteroidia","Bacteroidales","Paludibacteraceae","uncultured","uncultured_soil","Zotu1153",0.000149906627474856
"Zotu1155","Zotu1155","Bacteria","Proteobacteria","Alphaproteobacteria","Sphingomonadales","Sphingomonadaceae","Sphingomonas","Sphingomonas_roseiflava","Zotu1155",0.000570351959015516
"Zotu1163","Zotu1163","Bacteria","Spirochaetota","Spirochaetia","Spirochaetales","Spirochaetaceae","uncultured","uncultured_bacterium","Zotu1163",0.000179454009792012
"Zotu11729","Zotu11729","Bacteria","Proteobacteria","Gammaproteobacteria","Burkholderiales",NA,NA,NA,"Zotu11729",0.00165131037480273
"Zotu11736","Zotu11736","Bacteria","Proteobacteria","Gammaproteobacteria","Burkholderiales","Rhodocyclaceae","Zoogloea","uncultured_bacterium","Zotu11736",0.000186614939479345
"Zotu1176","Zotu1176","Bacteria","Desulfobacterota","Desulfobulbia","Desulfobulbales","Desulfocapsaceae",NA,NA,"Zotu1176",0.000150580394216229
"Zotu118","Zotu118","Bacteria","Proteobacteria","Gammaproteobacteria","Methylococcales","Methylomonadaceae","Methylomicrobium","uncultured_bacterium","Zotu118",0.000271536802653993
"Zotu1180","Zotu1180","Bacteria","Acidobacteriota","Holophagae","Holophagales","Holophagaceae","uncultured",NA,"Zotu1180",0.000110758483042115
"Zotu1182","Zotu1182","Bacteria","Actinobacteriota","Coriobacteriia","OPB41","OPB41","OPB41",NA,"Zotu1182",0.000108963733746318
"Zotu1188","Zotu1188","Bacteria","Proteobacteria","Gammaproteobacteria","Xanthomonadales","Xanthomonadaceae","uncultured",NA,"Zotu1188",0.000142727302785753
"Zotu1198","Zotu1198","Bacteria","Firmicutes","Clostridia","Lachnospirales","Lachnospiraceae","Herbinix","uncultured_bacterium","Zotu1198",0.000234286198445924
"Zotu11993","Zotu11993","Bacteria","Proteobacteria","Gammaproteobacteria","Burkholderiales","Gallionellaceae",NA,NA,"Zotu11993",0.000240666619491573
"Zotu12","Zotu12","Bacteria","Proteobacteria","Gammaproteobacteria","Burkholderiales","Gallionellaceae","Sideroxydans",NA,"Zotu12",0.0249359355725815
"Zotu1207","Zotu1207","Bacteria","Proteobacteria","Gammaproteobacteria","Burkholderiales","Comamonadaceae",NA,NA,"Zotu1207",0.000428752701967109
"Zotu1208","Zotu1208","Bacteria","Proteobacteria","Gammaproteobacteria","Burkholderiales","Comamonadaceae","Rhizobacter",NA,"Zotu1208",0.000104528337734969
"Zotu121","Zotu121","Bacteria","Proteobacteria","Gammaproteobacteria","Burkholderiales","Rhodocyclaceae","Dechloromonas",NA,"Zotu121",0.00114259536136508
"Zotu12105","Zotu12105","Bacteria","Proteobacteria","Gammaproteobacteria","Burkholderiales",NA,NA,NA,"Zotu12105",0.000232377499998943
"Zotu1227","Zotu1227","Bacteria","Actinobacteriota","Actinobacteria","Micromonosporales","Micromonosporaceae",NA,NA,"Zotu1227",0.000172659491711471
"Zotu123","Zotu123","Bacteria","Proteobacteria","Gammaproteobacteria","Burkholderiales","Comamonadaceae",NA,NA,"Zotu123",0.00276599814371819
"Zotu1239","Zotu1239","Bacteria","Spirochaetota","Spirochaetia","Spirochaetales","Spirochaetaceae","uncultured","uncultured_soil","Zotu1239",0.000215551557451727
"Zotu12411","Zotu12411","Bacteria","Proteobacteria","Gammaproteobacteria","Burkholderiales","Rhodocyclaceae",NA,NA,"Zotu12411",0.000107109552492658
"Zotu125","Zotu125","Bacteria","Proteobacteria","Gammaproteobacteria","Ectothiorhodospirales","Thioalkalispiraceae","Thioalkalispira-Sulfurivermis","uncultured_bacterium","Zotu125",0.000167117814199202
"Zotu1251","Zotu1251","Bacteria","Actinobacteriota","Actinobacteria","Micrococcales","Intrasporangiaceae",NA,NA,"Zotu1251",0.000105585527056163
"Zotu1260","Zotu1260","Bacteria","Myxococcota","Polyangia","Polyangiales","BIrii41","BIrii41","uncultured_soil","Zotu1260",0.000237498901207136
"Zotu127","Zotu127","Bacteria","Proteobacteria","Gammaproteobacteria","Burkholderiales","Rhodocyclaceae",NA,NA,"Zotu127",0.00161327653987915
"Zotu1276","Zotu1276","Bacteria","Proteobacteria","Alphaproteobacteria","Sphingomonadales","Sphingomonadaceae","Sphingobium",NA,"Zotu1276",0.000182314020618384
"Zotu12783","Zotu12783","Bacteria","Proteobacteria","Gammaproteobacteria","Burkholderiales","Rhodocyclaceae","Sulfuritalea",NA,"Zotu12783",0.000286569977716293
"Zotu12798","Zotu12798","Bacteria","Proteobacteria","Gammaproteobacteria","Burkholderiales","Rhodocyclaceae","uncultured","uncultured_bacterium","Zotu12798",0.000103932495041432
"Zotu128","Zotu128","Bacteria","Proteobacteria","Gammaproteobacteria","Burkholderiales","Comamonadaceae",NA,NA,"Zotu128",0.00149566309975343
"Zotu1289","Zotu1289","Bacteria","Proteobacteria","Alphaproteobacteria","Rhizobiales","Xanthobacteraceae","Afipia",NA,"Zotu1289",0.000132959009938751
"Zotu129","Zotu129","Bacteria","Desulfobacterota","Desulfuromonadia","Geobacterales","Geobacteraceae",NA,NA,"Zotu129",0.00122861095503825
"Zotu1296","Zotu1296","Bacteria","Myxococcota","Polyangia","Polyangiales","Polyangiaceae","Minicystis","uncultured_bacterium","Zotu1296",0.000131285852452934
"Zotu1299","Zotu1299","Bacteria","Spirochaetota","Spirochaetia","Spirochaetales","Spirochaetaceae","uncultured","metagenome","Zotu1299",0.000107734349269868
"Zotu13","Zotu13","Bacteria","Spirochaetota","Leptospirae","Leptospirales","Leptospiraceae","Leptonema",NA,"Zotu13",0.0189887221135289
"Zotu130","Zotu130","Bacteria","Bacteroidota","Bacteroidia","Bacteroidales","Bacteroidetes_BD2-2","Bacteroidetes_BD2-2","uncultured_prokaryote","Zotu130",0.00133548338732375
"Zotu1312","Zotu1312","Bacteria","Proteobacteria","Alphaproteobacteria","Rhodobacterales","Rhodobacteraceae","Rhodobacter",NA,"Zotu1312",0.000193546984194985
"Zotu1313","Zotu1313","Bacteria","Acidobacteriota","Holophagae","Subgroup_7","Subgroup_7","Subgroup_7","uncultured_Acidobacteriales","Zotu1313",0.000115888685905854
"Zotu132","Zotu132","Bacteria","Bacteroidota","SJA-28","SJA-28","SJA-28","SJA-28","uncultured_bacterium","Zotu132",0.000283687419955122
"Zotu1323","Zotu1323","Bacteria","Myxococcota","Myxococcia","Myxococcales","Anaeromyxobacteraceae","Anaeromyxobacter",NA,"Zotu1323",0.000743499951158315
"Zotu13236","Zotu13236","Bacteria","Proteobacteria","Gammaproteobacteria","Burkholderiales","Rhodocyclaceae","Sulfuritalea",NA,"Zotu13236",0.000607819009688906
"Zotu133","Zotu133","Bacteria","Bacteroidota","Bacteroidia","Sphingobacteriales","Lentimicrobiaceae","Lentimicrobiaceae","uncultured_bacterium","Zotu133",0.000284290642036502
"Zotu1331","Zotu1331","Bacteria","Proteobacteria","Gammaproteobacteria","Methylococcales","Methylococcaceae","Methylocaldum","uncultured_bacterium","Zotu1331",0.000409250276252312
"Zotu1339","Zotu1339","Bacteria","Actinobacteriota","Coriobacteriia","CG2-30-50-142","CG2-30-50-142","CG2-30-50-142","Actinobacteria_bacterium","Zotu1339",0.000208486562682157
"Zotu135","Zotu135","Bacteria","Proteobacteria","Gammaproteobacteria","Burkholderiales","Nitrosomonadaceae","Ellin6067","uncultured_soil","Zotu135",0.000593041500430882
"Zotu1358","Zotu1358","Bacteria","Proteobacteria","Gammaproteobacteria","Burkholderiales","Oxalobacteraceae","Herbaspirillum",NA,"Zotu1358",0.000448223699878165
"Zotu1359","Zotu1359","Bacteria","Myxococcota","Myxococcia","Myxococcales","Anaeromyxobacteraceae","Anaeromyxobacter",NA,"Zotu1359",0.000146009981967472
"Zotu1362","Zotu1362","Bacteria","Spirochaetota","Spirochaetia","Spirochaetales","Spirochaetaceae","uncultured","uncultured_bacterium","Zotu1362",0.000232938025813255
"Zotu1364","Zotu1364","Bacteria","Bacteroidota","Bacteroidia","Bacteroidales","Prolixibacteraceae","Roseimarinus","uncultured_bacterium","Zotu1364",0.000158623274926699
"Zotu13667","Zotu13667","Bacteria","Proteobacteria","Gammaproteobacteria","Burkholderiales","Rhodocyclaceae","Sulfuritalea",NA,"Zotu13667",0.000104532764596535
"Zotu13670","Zotu13670","Bacteria","Myxococcota","Polyangia","Polyangiales","BIrii41","BIrii41","uncultured_soil","Zotu13670",0.00016336117539819
"Zotu13684","Zotu13684","Bacteria","Proteobacteria","Gammaproteobacteria","Burkholderiales","Rhodocyclaceae","uncultured",NA,"Zotu13684",0.000129702341543976
"Zotu137","Zotu137","Bacteria","Bacteroidota","Bacteroidia","Bacteroidales","Bacteroidetes_vadinHA17","Bacteroidetes_vadinHA17",NA,"Zotu137",0.000149886587555773
"Zotu13752","Zotu13752","Bacteria","Proteobacteria","Gammaproteobacteria","Burkholderiales","Rhodocyclaceae",NA,NA,"Zotu13752",0.00019944578424808
"Zotu1382","Zotu1382","Bacteria","Fibrobacterota","Fibrobacteria","Fibrobacterales","Fibrobacteraceae","possible_genus_04","uncultured_bacterium","Zotu1382",0.000215810109797716
"Zotu1386","Zotu1386","Bacteria","Myxococcota","Myxococcia","Myxococcales","Myxococcaceae","P3OB-42","uncultured_soil","Zotu1386",0.000228516699543513
"Zotu1389","Zotu1389","Bacteria","Proteobacteria","Gammaproteobacteria","Methylococcales","Methylomonadaceae","Methylomonas","Methylomonas_sp.","Zotu1389",0.000135540708621666
"Zotu14","Zotu14","Bacteria","MBNT15","MBNT15","MBNT15","MBNT15","MBNT15","uncultured_prokaryote","Zotu14",0.00174961205324048
"Zotu140","Zotu140","Bacteria","Myxococcota","Myxococcia","Myxococcales","Anaeromyxobacteraceae","Anaeromyxobacter",NA,"Zotu140",0.00209579139441512
"Zotu1400","Zotu1400","Bacteria","Verrucomicrobiota","Verrucomicrobiae","Pedosphaerales","Pedosphaeraceae","ADurb.Bin063-1","uncultured_bacterium","Zotu1400",0.000299902875963428
"Zotu14053","Zotu14053","Bacteria","Myxococcota","Myxococcia","Myxococcales","Anaeromyxobacteraceae","Anaeromyxobacter",NA,"Zotu14053",0.000410232349630902
"Zotu14058","Zotu14058","Bacteria","Myxococcota","Myxococcia","Myxococcales","Anaeromyxobacteraceae","Anaeromyxobacter",NA,"Zotu14058",0.000265768877288778
"Zotu1407","Zotu1407","Bacteria","Myxococcota","Myxococcia","Myxococcales","Anaeromyxobacteraceae","Anaeromyxobacter",NA,"Zotu1407",0.000242805201040958
"Zotu141","Zotu141","Bacteria","Bacteroidota","SJA-28","SJA-28","SJA-28","SJA-28","uncultured_bacterium","Zotu141",0.000167573561719057
"Zotu14156","Zotu14156","Bacteria","Myxococcota","Myxococcia","Myxococcales","Anaeromyxobacteraceae","Anaeromyxobacter","myxobacterium_KC","Zotu14156",0.000245561596190423
"Zotu1416","Zotu1416","Bacteria","Myxococcota","Polyangia","Polyangiales","BIrii41","BIrii41","uncultured_soil","Zotu1416",0.000149522115603823
"Zotu1417","Zotu1417","Bacteria","Desulfobacterota","Desulfuromonadia","Geobacterales","Geobacteraceae","uncultured",NA,"Zotu1417",0.000141153028153537
"Zotu14179","Zotu14179","Bacteria","Proteobacteria","Gammaproteobacteria","Burkholderiales",NA,NA,NA,"Zotu14179",0.000263776266325818
"Zotu142","Zotu142","Bacteria","Proteobacteria","Alphaproteobacteria","Rhizobiales","Beijerinckiaceae","Bosea",NA,"Zotu142",0.000762594465073436
"Zotu14275","Zotu14275","Bacteria","Proteobacteria","Gammaproteobacteria","Burkholderiales","Rhodocyclaceae",NA,NA,"Zotu14275",0.00135638940319933
"Zotu143","Zotu143","Bacteria","Proteobacteria","Gammaproteobacteria","Burkholderiales","Comamonadaceae","Pelomonas",NA,"Zotu143",0.00233092792745862
"Zotu144","Zotu144","Bacteria","Proteobacteria","Gammaproteobacteria","Burkholderiales","Rhodocyclaceae",NA,NA,"Zotu144",0.00243293385808514
"Zotu145","Zotu145","Bacteria","Bacteroidota","SJA-28","SJA-28","SJA-28","SJA-28","uncultured_bacterium","Zotu145",0.000185999945206203
"Zotu1451","Zotu1451","Bacteria","Proteobacteria","Gammaproteobacteria","Burkholderiales","Rhodocyclaceae",NA,NA,"Zotu1451",0.00016186275732763
"Zotu14612","Zotu14612","Bacteria","Proteobacteria","Alphaproteobacteria","Rhizobiales","Rhizobiaceae","Allorhizobium-Neorhizobium-Pararhizobium-Rhizobium","Shinella_sp.","Zotu14612",0.000341150612465779
"Zotu1465","Zotu1465","Bacteria","Proteobacteria","Gammaproteobacteria","Methylococcales","Methylococcaceae","Methylocaldum","uncultured_bacterium","Zotu1465",0.00037267186494541
"Zotu14682","Zotu14682","Bacteria","Proteobacteria","Gammaproteobacteria","Burkholderiales","Rhodocyclaceae",NA,NA,"Zotu14682",0.00232973872487277
"Zotu1476","Zotu1476","Bacteria","Proteobacteria","Gammaproteobacteria","Burkholderiales","Rhodocyclaceae","Sulfuritalea","uncultured_bacterium","Zotu1476",0.000108679682699961
"Zotu1482","Zotu1482","Bacteria","Myxococcota","Polyangia","Haliangiales","Haliangiaceae","Haliangium","uncultured_bacterium","Zotu1482",0.000130705274983813
"Zotu15","Zotu15","Bacteria","Bacteroidota","Bacteroidia","Bacteroidales","SB-5","SB-5","uncultured_bacterium","Zotu15",0.0233235104373363
"Zotu150","Zotu150","Bacteria","Bacteroidota","Bacteroidia","Bacteroidales","Bacteroidetes_vadinHA17","Bacteroidetes_vadinHA17","uncultured_bacterium","Zotu150",0.00017100047042039
"Zotu1503","Zotu1503","Bacteria","Bacteroidota","Bacteroidia","Bacteroidales","Barnesiellaceae","uncultured","uncultured_bacterium","Zotu1503",0.000104585969132252
"Zotu1512","Zotu1512","Bacteria","Proteobacteria","Gammaproteobacteria","Burkholderiales",NA,NA,NA,"Zotu1512",0.00101819907744
"Zotu152","Zotu152","Bacteria","Myxococcota","Myxococcia","Myxococcales","Vulgatibacteraceae","Vulgatibacter",NA,"Zotu152",0.00324218869876452
"Zotu1520","Zotu1520","Bacteria","Actinobacteriota","Coriobacteriia","OPB41","OPB41","OPB41","uncultured_bacterium","Zotu1520",0.000134988837585446
"Zotu1527","Zotu1527","Bacteria","Actinobacteriota","Actinobacteria","Frankiales","Sporichthyaceae","Longivirga","uncultured_bacterium","Zotu1527",0.000152945084030219
"Zotu1533","Zotu1533","Bacteria","Fibrobacterota","Fibrobacteria","Fibrobacterales","Fibrobacteraceae","possible_genus_04","uncultured_bacterium","Zotu1533",0.000236457674836285
"Zotu15394","Zotu15394","Bacteria","Myxococcota","Myxococcia","Myxococcales","Anaeromyxobacteraceae","Anaeromyxobacter","uncultured_bacterium","Zotu15394",0.000655657130392649
"Zotu15453","Zotu15453","Bacteria","Proteobacteria","Gammaproteobacteria","Burkholderiales","Rhodocyclaceae",NA,NA,"Zotu15453",0.000218028500756382
"Zotu1549","Zotu1549","Bacteria","Actinobacteriota","Actinobacteria","Streptosporangiales","Thermomonosporaceae","Actinomadura",NA,"Zotu1549",0.0014067715239769
"Zotu1550","Zotu1550","Bacteria","Myxococcota","Polyangia","Polyangiales","Polyangiaceae",NA,NA,"Zotu1550",0.000202147422950354
"Zotu1553","Zotu1553","Bacteria","Chloroflexi","Chloroflexia","Chloroflexales","Roseiflexaceae","Kouleothrix","uncultured_bacterium","Zotu1553",0.000117562294758408
"Zotu157","Zotu157","Bacteria","Actinobacteriota","Actinobacteria","Kineosporiales","Kineosporiaceae","Kineosporia","uncultured_bacterium","Zotu157",0.00361607079216146
"Zotu1578","Zotu1578","Bacteria","Desulfobacterota","Desulfuromonadia","Geobacterales","Geobacteraceae","uncultured",NA,"Zotu1578",0.000199794738148541
"Zotu158","Zotu158","Bacteria","Bacteroidota","Bacteroidia","Bacteroidales","SB-5","SB-5","metagenome","Zotu158",0.00111835057867612
"Zotu15992","Zotu15992","Bacteria","Myxococcota","Myxococcia","Myxococcales","Anaeromyxobacteraceae","Anaeromyxobacter","myxobacterium_KC","Zotu15992",0.000487484375239401
"Zotu16","Zotu16","Bacteria","Fibrobacterota","Fibrobacteria","Fibrobacterales","Fibrobacterales","BBMC-4","uncultured_microorganism","Zotu16",0.0166482773587002
"Zotu16045","Zotu16045","Bacteria","Proteobacteria","Gammaproteobacteria","Burkholderiales","Rhodocyclaceae","uncultured",NA,"Zotu16045",0.000341022530564401
"Zotu161","Zotu161","Bacteria","Proteobacteria","Alphaproteobacteria","uncultured","uncultured","uncultured",NA,"Zotu161",0.000148240817042671
"Zotu16105","Zotu16105","Bacteria","Nitrospirota","4-29-1","4-29-1","4-29-1","4-29-1","uncultured_Nitrospira","Zotu16105",0.00020642366048352
"Zotu16155","Zotu16155","Bacteria","Myxococcota","Myxococcia","Myxococcales","Myxococcaceae","P3OB-42","uncultured_soil","Zotu16155",0.000106986372754097
"Zotu16172","Zotu16172","Bacteria","Myxococcota","Myxococcia","Myxococcales","Myxococcaceae","uncultured","uncultured_bacterium","Zotu16172",0.00175384573681268
"Zotu162","Zotu162","Bacteria","Myxococcota","Myxococcia","Myxococcales","Anaeromyxobacteraceae","Anaeromyxobacter",NA,"Zotu162",0.000332871674136199
"Zotu1623","Zotu1623","Bacteria","Spirochaetota","Spirochaetia","Spirochaetales","Spirochaetaceae","uncultured",NA,"Zotu1623",0.000169184237337006
"Zotu16255","Zotu16255","Bacteria","Myxococcota","Polyangia","Haliangiales","Haliangiaceae","Haliangium",NA,"Zotu16255",0.000107947640517263
"Zotu1642","Zotu1642","Bacteria","Myxococcota","Polyangia","Polyangiales","BIrii41","BIrii41",NA,"Zotu1642",0.000203682102068733
"Zotu16462","Zotu16462","Bacteria","Proteobacteria","Gammaproteobacteria","Burkholderiales","Rhodocyclaceae",NA,NA,"Zotu16462",0.000125606120353944
"Zotu16478","Zotu16478","Bacteria","Proteobacteria","Gammaproteobacteria","Burkholderiales","Rhodocyclaceae",NA,NA,"Zotu16478",0.000191552503574555
"Zotu165","Zotu165","Bacteria","Proteobacteria","Gammaproteobacteria","Burkholderiales","Comamonadaceae",NA,NA,"Zotu165",0.00484755607458422
"Zotu1650","Zotu1650","Bacteria","Myxococcota","Myxococcia","Myxococcales","Myxococcaceae",NA,NA,"Zotu1650",0.00013467172535
"Zotu166","Zotu166","Bacteria","Proteobacteria","Gammaproteobacteria","Burkholderiales","Sutterellaceae","uncultured",NA,"Zotu166",0.000180188797695659
"Zotu16601","Zotu16601","Bacteria","Myxococcota","Myxococcia","Myxococcales","Myxococcaceae","P3OB-42",NA,"Zotu16601",0.000572172749100041
"Zotu16602","Zotu16602","Bacteria","Myxococcota","Myxococcia","Myxococcales","Myxococcaceae","P3OB-42","uncultured_soil","Zotu16602",0.00012771744463238
"Zotu16621","Zotu16621","Bacteria","Proteobacteria","Gammaproteobacteria","Burkholderiales","Comamonadaceae","uncultured","uncultured_bacterium","Zotu16621",0.000845102649643226
"Zotu1666","Zotu1666","Bacteria","Proteobacteria","Gammaproteobacteria","Burkholderiales","Alcaligenaceae","Parvibium","uncultured_proteobacterium","Zotu1666",0.000372841463181576
"Zotu167","Zotu167","Bacteria","Nitrospirota","Thermodesulfovibrionia","uncultured","uncultured","uncultured","uncultured_bacterium","Zotu167",0.000271654652399739
"Zotu1673","Zotu1673","Bacteria","Spirochaetota","Spirochaetia","Spirochaetales","Spirochaetaceae","uncultured","uncultured_bacterium","Zotu1673",0.000160468380111676
"Zotu16859","Zotu16859","Bacteria","Proteobacteria","Gammaproteobacteria","Burkholderiales","Gallionellaceae","Sideroxydans",NA,"Zotu16859",0.000138920695508993
"Zotu169","Zotu169","Bacteria","Spirochaetota","Spirochaetia","Spirochaetales","Spirochaetaceae","uncultured","uncultured_bacterium","Zotu169",0.00153700863611276
"Zotu1690","Zotu1690","Bacteria","Chloroflexi","Chloroflexia","Chloroflexales","Chloroflexaceae","Chloronema","uncultured_bacterium","Zotu1690",0.000102671968872034
"Zotu17","Zotu17","Bacteria","Proteobacteria","Gammaproteobacteria","Burkholderiales","Comamonadaceae","Ideonella",NA,"Zotu17",0.0125594198909379
"Zotu170","Zotu170","Bacteria","Proteobacteria","Gammaproteobacteria","Burkholderiales","Gallionellaceae",NA,NA,"Zotu170",0.00223373804436281
"Zotu1702","Zotu1702","Bacteria","Firmicutes","Clostridia","Lachnospirales","Lachnospiraceae","Herbinix","uncultured_bacterium","Zotu1702",0.000136706255306057
"Zotu173","Zotu173","Bacteria","Bacteroidota","Bacteroidia","Bacteroidales","SB-5","SB-5","uncultured_bacterium","Zotu173",0.00103375585872541
"Zotu174","Zotu174","Bacteria","Proteobacteria","Gammaproteobacteria","Burkholderiales","Comamonadaceae",NA,NA,"Zotu174",0.00356102424541591
"Zotu1742","Zotu1742","Bacteria","Proteobacteria","Gammaproteobacteria","Xanthomonadales","Xanthomonadaceae","Silanimonas","uncultured_bacterium","Zotu1742",0.000141306900069849
"Zotu175","Zotu175","Bacteria","Nitrospirota","4-29-1","4-29-1","4-29-1","4-29-1",NA,"Zotu175",0.000334605350511505
"Zotu1756","Zotu1756","Bacteria","Myxococcota","Myxococcia","Myxococcales","Myxococcaceae","uncultured","uncultured_bacterium","Zotu1756",0.000151677073518536
"Zotu17720","Zotu17720","Bacteria","Proteobacteria","Gammaproteobacteria","Burkholderiales","Leeiaceae","Leeia",NA,"Zotu17720",0.00189430735188576
"Zotu1776","Zotu1776","Bacteria","Proteobacteria","Gammaproteobacteria","Burkholderiales","Rhodocyclaceae","Uliginosibacterium",NA,"Zotu1776",0.000111745580104496
"Zotu178","Zotu178","Bacteria","Nitrospirota","4-29-1","4-29-1","4-29-1","4-29-1","uncultured_proteobacterium","Zotu178",0.000201993241548186
"Zotu1783","Zotu1783","Bacteria","Proteobacteria","Gammaproteobacteria","Gammaproteobacteria_Incertae_Sedis","Unknown_Family","Acidibacter",NA,"Zotu1783",0.000249621899047181
"Zotu179","Zotu179","Bacteria","Myxococcota","Myxococcia","Myxococcales","Myxococcaceae","P3OB-42","uncultured_soil","Zotu179",0.000838703653601759
"Zotu1791","Zotu1791","Bacteria","Proteobacteria","Gammaproteobacteria","Burkholderiales","Gallionellaceae",NA,NA,"Zotu1791",0.000423199682287214
"Zotu181","Zotu181","Bacteria","Myxococcota","Myxococcia","Myxococcales","Myxococcaceae","P3OB-42",NA,"Zotu181",0.000894419116058835
"Zotu182","Zotu182","Bacteria","Desulfobacterota","Desulfuromonadia","Geobacterales","Geobacteraceae","uncultured",NA,"Zotu182",0.000523685414127096
"Zotu183","Zotu183","Bacteria","Planctomycetota","vadinHA49","vadinHA49","vadinHA49","vadinHA49",NA,"Zotu183",0.00151884863921443
"Zotu1870","Zotu1870","Bacteria","Proteobacteria","Gammaproteobacteria","Burkholderiales","Rhodocyclaceae","Propionivibrio","uncultured_bacterium","Zotu1870",0.000277745238091213
"Zotu19","Zotu19","Bacteria","Proteobacteria","Gammaproteobacteria","Burkholderiales","Rhodocyclaceae",NA,NA,"Zotu19",0.0100048112480448
"Zotu1909","Zotu1909","Bacteria","Proteobacteria","Gammaproteobacteria","Burkholderiales","Chromobacteriaceae","Vogesella","uncultured_bacterium","Zotu1909",0.000175090575003291
"Zotu191","Zotu191","Bacteria","Actinobacteriota","Actinobacteria","Kineosporiales","Kineosporiaceae",NA,NA,"Zotu191",0.000606966399183235
"Zotu1929","Zotu1929","Bacteria","Proteobacteria","Gammaproteobacteria","Burkholderiales","Comamonadaceae",NA,NA,"Zotu1929",0.000273261802851383
"Zotu193","Zotu193","Bacteria","Bacteroidota","Bacteroidia","Bacteroidales","Prolixibacteraceae","Roseimarinus",NA,"Zotu193",0.00124887203364815
"Zotu1941","Zotu1941","Bacteria","Fibrobacterota","Fibrobacteria","Fibrobacterales","Fibrobacteraceae","uncultured","Juncus_effusus","Zotu1941",0.000256546144908585
"Zotu1944","Zotu1944","Bacteria","Bacteroidota","Bacteroidia","Bacteroidales","SB-5","SB-5","uncultured_soil","Zotu1944",0.000127829255242128
"Zotu195","Zotu195","Bacteria","Myxococcota","Polyangia","Polyangiales","Polyangiaceae","uncultured","metagenome","Zotu195",0.000893134696676718
"Zotu1957","Zotu1957","Bacteria","Desulfobacterota","Desulfuromonadia","Geobacterales","Geobacteraceae","uncultured",NA,"Zotu1957",0.000300406267051051
"Zotu197","Zotu197","Bacteria","Spirochaetota","Spirochaetia","Spirochaetales","Spirochaetaceae","Spirochaeta_2",NA,"Zotu197",0.000712969662219302
"Zotu198","Zotu198","Bacteria","Nitrospirota","4-29-1","4-29-1","4-29-1","4-29-1",NA,"Zotu198",0.000853738207985146
"Zotu20","Zotu20","Bacteria","Proteobacteria","Gammaproteobacteria","Burkholderiales","Gallionellaceae","Sideroxydans",NA,"Zotu20",0.00794492637791704
"Zotu200","Zotu200","Bacteria","Proteobacteria","Gammaproteobacteria","Burkholderiales","Comamonadaceae",NA,NA,"Zotu200",0.00180184328034774
"Zotu2004","Zotu2004","Bacteria","Proteobacteria","Gammaproteobacteria","Burkholderiales","Comamonadaceae",NA,NA,"Zotu2004",0.000137830782646884
"Zotu2005","Zotu2005","Bacteria","Bacteroidota","Bacteroidia","Cytophagales","Microscillaceae","Ohtaekwangia","uncultured_bacterium","Zotu2005",0.000166819891829457
"Zotu203","Zotu203","Bacteria","Proteobacteria","Gammaproteobacteria","Burkholderiales","Nitrosomonadaceae","Ellin6067","uncultured_soil","Zotu203",0.000149321060021005
"Zotu204","Zotu204","Bacteria","Bacteroidota","Bacteroidia","Chitinophagales","Saprospiraceae","uncultured",NA,"Zotu204",0.000206145828849166
"Zotu2040","Zotu2040","Bacteria","Proteobacteria","Alphaproteobacteria","Rhodobacterales","Rhodobacteraceae","Rhodobacter",NA,"Zotu2040",0.00052352485314847
"Zotu205","Zotu205","Bacteria","Nitrospirota","Nitrospiria","Nitrospirales","Nitrospiraceae","Nitrospira",NA,"Zotu205",0.000139275766449287
"Zotu206","Zotu206","Bacteria","Chloroflexi",NA,NA,NA,NA,NA,"Zotu206",0.000177273297461944
"Zotu2064","Zotu2064","Bacteria","Bacteroidota","Bacteroidia","Bacteroidales","SB-5","SB-5","uncultured_soil","Zotu2064",0.000136070576020548
"Zotu2066","Zotu2066","Bacteria","Spirochaetota","Spirochaetia","Spirochaetales","Spirochaetaceae","uncultured","uncultured_bacterium","Zotu2066",0.000123058946229452
"Zotu208","Zotu208","Bacteria","Bacteroidota","Bacteroidia","Bacteroidales","Prolixibacteraceae","WCHB1-32",NA,"Zotu208",0.00114725172433933
"Zotu209","Zotu209","Bacteria","Proteobacteria","Gammaproteobacteria","Burkholderiales","Rhodocyclaceae","Sulfuritalea","uncultured_bacterium","Zotu209",0.00165159421354584
"Zotu21","Zotu21","Bacteria","Proteobacteria","Gammaproteobacteria","Burkholderiales","Gallionellaceae","Sideroxydans",NA,"Zotu21",0.00583813564421591
"Zotu210","Zotu210","Bacteria","Proteobacteria","Gammaproteobacteria","Burkholderiales","Oxalobacteraceae","Herbaspirillum",NA,"Zotu210",0.00534409286369212
"Zotu211","Zotu211","Bacteria","Proteobacteria","Alphaproteobacteria","Rhizobiales","Xanthobacteraceae","Pseudolabrys",NA,"Zotu211",0.000553141768795187
"Zotu214","Zotu214","Bacteria","Nitrospirota","4-29-1","4-29-1","4-29-1","4-29-1","uncultured_bacterium","Zotu214",0.000183543863994196
"Zotu215","Zotu215","Bacteria","Bacteroidota","Bacteroidia","Bacteroidales","SB-5","SB-5",NA,"Zotu215",0.00109150427080142
"Zotu2150","Zotu2150","Bacteria","Proteobacteria","Gammaproteobacteria","Burkholderiales","Gallionellaceae",NA,NA,"Zotu2150",0.000168556016295139
"Zotu2157","Zotu2157","Bacteria","Actinobacteriota","Actinobacteria","Propionibacteriales","Nocardioidaceae","Nocardioides","Nocardioides_taihuensis","Zotu2157",0.000102374689257891
"Zotu216","Zotu216","Bacteria","Proteobacteria","Alphaproteobacteria","Sphingomonadales","Sphingomonadaceae","Sphingomonas",NA,"Zotu216",0.00021704578999943
"Zotu2162","Zotu2162","Bacteria","Proteobacteria","Gammaproteobacteria","Burkholderiales","Comamonadaceae",NA,NA,"Zotu2162",0.000205913187052177
"Zotu2172","Zotu2172","Bacteria","Myxococcota","Polyangia","Polyangiales","BIrii41","BIrii41",NA,"Zotu2172",0.000107547856252982
"Zotu2176","Zotu2176","Bacteria","Proteobacteria","Gammaproteobacteria","Burkholderiales","Rhodocyclaceae","Georgfuchsia","uncultured_bacterium","Zotu2176",0.000104756940708424
"Zotu219","Zotu219","Bacteria","Desulfobacterota","Desulfuromonadia","Geobacterales","Geobacteraceae","Geotalea","uncultured_bacterium","Zotu219",0.000203776468926182
"Zotu2191","Zotu2191","Bacteria",NA,NA,NA,NA,NA,NA,"Zotu2191",0.000203149695089433
"Zotu222","Zotu222","Bacteria","Verrucomicrobiota","Verrucomicrobiae","Pedosphaerales","Pedosphaeraceae","Pedosphaeraceae",NA,"Zotu222",0.000190460449884866
"Zotu223","Zotu223","Bacteria","Proteobacteria","Alphaproteobacteria","Caulobacterales","Hyphomonadaceae","SWB02","uncultured_bacterium","Zotu223",0.000141300670457341
"Zotu226","Zotu226","Bacteria","Proteobacteria","Gammaproteobacteria","Burkholderiales","Gallionellaceae",NA,NA,"Zotu226",0.000342189226621147
"Zotu2272","Zotu2272","Bacteria","Myxococcota","Polyangia","Polyangiales","BIrii41","BIrii41",NA,"Zotu2272",0.000104927883427737
"Zotu228","Zotu228","Bacteria","Nitrospirota","4-29-1","4-29-1","4-29-1","4-29-1","uncultured_proteobacterium","Zotu228",0.000158111303967508
"Zotu23","Zotu23","Bacteria","Firmicutes","Bacilli","Paenibacillales","Paenibacillaceae","Paenibacillus","uncultured_bacterium","Zotu23",0.00093366140317543
"Zotu231","Zotu231","Bacteria","Proteobacteria","Gammaproteobacteria","Burkholderiales","Comamonadaceae","Ideonella","uncultured_bacterium","Zotu231",0.00248542863524493
"Zotu2311","Zotu2311","Bacteria","Myxococcota","Myxococcia","Myxococcales",NA,NA,NA,"Zotu2311",0.000180176188472958
"Zotu2362","Zotu2362","Bacteria","Proteobacteria","Gammaproteobacteria","Burkholderiales","Gallionellaceae","Sideroxydans",NA,"Zotu2362",0.000182004298515272
"Zotu238","Zotu238","Bacteria","Desulfobacterota","Desulfuromonadia","Geobacterales","Geobacteraceae",NA,NA,"Zotu238",0.0002648982367757
"Zotu2388","Zotu2388","Bacteria","Proteobacteria","Gammaproteobacteria","Burkholderiales","Comamonadaceae",NA,NA,"Zotu2388",0.000173176125464852
"Zotu239","Zotu239","Bacteria","Proteobacteria","Gammaproteobacteria","KF-JG30-C25","KF-JG30-C25","KF-JG30-C25",NA,"Zotu239",0.00109233330805174
"Zotu24","Zotu24","Bacteria","Proteobacteria","Gammaproteobacteria","Burkholderiales","Comamonadaceae",NA,NA,"Zotu24",0.00798044235472648
"Zotu240","Zotu240","Bacteria","Proteobacteria","Gammaproteobacteria","Burkholderiales","Sutterellaceae","uncultured","uncultured_soil","Zotu240",0.000107334486349257
"Zotu2410","Zotu2410","Bacteria","Proteobacteria","Gammaproteobacteria","Burkholderiales","Comamonadaceae",NA,NA,"Zotu2410",0.000185778422156794
"Zotu242","Zotu242","Bacteria","Zixibacteria","Zixibacteria","Zixibacteria","Zixibacteria","Zixibacteria","uncultured_bacterium","Zotu242",0.000138746947436618
"Zotu2432","Zotu2432","Bacteria","Proteobacteria","Alphaproteobacteria","Rhizobiales","Devosiaceae","Devosia",NA,"Zotu2432",0.000170210111535127
"Zotu244","Zotu244","Bacteria","Actinobacteriota","Actinobacteria","Micrococcales","Intrasporangiaceae","Intrasporangium","uncultured_bacterium","Zotu244",0.000310746196007074
"Zotu246","Zotu246","Bacteria","Desulfobacterota","Desulfuromonadia","Geobacterales","Geobacteraceae",NA,NA,"Zotu246",0.000641114862412051
"Zotu2469","Zotu2469","Bacteria","Myxococcota","Polyangia","Polyangiales","Phaselicystidaceae","Phaselicystis","uncultured_bacterium","Zotu2469",0.000152290330756363
"Zotu247","Zotu247","Bacteria","Desulfobacterota","Desulfuromonadia","Geobacterales","Geobacteraceae","Geobacter",NA,"Zotu247",0.000215004872984826
"Zotu248","Zotu248","Bacteria","Nitrospirota","Thermodesulfovibrionia","uncultured","uncultured","uncultured",NA,"Zotu248",0.00040837502755718
"Zotu2480","Zotu2480","Bacteria","Desulfobacterota","Desulfuromonadia","Geobacterales","Geobacteraceae","uncultured",NA,"Zotu2480",0.000168715240093981
"Zotu251","Zotu251","Bacteria","Proteobacteria","Gammaproteobacteria","Burkholderiales","Nitrosomonadaceae","Ellin6067",NA,"Zotu251",0.000134918571625
"Zotu252","Zotu252","Bacteria","Bacteroidota","Kryptonia","Kryptoniales","BSV26","BSV26","uncultured_Chlorobi","Zotu252",0.000102467503247924
"Zotu256","Zotu256","Bacteria","Chloroflexi","Anaerolineae","SJA-15","SJA-15","SJA-15","uncultured_bacterium","Zotu256",0.000253178194263639
"Zotu257","Zotu257","Bacteria","Proteobacteria","Alphaproteobacteria","Sphingomonadales","Sphingomonadaceae",NA,NA,"Zotu257",0.000366297379697275
"Zotu2584","Zotu2584","Bacteria","Proteobacteria","Gammaproteobacteria","Burkholderiales","Rhodocyclaceae","Dechloromonas",NA,"Zotu2584",0.00013755745278144
"Zotu259","Zotu259","Bacteria","Actinobacteriota","Actinobacteria","Micrococcales","Intrasporangiaceae","Lapillicoccus",NA,"Zotu259",0.00027475319716451
"Zotu26","Zotu26","Bacteria","Proteobacteria","Gammaproteobacteria","Ectothiorhodospirales","Thioalkalispiraceae","Thioalkalispira-Sulfurivermis","uncultured_bacterium","Zotu26",0.000841582719188684
"Zotu260","Zotu260","Bacteria","Proteobacteria","Gammaproteobacteria","Burkholderiales","Nitrosomonadaceae","Ellin6067",NA,"Zotu260",0.000116172980532723
"Zotu2617","Zotu2617","Bacteria","Proteobacteria",NA,NA,NA,NA,NA,"Zotu2617",0.000183184129074938
"Zotu262","Zotu262","Bacteria","Proteobacteria","Gammaproteobacteria","Burkholderiales","Rhodocyclaceae","Propionivibrio",NA,"Zotu262",0.000929112575130696
"Zotu267","Zotu267","Bacteria","Myxococcota","Myxococcia","Myxococcales","Anaeromyxobacteraceae","Anaeromyxobacter",NA,"Zotu267",0.000476273110407988
"Zotu269","Zotu269","Bacteria","Myxococcota","Myxococcia","Myxococcales","Anaeromyxobacteraceae","Anaeromyxobacter","uncultured_delta","Zotu269",0.000525771138950508
"Zotu27","Zotu27","Bacteria","Spirochaetota","Spirochaetia","Spirochaetales","Spirochaetaceae",NA,NA,"Zotu27",0.00910723386086535
"Zotu270","Zotu270","Bacteria","Desulfobacterota","Desulfuromonadia","Geobacterales","Geobacteraceae",NA,NA,"Zotu270",0.000154750713839772
"Zotu2705","Zotu2705","Bacteria","Fibrobacterota","Fibrobacteria","Fibrobacterales","Fibrobacteraceae","possible_genus_04",NA,"Zotu2705",0.000121508587331075
"Zotu2706","Zotu2706","Bacteria","Actinobacteriota","Actinobacteria","Micrococcales","Microbacteriaceae","Microbacterium",NA,"Zotu2706",0.000121969229321966
"Zotu272","Zotu272","Bacteria","Verrucomicrobiota","Verrucomicrobiae","Pedosphaerales","Pedosphaeraceae","ADurb.Bin063-1",NA,"Zotu272",0.000132183688296485
"Zotu2720","Zotu2720","Bacteria","Actinobacteriota","Actinobacteria","Kineosporiales","Kineosporiaceae","Kineosporia",NA,"Zotu2720",0.000705140755759877
"Zotu2722","Zotu2722","Bacteria","Proteobacteria","Gammaproteobacteria","Burkholderiales",NA,NA,NA,"Zotu2722",0.000116059501503861
"Zotu275","Zotu275","Bacteria","Nitrospirota","Thermodesulfovibrionia","uncultured","uncultured","uncultured","uncultured_Sphingobacteriales","Zotu275",0.000346910666913525
"Zotu2768","Zotu2768","Bacteria","Proteobacteria","Gammaproteobacteria","Burkholderiales","Rhodocyclaceae","Sulfuritalea",NA,"Zotu2768",0.000261894320665769
"Zotu2813","Zotu2813","Bacteria","Bacteroidota","Bacteroidia","Chitinophagales","Saprospiraceae","uncultured","Haliscomenobacter_sp.","Zotu2813",0.000129849674418638
"Zotu282","Zotu282","Bacteria","Proteobacteria","Gammaproteobacteria","Burkholderiales","Nitrosomonadaceae","Ellin6067","uncultured_soil","Zotu282",0.000117873541950626
"Zotu283","Zotu283","Bacteria","Gemmatimonadota","Gemmatimonadetes","Gemmatimonadales","Gemmatimonadaceae","uncultured",NA,"Zotu283",0.000100862876389055
"Zotu285","Zotu285","Bacteria","Proteobacteria","Gammaproteobacteria","Burkholderiales","Methylophilaceae",NA,NA,"Zotu285",0.000281457223359632
"Zotu2853","Zotu2853","Bacteria","Chloroflexi","Chloroflexia","Chloroflexales","Roseiflexaceae",NA,NA,"Zotu2853",0.000110884262894006
"Zotu287","Zotu287","Bacteria","Myxococcota","Myxococcia","Myxococcales","Anaeromyxobacteraceae","Anaeromyxobacter",NA,"Zotu287",0.000494133448123932
"Zotu288","Zotu288","Bacteria","Desulfobacterota","Desulfobaccia","Desulfobaccales","Desulfobaccaceae","Desulfobacca","uncultured_bacterium","Zotu288",0.000243394330801583
"Zotu29","Zotu29","Bacteria","Bacteroidota","Bacteroidia","Bacteroidales","Prolixibacteraceae","WCHB1-32",NA,"Zotu29",0.00653160146930923
"Zotu290","Zotu290","Bacteria","Myxococcota","Myxococcia","Myxococcales","Anaeromyxobacteraceae","Anaeromyxobacter",NA,"Zotu290",0.000837356743089307
"Zotu2922","Zotu2922","Bacteria","Proteobacteria","Gammaproteobacteria","Methylococcales","Methylococcaceae","Candidatus_Methylospira","uncultured_bacterium","Zotu2922",0.000125128584009861
"Zotu2924","Zotu2924","Bacteria","Acidobacteriota","Acidobacteriae","Bryobacterales","Bryobacteraceae","Bryobacter",NA,"Zotu2924",0.000163022926318225
"Zotu2929","Zotu2929","Bacteria","Proteobacteria","Gammaproteobacteria","R7C24","R7C24","R7C24","uncultured_bacterium","Zotu2929",0.000151173914217882
"Zotu293","Zotu293","Bacteria","Proteobacteria","Gammaproteobacteria","Burkholderiales","Burkholderiaceae","Burkholderia-Caballeronia-Paraburkholderia",NA,"Zotu293",0.000945447237404402
"Zotu294","Zotu294","Bacteria","Nitrospirota","4-29-1","4-29-1","4-29-1","4-29-1","uncultured_bacterium","Zotu294",0.00015169661355398
"Zotu297","Zotu297","Bacteria","Desulfobacterota","Desulfuromonadia","Geobacterales","Geobacteraceae","uncultured",NA,"Zotu297",0.000382773696534485
"Zotu2997","Zotu2997","Bacteria","Proteobacteria","Alphaproteobacteria","Rhodobacterales","Rhodobacteraceae",NA,NA,"Zotu2997",0.000159828747777552
"Zotu3","Zotu3","Bacteria","Proteobacteria","Gammaproteobacteria","Burkholderiales","Gallionellaceae","Sideroxydans",NA,"Zotu3",0.0337330461865717
"Zotu30","Zotu30","Bacteria","Myxococcota","Myxococcia","Myxococcales","Anaeromyxobacteraceae","Anaeromyxobacter","uncultured_Anaeromyxobacter","Zotu30",0.00754143842233579
"Zotu300","Zotu300","Bacteria","Proteobacteria","Alphaproteobacteria","Rhizobiales","Xanthobacteraceae","Pseudolabrys",NA,"Zotu300",0.000245961747133439
"Zotu301","Zotu301","Bacteria","Nitrospirota","4-29-1","4-29-1","4-29-1","4-29-1","uncultured_bacterium","Zotu301",0.000261868503083882
"Zotu302","Zotu302","Bacteria","Bdellovibrionota","Bdellovibrionia","Bdellovibrionales","Bdellovibrionaceae","OM27_clade","uncultured_Myxococcales","Zotu302",0.00123515572655197
"Zotu303","Zotu303","Bacteria","Nitrospirota","Thermodesulfovibrionia","uncultured","uncultured","uncultured","uncultured_bacterium","Zotu303",0.000113738311412776
"Zotu306","Zotu306","Bacteria","Verrucomicrobiota","Verrucomicrobiae","Pedosphaerales","Pedosphaeraceae","ADurb.Bin063-1",NA,"Zotu306",0.000235526920939699
"Zotu307","Zotu307","Bacteria","Firmicutes","Clostridia","Clostridiales","Clostridiaceae","Clostridium_sensu_stricto_12","uncultured_bacterium","Zotu307",0.0001675635169899
"Zotu3087","Zotu3087","Bacteria","Proteobacteria","Gammaproteobacteria","Burkholderiales","Comamonadaceae",NA,NA,"Zotu3087",0.000117985843424035
"Zotu310","Zotu310","Bacteria","Spirochaetota","Leptospirae","Leptospirales","Leptospiraceae","RBG-16-49-21","uncultured_bacterium","Zotu310",0.00079694239302248
"Zotu3128","Zotu3128","Bacteria","Proteobacteria","Alphaproteobacteria","Rhizobiales","Rhizobiales_Incertae_Sedis","uncultured",NA,"Zotu3128",0.000132655689356239
"Zotu32","Zotu32","Bacteria","MBNT15","MBNT15","MBNT15","MBNT15","MBNT15","uncultured_prokaryote","Zotu32",0.000607875953366189
"Zotu323","Zotu323","Bacteria","Proteobacteria","Alphaproteobacteria","Rhizobiales","Hyphomicrobiaceae","Hyphomicrobium",NA,"Zotu323",0.000329001119440248
"Zotu324","Zotu324","Bacteria","Myxococcota","Polyangia","Polyangiales","BIrii41","BIrii41",NA,"Zotu324",0.00163320832713929
"Zotu325","Zotu325","Bacteria","Myxococcota","Myxococcia","Myxococcales","Anaeromyxobacteraceae","Anaeromyxobacter",NA,"Zotu325",0.00263718076231655
"Zotu327","Zotu327","Bacteria","Bacteroidota","Bacteroidia","Bacteroidales","Paludibacteraceae","uncultured","uncultured_soil","Zotu327",0.000763487636591687
"Zotu329","Zotu329","Bacteria","Acidobacteriota","Holophagae","Subgroup_7","Subgroup_7","Subgroup_7","Acidobacteria_bacterium","Zotu329",0.000269382473215985
"Zotu33","Zotu33","Bacteria","Proteobacteria","Gammaproteobacteria","Burkholderiales","Comamonadaceae",NA,NA,"Zotu33",0.0113499349029937
"Zotu330","Zotu330","Bacteria","Actinobacteriota","Actinobacteria","Micrococcales","Microbacteriaceae","Agromyces",NA,"Zotu330",0.000183377630283754
"Zotu331","Zotu331","Bacteria","Zixibacteria","Zixibacteria","Zixibacteria","Zixibacteria","Zixibacteria","uncultured_prokaryote","Zotu331",0.000134498008197477
"Zotu332","Zotu332","Bacteria","Nitrospirota","Thermodesulfovibrionia","uncultured","uncultured","uncultured","uncultured_bacterium","Zotu332",0.000126655589243479
"Zotu3326","Zotu3326","Bacteria","Proteobacteria","Alphaproteobacteria","uncultured","uncultured","uncultured","uncultured_bacterium","Zotu3326",0.000134706837410899
"Zotu334","Zotu334","Bacteria","Desulfobacterota","Desulfuromonadia","Geobacterales","Geobacteraceae","uncultured",NA,"Zotu334",0.000419698126793791
"Zotu340","Zotu340","Bacteria","Actinobacteriota","Actinobacteria","Micrococcales","Microbacteriaceae","Microbacterium",NA,"Zotu340",0.00127492536657609
"Zotu343","Zotu343","Bacteria","Bacteroidota","Bacteroidia","Bacteroidales","Bacteroidetes_BD2-2","Bacteroidetes_BD2-2",NA,"Zotu343",0.000393821822924637
"Zotu3439","Zotu3439","Bacteria","Proteobacteria","Alphaproteobacteria","Sphingomonadales","Sphingomonadaceae","Sphingomonas",NA,"Zotu3439",0.000102849360578737
"Zotu344","Zotu344","Bacteria","Myxococcota","Myxococcia","Myxococcales","Myxococcaceae","P3OB-42","uncultured_soil","Zotu344",0.000753517989421235
"Zotu347","Zotu347","Bacteria","Proteobacteria","Alphaproteobacteria","Reyranellales","Reyranellaceae","Reyranella",NA,"Zotu347",0.000196457893353455
"Zotu350","Zotu350","Bacteria","Chloroflexi","Anaerolineae","Anaerolineae","Anaerolineae","Anaerolineae","uncultured_Bellilinea","Zotu350",0.000103865434824553
"Zotu359","Zotu359","Bacteria","Verrucomicrobiota","Verrucomicrobiae","Pedosphaerales","Pedosphaeraceae","ADurb.Bin063-1",NA,"Zotu359",0.000121763222322025
"Zotu36","Zotu36","Bacteria","Spirochaetota","Leptospirae","Leptospirales","Leptospiraceae","Leptonema","uncultured_bacterium","Zotu36",0.00559574723581398
"Zotu361","Zotu361","Bacteria","Gemmatimonadota","Gemmatimonadetes","Gemmatimonadales","Gemmatimonadaceae","uncultured",NA,"Zotu361",0.000114368998873841
"Zotu363","Zotu363","Bacteria","Desulfobacterota","Desulfovibrionia","Desulfovibrionales","Desulfovibrionaceae","Desulfovibrio",NA,"Zotu363",0.000581390787805652
"Zotu367","Zotu367","Bacteria","Bacteroidota","Bacteroidia","Bacteroidales","SB-5","SB-5","uncultured_soil","Zotu367",0.000551249587778256
"Zotu368","Zotu368","Bacteria","Proteobacteria","Gammaproteobacteria","Ectothiorhodospirales","Thioalkalispiraceae","Thioalkalispira-Sulfurivermis",NA,"Zotu368",0.000103297621519036
"Zotu37","Zotu37","Bacteria","Spirochaetota","Leptospirae","Leptospirales","Leptospiraceae","Leptonema","uncultured_bacterium","Zotu37",0.00707568318394192
"Zotu370","Zotu370","Bacteria","Myxococcota","Myxococcia","Myxococcales","Vulgatibacteraceae","Vulgatibacter",NA,"Zotu370",0.00135108061371485
"Zotu377","Zotu377","Bacteria","Proteobacteria","Gammaproteobacteria","Burkholderiales","Methylophilaceae","Methylobacillus","uncultured_bacterium","Zotu377",0.000175404153802095
"Zotu38","Zotu38","Bacteria","Nitrospirota","Thermodesulfovibrionia","uncultured","uncultured","uncultured","uncultured_Nitrospiraceae","Zotu38",0.0031173220208824
"Zotu384","Zotu384","Bacteria","Acidobacteriota","Holophagae","Subgroup_7","Subgroup_7","Subgroup_7","Acidobacteria_bacterium","Zotu384",0.000337885125644157
"Zotu387","Zotu387","Bacteria","Proteobacteria","Gammaproteobacteria","Burkholderiales","Comamonadaceae","Hydrogenophaga",NA,"Zotu387",0.0043008845551731
"Zotu388","Zotu388","Bacteria","Chloroflexi","Anaerolineae","SJA-15","SJA-15","SJA-15",NA,"Zotu388",0.000248412373689066
"Zotu390","Zotu390","Bacteria","Nitrospirota","Thermodesulfovibrionia","uncultured","uncultured","uncultured",NA,"Zotu390",0.000102054934399767
"Zotu393","Zotu393","Bacteria","Myxococcota","Polyangia","Polyangiales","Polyangiaceae",NA,NA,"Zotu393",0.000121200367844776
"Zotu3932","Zotu3932","Bacteria","Proteobacteria","Alphaproteobacteria","Rhizobiales","Rhizobiales_Incertae_Sedis","uncultured","uncultured_bacterium","Zotu3932",0.000182526653387168
"Zotu395","Zotu395","Bacteria","SAR324_clade(Marine_group_B)","SAR324_clade(Marine_group_B)","SAR324_clade(Marine_group_B)","SAR324_clade(Marine_group_B)","SAR324_clade(Marine_group_B)",NA,"Zotu395",0.000110425928975962
"Zotu397","Zotu397","Bacteria","Proteobacteria","Gammaproteobacteria","Burkholderiales","Sutterellaceae","uncultured","uncultured_bacterium","Zotu397",0.00034771935289123
"Zotu3979","Zotu3979","Bacteria","Proteobacteria","Alphaproteobacteria","Rhizobiales","Rhizobiales_Incertae_Sedis","uncultured","uncultured_bacterium","Zotu3979",0.000256518932976831
"Zotu4","Zotu4","Bacteria","Proteobacteria","Gammaproteobacteria","Burkholderiales","Hydrogenophilaceae","Thiobacillus",NA,"Zotu4",0.0033663023328154
"Zotu40","Zotu40","Bacteria","Proteobacteria","Gammaproteobacteria","Burkholderiales","Sutterellaceae","uncultured",NA,"Zotu40",0.000453344083995258
"Zotu4017","Zotu4017","Bacteria","Proteobacteria","Alphaproteobacteria","Rhodobacterales","Rhodobacteraceae","Rhodobacter",NA,"Zotu4017",0.000151049669217798
"Zotu403","Zotu403","Bacteria","Desulfobacterota","Desulfuromonadia","Geobacterales","Geobacteraceae","uncultured","uncultured_bacterium","Zotu403",0.000391869399506151
"Zotu406","Zotu406","Bacteria","Proteobacteria","Gammaproteobacteria",NA,NA,NA,NA,"Zotu406",0.000662380788523261
"Zotu413","Zotu413","Bacteria","Proteobacteria","Gammaproteobacteria","Burkholderiales","Comamonadaceae",NA,NA,"Zotu413",0.00033881603315518
"Zotu417","Zotu417","Bacteria","Proteobacteria","Gammaproteobacteria","Burkholderiales",NA,NA,NA,"Zotu417",0.000286528766050002
"Zotu42","Zotu42","Bacteria","Bacteroidota","Bacteroidia","Bacteroidales","Bacteroidetes_vadinHA17","Bacteroidetes_vadinHA17","uncultured_Cytophagales","Zotu42",0.000745138299267488
"Zotu427","Zotu427","Bacteria","Acidobacteriota",NA,NA,NA,NA,NA,"Zotu427",0.000101240720557157
"Zotu43","Zotu43","Bacteria","Proteobacteria","Gammaproteobacteria","Burkholderiales","Rhodocyclaceae","uncultured",NA,"Zotu43",0.00862136554696566
"Zotu430","Zotu430","Bacteria","Desulfobacterota","Desulfuromonadia","Geobacterales","Geobacteraceae","uncultured","uncultured_bacterium","Zotu430",0.000286645859830871
"Zotu431","Zotu431","Bacteria","Spirochaetota","Spirochaetia","Spirochaetales","Spirochaetaceae","Spirochaeta_2","metagenome","Zotu431",0.000561821893905116
"Zotu432","Zotu432","Bacteria","Actinobacteriota","Actinobacteria","Micrococcales","Intrasporangiaceae","Intrasporangium","uncultured_bacterium","Zotu432",0.000143386298825377
"Zotu436","Zotu436","Bacteria","Acidobacteriota","Thermoanaerobaculia","Thermoanaerobaculales","Thermoanaerobaculaceae","Subgroup_10","uncultured_prokaryote","Zotu436",0.000269129583463989
"Zotu439","Zotu439","Bacteria","Proteobacteria","Alphaproteobacteria","Reyranellales","Reyranellaceae","Reyranella",NA,"Zotu439",0.000112693529427289
"Zotu44","Zotu44","Bacteria","Myxococcota","Myxococcia","Myxococcales","Anaeromyxobacteraceae","Anaeromyxobacter",NA,"Zotu44",0.00579667934399821
"Zotu444","Zotu444","Bacteria","Myxococcota","Myxococcia","Myxococcales","Myxococcaceae",NA,NA,"Zotu444",0.00124449570611246
"Zotu446","Zotu446","Bacteria","Chloroflexi","Chloroflexia","Chloroflexales","Roseiflexaceae","Kouleothrix","uncultured_bacterium","Zotu446",0.000540396571425447
"Zotu447","Zotu447","Bacteria","Firmicutes","Clostridia","Peptostreptococcales-Tissierellales","Acidaminobacteraceae","Acidaminobacter","uncultured_prokaryote","Zotu447",0.000416326833970586
"Zotu452","Zotu452","Bacteria","Bacteroidota","Bacteroidia","Bacteroidales","SB-5","SB-5","uncultured_bacterium","Zotu452",0.000494441036373948
"Zotu456","Zotu456","Bacteria","Acidobacteriota","Thermoanaerobaculia","Thermoanaerobaculales","Thermoanaerobaculaceae","Subgroup_10","uncultured_soil","Zotu456",0.00014863265952578
"Zotu46","Zotu46","Bacteria","Proteobacteria","Gammaproteobacteria","Burkholderiales","Rhodocyclaceae","Sulfuritalea",NA,"Zotu46",0.00579310871937444
"Zotu4621","Zotu4621","Bacteria","Proteobacteria","Gammaproteobacteria","Burkholderiales","Rhodocyclaceae",NA,NA,"Zotu4621",0.000356072162515224
"Zotu465","Zotu465","Bacteria","Bacteroidota","Bacteroidia","Bacteroidales","Prolixibacteraceae","WCHB1-32","uncultured_bacterium","Zotu465",0.000492826554811574
"Zotu466","Zotu466","Bacteria","Firmicutes","Clostridia","Clostridia","Hungateiclostridiaceae","uncultured","uncultured_bacterium","Zotu466",0.000312875793064893
"Zotu467","Zotu467","Bacteria","Bacteroidota","Bacteroidia","Bacteroidales","Prolixibacteraceae","Roseimarinus","uncultured_bacterium","Zotu467",0.000554844825246429
"Zotu470","Zotu470","Bacteria","Acidobacteriota","Subgroup_21","Subgroup_21","Subgroup_21","Subgroup_21","uncultured_bacterium","Zotu470",0.000150404737074388
"Zotu473","Zotu473","Bacteria","Proteobacteria","Alphaproteobacteria","Rhizobiales","Rhizobiaceae",NA,NA,"Zotu473",0.000735003051896499
"Zotu474","Zotu474","Bacteria","Spirochaetota","Spirochaetia","Spirochaetales","Spirochaetaceae","uncultured","uncultured_bacterium","Zotu474",0.000508217306665395
"Zotu476","Zotu476","Bacteria","Proteobacteria","Gammaproteobacteria","Burkholderiales","Gallionellaceae",NA,NA,"Zotu476",0.00133771147332524
"Zotu478","Zotu478","Bacteria","Proteobacteria","Gammaproteobacteria","Burkholderiales","Methylophilaceae",NA,NA,"Zotu478",0.000160822990740559
"Zotu4790","Zotu4790","Bacteria","Proteobacteria","Alphaproteobacteria","Rhizobiales","Rhizobiaceae","Shinella","alpha_proteobacterium","Zotu4790",0.000514013359578334
"Zotu48","Zotu48","Bacteria","Actinobacteriota","Actinobacteria","Micrococcales","Intrasporangiaceae","Intrasporangium","uncultured_bacterium","Zotu48",0.00147175876783925
"Zotu480","Zotu480","Bacteria","Proteobacteria","Gammaproteobacteria","Burkholderiales","Rhodocyclaceae","Sulfuritalea","uncultured_bacterium","Zotu480",0.00301354493371537
"Zotu482","Zotu482","Bacteria","Desulfobacterota","Desulfobulbia","Desulfobulbales","Desulfobulbaceae","uncultured","uncultured_bacterium","Zotu482",0.000343334203895201
"Zotu4826","Zotu4826","Bacteria","Proteobacteria","Gammaproteobacteria","Burkholderiales","Rhodocyclaceae",NA,NA,"Zotu4826",0.000605632612776205
"Zotu485","Zotu485","Bacteria","Bacteroidota","Bacteroidia","Bacteroidales","Barnesiellaceae","uncultured","uncultured_bacterium","Zotu485",0.000346646916973334
"Zotu492","Zotu492","Bacteria","Proteobacteria","Gammaproteobacteria","Burkholderiales","Nitrosomonadaceae","Ellin6067",NA,"Zotu492",0.000114358187106213
"Zotu493","Zotu493","Bacteria","Actinobacteriota","Coriobacteriia","OPB41","OPB41","OPB41",NA,"Zotu493",0.000142902815515645
"Zotu499","Zotu499","Bacteria","Proteobacteria","Alphaproteobacteria","Rhodospirillales","uncultured","uncultured","alpha_proteobacterium","Zotu499",0.000358483568731969
"Zotu5","Zotu5","Bacteria","Firmicutes","Bacilli","Lactobacillales","Carnobacteriaceae","Trichococcus",NA,"Zotu5",0.000145512487365217
"Zotu502","Zotu502","Bacteria","Proteobacteria","Alphaproteobacteria","Rhizobiales","Xanthobacteraceae","Pseudolabrys","metagenome","Zotu502",0.00028651653229773
"Zotu5042","Zotu5042","Bacteria","Desulfobacterota","Desulfuromonadia","Geobacterales","Geobacteraceae","Citrifermentans",NA,"Zotu5042",0.000301066981539796
"Zotu505","Zotu505","Bacteria","Proteobacteria","Gammaproteobacteria","Burkholderiales","Comamonadaceae",NA,NA,"Zotu505",0.000261272562659814
"Zotu507","Zotu507","Bacteria","Myxococcota","Polyangia","Polyangiales","Polyangiaceae","Pajaroellobacter",NA,"Zotu507",0.000664681108019405
"Zotu51","Zotu51","Bacteria","Desulfobacterota","Desulfuromonadia","Geobacterales","Geobacteraceae","uncultured","uncultured_bacterium","Zotu51",0.00323506486266562
"Zotu511","Zotu511","Bacteria","Bacteroidota","Bacteroidia","Bacteroidales","SB-5","SB-5","uncultured_soil","Zotu511",0.000686895960220832
"Zotu512","Zotu512","Bacteria","Proteobacteria","Gammaproteobacteria","Burkholderiales","Rhodocyclaceae","Propionivibrio","uncultured_bacterium","Zotu512",0.0011703020924896
"Zotu517","Zotu517","Bacteria","Myxococcota","Myxococcia","Myxococcales","Myxococcaceae",NA,NA,"Zotu517",0.000288202926957999
"Zotu52","Zotu52","Bacteria","Proteobacteria","Alphaproteobacteria","Rhizobiales","Rhizobiaceae","Ciceribacter","uncultured_bacterium","Zotu52",0.00820782133646751
"Zotu521","Zotu521","Bacteria","Bacteroidota","Bacteroidia","Bacteroidales","Bacteroidetes_BD2-2","Bacteroidetes_BD2-2","uncultured_prokaryote","Zotu521",0.000503219588447637
"Zotu522","Zotu522","Bacteria","Bacteroidota","Bacteroidia","Bacteroidales","Bacteroidetes_BD2-2","Bacteroidetes_BD2-2",NA,"Zotu522",0.000634143083519842
"Zotu523","Zotu523","Bacteria","Bacteroidota","Bacteroidia","Bacteroidales","Prolixibacteraceae","Roseimarinus","uncultured_bacterium","Zotu523",0.000317767237921775
"Zotu527","Zotu527","Bacteria","Proteobacteria","Gammaproteobacteria","Pseudomonadales","Pseudomonadaceae","Pseudomonas",NA,"Zotu527",0.00122489126450032
"Zotu53","Zotu53","Bacteria","Bacteroidota","Bacteroidia","Bacteroidales","Bacteroidetes_vadinHA17","Bacteroidetes_vadinHA17",NA,"Zotu53",0.000363722337108339
"Zotu533","Zotu533","Bacteria","Myxococcota","Myxococcia","Myxococcales","Anaeromyxobacteraceae","Anaeromyxobacter",NA,"Zotu533",0.000345427778872605
"Zotu534","Zotu534","Bacteria","Spirochaetota","Leptospirae","Leptospirales","Leptospiraceae","Leptonema",NA,"Zotu534",0.000242819777914213
"Zotu54","Zotu54","Bacteria","Bacteroidota","Bacteroidia","Bacteroidales","Bacteroidetes_vadinHA17","Bacteroidetes_vadinHA17",NA,"Zotu54",0.000351790220850794
"Zotu542","Zotu542","Bacteria","Proteobacteria","Gammaproteobacteria","Burkholderiales","Rhodocyclaceae","Sulfuritalea",NA,"Zotu542",0.000605051607335282
"Zotu5452","Zotu5452","Bacteria","Proteobacteria","Alphaproteobacteria","Rhodobacterales","Rhodobacteraceae","Tabrizicola",NA,"Zotu5452",0.000160413931549212
"Zotu546","Zotu546","Bacteria","Firmicutes","Clostridia","Lachnospirales","Lachnospiraceae","Herbinix","uncultured_bacterium","Zotu546",0.000496324560327443
"Zotu547","Zotu547","Bacteria","Proteobacteria","Alphaproteobacteria","Reyranellales","Reyranellaceae","Reyranella",NA,"Zotu547",0.000156388340148821
"Zotu551","Zotu551","Bacteria","Myxococcota","Polyangia","Polyangiales","Polyangiaceae","uncultured","uncultured_bacterium","Zotu551",0.000261342688154461
"Zotu558","Zotu558","Bacteria","Proteobacteria","Gammaproteobacteria","Methylococcales","Methylomonadaceae","Methylomonas","uncultured_bacterium","Zotu558",0.000128257166961897
"Zotu56","Zotu56","Bacteria","Proteobacteria","Gammaproteobacteria","Burkholderiales","Rhodocyclaceae",NA,NA,"Zotu56",0.00459806881506717
"Zotu565","Zotu565","Bacteria","Chloroflexi","Chloroflexia","Chloroflexales","Roseiflexaceae","Kouleothrix","uncultured_bacterium","Zotu565",0.000396668461336101
"Zotu567","Zotu567","Bacteria","Chloroflexi","Chloroflexia","Chloroflexales","Roseiflexaceae","uncultured","uncultured_bacterium","Zotu567",0.000112567449594297
"Zotu5695","Zotu5695","Bacteria","Proteobacteria","Gammaproteobacteria","Burkholderiales","Burkholderiaceae","Lautropia","uncultured_beta","Zotu5695",0.000152010709618941
"Zotu572","Zotu572","Bacteria","Myxococcota","Myxococcia","Myxococcales","Myxococcaceae","P3OB-42","uncultured_bacterium","Zotu572",0.000407776076055117
"Zotu573","Zotu573","Bacteria","Bacteroidota","Bacteroidia","Bacteroidales","Bacteroidetes_vadinHA17","Bacteroidetes_vadinHA17",NA,"Zotu573",0.000651332385740811
"Zotu5776","Zotu5776","Bacteria","Proteobacteria","Gammaproteobacteria","Burkholderiales","Comamonadaceae",NA,NA,"Zotu5776",0.000266129159802809
"Zotu58","Zotu58","Bacteria","Desulfobacterota","Desulfuromonadia","Geobacterales","Geobacteraceae","Geobacter",NA,"Zotu58",0.00141778124556546
"Zotu581","Zotu581","Bacteria","Proteobacteria","Gammaproteobacteria","Methylococcales","Methylococcaceae","Methyloterricola","Methyloterricola_oryzae","Zotu581",0.000232901497709463
"Zotu582","Zotu582","Bacteria","Proteobacteria","Alphaproteobacteria","Rhizobiales","Xanthobacteraceae","Bradyrhizobium",NA,"Zotu582",0.000195334578094675
"Zotu591","Zotu591","Bacteria","Proteobacteria","Gammaproteobacteria","Burkholderiales","Comamonadaceae","Rhizobacter",NA,"Zotu591",0.00094169430899518
"Zotu593","Zotu593","Bacteria","Proteobacteria","Alphaproteobacteria","Rhizobiales","Xanthobacteraceae","Afipia",NA,"Zotu593",0.000299502975794225
"Zotu5941","Zotu5941","Bacteria","Desulfobacterota","Desulfuromonadia","Geobacterales","Geobacteraceae","uncultured",NA,"Zotu5941",0.000306708212807755
"Zotu5944","Zotu5944","Bacteria","Proteobacteria","Gammaproteobacteria","Burkholderiales","Rhodocyclaceae","Sulfuritalea","uncultured_bacterium","Zotu5944",0.000220649499756025
"Zotu6","Zotu6","Bacteria","Proteobacteria","Gammaproteobacteria","Burkholderiales","Comamonadaceae",NA,NA,"Zotu6",0.0258339784243808
"Zotu602","Zotu602","Bacteria","Spirochaetota","Spirochaetia","Spirochaetales","Spirochaetaceae","M2PT2-76_termite_group","uncultured_bacterium","Zotu602",0.000393462554926569
"Zotu606","Zotu606","Bacteria","Proteobacteria","Alphaproteobacteria","Rhizobiales","Rhizobiaceae","Allorhizobium-Neorhizobium-Pararhizobium-Rhizobium","Agrobacterium_larrymoorei","Zotu606",0.000454757385383983
"Zotu609","Zotu609","Bacteria","Proteobacteria","Alphaproteobacteria","Rhizobiales","Xanthobacteraceae","Bradyrhizobium",NA,"Zotu609",0.000179279708863256
"Zotu61","Zotu61","Bacteria","Firmicutes","Clostridia","Peptostreptococcales-Tissierellales","Anaerovoracaceae","Anaerovorax","uncultured_Anaerovorax","Zotu61",0.00154805888974019
"Zotu611","Zotu611","Bacteria","Proteobacteria","Gammaproteobacteria","Burkholderiales","Methylophilaceae","MM1","uncultured_bacterium","Zotu611",0.000118036977320865
"Zotu613","Zotu613","Bacteria","Chloroflexi",NA,NA,NA,NA,NA,"Zotu613",0.000102184233974284
"Zotu614","Zotu614","Bacteria","Bacteroidota","Bacteroidia","Bacteroidales","Bacteroidetes_BD2-2","Bacteroidetes_BD2-2","uncultured_prokaryote","Zotu614",0.000228374013858991
"Zotu615","Zotu615","Bacteria","Proteobacteria","Gammaproteobacteria","Burkholderiales","Comamonadaceae",NA,NA,"Zotu615",0.00062929860664491
"Zotu618","Zotu618","Bacteria","Chloroflexi","Chloroflexia","Chloroflexales","Chloroflexaceae","Candidatus_Chloroploca","uncultured_bacterium","Zotu618",0.00026320237460197
"Zotu620","Zotu620","Bacteria","Myxococcota","Myxococcia","Myxococcales","Myxococcaceae","P3OB-42","metagenome","Zotu620",0.000273615875650346
"Zotu6206","Zotu6206","Bacteria","Proteobacteria","Gammaproteobacteria","Burkholderiales","Hydrogenophilaceae","uncultured","uncultured_bacterium","Zotu6206",0.000527054339204874
"Zotu622","Zotu622","Bacteria","Bacteroidota","Bacteroidia","Bacteroidales","Marinilabiliaceae","[Cytophaga]_xylanolytica_group","uncultured_bacterium","Zotu622",0.000493654442705353
"Zotu6248","Zotu6248","Bacteria","Proteobacteria","Gammaproteobacteria","Burkholderiales","Rhodocyclaceae","Georgfuchsia","uncultured_bacterium","Zotu6248",0.00012563955126612
"Zotu625","Zotu625","Bacteria","Proteobacteria","Alphaproteobacteria","Rhizobiales","Xanthobacteraceae","Pseudolabrys",NA,"Zotu625",0.000200855649523174
"Zotu630","Zotu630","Bacteria","Bdellovibrionota","Oligoflexia","0319-6G20","0319-6G20","0319-6G20","marine_metagenome","Zotu630",0.000876570129975872
"Zotu6310","Zotu6310","Bacteria","Desulfobacterota","Desulfuromonadia","Geobacterales","Geobacteraceae",NA,NA,"Zotu6310",0.00013972773466132
"Zotu638","Zotu638","Bacteria","Myxococcota","Polyangia","Haliangiales","Haliangiaceae","Haliangium","uncultured_bacterium","Zotu638",0.000602703761645176
"Zotu639","Zotu639","Bacteria","Proteobacteria","Gammaproteobacteria","Burkholderiales","Rhodocyclaceae",NA,NA,"Zotu639",0.00121647948832261
"Zotu642","Zotu642","Bacteria","Proteobacteria","Alphaproteobacteria","Rhizobiales","Ancalomicrobiaceae","Ancalomicrobium","Ancalomicrobium_adetum","Zotu642",0.000175059240073394
"Zotu650","Zotu650","Bacteria","Planctomycetota","vadinHA49","vadinHA49","vadinHA49","vadinHA49",NA,"Zotu650",0.000250207323000959
"Zotu651","Zotu651","Bacteria","Bacteroidota","Bacteroidia","Bacteroidales","Paludibacteraceae","uncultured",NA,"Zotu651",0.000514100709079381
"Zotu652","Zotu652","Bacteria","Proteobacteria","Gammaproteobacteria","Burkholderiales","Rhodocyclaceae",NA,NA,"Zotu652",0.000448213116364779
"Zotu656","Zotu656","Bacteria","Proteobacteria","Gammaproteobacteria","Burkholderiales","Comamonadaceae",NA,NA,"Zotu656",0.00019201208584454
"Zotu657","Zotu657","Bacteria","Desulfobacterota","Syntrophobacteria","Syntrophobacterales","Syntrophobacteraceae","Syntrophobacter",NA,"Zotu657",0.00025145295934043
"Zotu66","Zotu66","Bacteria","MBNT15","MBNT15","MBNT15","MBNT15","MBNT15",NA,"Zotu66",0.000384132425518422
"Zotu660","Zotu660","Bacteria","Acidobacteriota","Holophagae","Subgroup_7","Subgroup_7","Subgroup_7","Acidobacteria_bacterium","Zotu660",0.000191270403079225
"Zotu6609","Zotu6609","Bacteria","Actinobacteriota","Acidimicrobiia","Microtrichales","Ilumatobacteraceae","Ilumatobacter",NA,"Zotu6609",0.000134165032206729
"Zotu663","Zotu663","Bacteria","Actinobacteriota","MB-A2-108","MB-A2-108","MB-A2-108","MB-A2-108",NA,"Zotu663",0.000108627156031188
"Zotu664","Zotu664","Bacteria","Spirochaetota","Spirochaetia","Spirochaetales","Spirochaetaceae","Salinispira","metagenome","Zotu664",0.000365872184517259
"Zotu67","Zotu67","Bacteria","MBNT15","MBNT15","MBNT15","MBNT15","MBNT15","uncultured_delta","Zotu67",0.000360838716385287
"Zotu670","Zotu670","Bacteria","Myxococcota","Myxococcia","Myxococcales","Anaeromyxobacteraceae","Anaeromyxobacter",NA,"Zotu670",0.000411475867473845
"Zotu68","Zotu68","Bacteria","Bacteroidota","Bacteroidia","Bacteroidales",NA,NA,NA,"Zotu68",0.00379373243660922
"Zotu682","Zotu682","Bacteria","Desulfobacterota","Desulfuromonadia","Geobacterales","Geobacteraceae",NA,NA,"Zotu682",0.000124274804282814
"Zotu683","Zotu683","Bacteria","Campilobacterota","Campylobacteria","Campylobacterales","uncultured","uncultured",NA,"Zotu683",0.000251691513498408
"Zotu6852","Zotu6852","Bacteria","Myxococcota","Myxococcia","Myxococcales",NA,NA,NA,"Zotu6852",0.00030052956526802
"Zotu69","Zotu69","Bacteria","Proteobacteria","Gammaproteobacteria","Burkholderiales","Methylophilaceae","MM2","uncultured_bacterium","Zotu69",0.000766670583324402
"Zotu6937","Zotu6937","Bacteria","Proteobacteria","Gammaproteobacteria","Burkholderiales","Comamonadaceae","Hydrogenophaga",NA,"Zotu6937",0.00025412399756931
"Zotu695","Zotu695","Bacteria","Proteobacteria","Gammaproteobacteria","Methylococcales","Methylomonadaceae","Methylomonas","uncultured_bacterium","Zotu695",0.000110317703866849
"Zotu7","Zotu7","Bacteria","Myxococcota","Myxococcia","Myxococcales","Myxococcaceae","uncultured","uncultured_bacterium","Zotu7",0.0482250851813872
"Zotu70","Zotu70","Bacteria","Nitrospirota","4-29-1","4-29-1","4-29-1","4-29-1","uncultured_bacterium","Zotu70",0.00432791440039306
"Zotu700","Zotu700","Bacteria","Proteobacteria","Gammaproteobacteria","Burkholderiales","Rhodocyclaceae",NA,NA,"Zotu700",0.000536058865373611
"Zotu702","Zotu702","Bacteria","Desulfobacterota","Desulfobulbia","Desulfobulbales","Desulfobulbaceae","uncultured","uncultured_bacterium","Zotu702",0.000157134211006364
"Zotu705","Zotu705","Bacteria","Myxococcota","Myxococcia","Myxococcales","Myxococcaceae","P3OB-42","uncultured_Stigmatella","Zotu705",0.000303514234813331
"Zotu711","Zotu711","Bacteria","Firmicutes","Clostridia","Peptostreptococcales-Tissierellales","Acidaminobacteraceae","Acidaminobacter","uncultured_prokaryote","Zotu711",0.000305135390196322
"Zotu714","Zotu714","Bacteria","Proteobacteria","Gammaproteobacteria","Burkholderiales","Rhodocyclaceae","Sulfuritalea",NA,"Zotu714",0.000460973107330561
"Zotu716","Zotu716","Bacteria","Proteobacteria","Gammaproteobacteria","Burkholderiales","Comamonadaceae",NA,NA,"Zotu716",0.0007073830324748
"Zotu717","Zotu717","Bacteria","Proteobacteria","Gammaproteobacteria","Burkholderiales","Comamonadaceae","Ramlibacter","Ramlibacter_sp.","Zotu717",0.000102691261448542
"Zotu724","Zotu724","Bacteria","Bacteroidota","Bacteroidia","Bacteroidales","SB-5","SB-5","uncultured_soil","Zotu724",0.000483743573332721
"Zotu73","Zotu73","Bacteria","Myxococcota","Myxococcia","Myxococcales","Myxococcaceae","P3OB-42","uncultured_soil","Zotu73",0.00153318529004844
"Zotu732","Zotu732","Bacteria","Proteobacteria","Gammaproteobacteria","Burkholderiales","Comamonadaceae","Acidovorax",NA,"Zotu732",0.000326544730874986
"Zotu736","Zotu736","Bacteria","Desulfobacterota","Desulfobulbia","Desulfobulbales","Desulfobulbaceae","uncultured","uncultured_bacterium","Zotu736",0.000207044734237064
"Zotu737","Zotu737","Bacteria","Actinobacteriota","Acidimicrobiia","uncultured","uncultured","uncultured",NA,"Zotu737",0.000113283366410112
"Zotu739","Zotu739","Bacteria","Proteobacteria","Alphaproteobacteria","Rhizobiales","Beijerinckiaceae","Methylocystis","uncultured_bacterium","Zotu739",0.000224560817052857
"Zotu7399","Zotu7399","Bacteria","Proteobacteria","Gammaproteobacteria","Burkholderiales","Comamonadaceae","Leptothrix",NA,"Zotu7399",0.000520946138427326
"Zotu743","Zotu743","Bacteria","Bacteroidota","Bacteroidia","Bacteroidales","Barnesiellaceae","uncultured","uncultured_bacterium","Zotu743",0.000218410136936322
"Zotu76","Zotu76","Bacteria","Proteobacteria","Gammaproteobacteria","Burkholderiales","Gallionellaceae","Sideroxydans",NA,"Zotu76",0.00799241516276631
"Zotu765","Zotu765","Bacteria","Proteobacteria","Alphaproteobacteria","Rhizobiales","Rhizobiaceae","Allorhizobium-Neorhizobium-Pararhizobium-Rhizobium",NA,"Zotu765",0.000715692908430263
"Zotu77","Zotu77","Bacteria","Desulfobacterota","Desulfuromonadia","Geobacterales","Geobacteraceae",NA,NA,"Zotu77",0.00140780881538976
"Zotu773","Zotu773","Bacteria","Bacteroidota","Bacteroidia","Bacteroidales","Williamwhitmaniaceae","Blvii28_wastewater-sludge_group","uncultured_bacterium","Zotu773",0.000293452501085503
"Zotu782","Zotu782","Bacteria","Desulfobacterota","Desulfobacteria","Desulfobacterales","Desulfosarcinaceae","Sva0081_sediment_group","uncultured_bacterium","Zotu782",0.000383683114824047
"Zotu79","Zotu79","Bacteria","Myxococcota","Myxococcia","Myxococcales","Myxococcaceae","P3OB-42","uncultured_bacterium","Zotu79",0.00329703864140672
"Zotu798","Zotu798","Bacteria","Myxococcota","Polyangia","Polyangiales","BIrii41","BIrii41","uncultured_soil","Zotu798",0.000338736843554264
"Zotu8","Zotu8","Bacteria","Proteobacteria","Gammaproteobacteria","Burkholderiales","Burkholderiaceae","Burkholderia-Caballeronia-Paraburkholderia","Paraburkholderia_kururiensis","Zotu8",0.0132617535855645
"Zotu80","Zotu80","Bacteria","Nitrospirota","Thermodesulfovibrionia","uncultured","uncultured","uncultured","uncultured_bacterium","Zotu80",0.00146028793210602
"Zotu800","Zotu800","Bacteria","Proteobacteria","Alphaproteobacteria","Rhizobiales","Methyloligellaceae","uncultured",NA,"Zotu800",0.000164981367154528
"Zotu801","Zotu801","Bacteria","Bdellovibrionota","Bdellovibrionia","Bacteriovoracales","Bacteriovoracaceae","Bacteriovorax","uncultured_bacterium","Zotu801",0.000147638867977078
"Zotu807","Zotu807","Bacteria","Actinobacteriota","Actinobacteria","Propionibacteriales","Nocardioidaceae","Nocardioides",NA,"Zotu807",0.000143216369424376
"Zotu808","Zotu808","Bacteria","Proteobacteria","Alphaproteobacteria","Rhizobiales","Methyloligellaceae","uncultured",NA,"Zotu808",0.000131551400786167
"Zotu81","Zotu81","Bacteria","Proteobacteria","Gammaproteobacteria","Burkholderiales","SC-I-84","SC-I-84",NA,"Zotu81",0.000240404902994419
"Zotu818","Zotu818","Bacteria","Bacteroidota","Bacteroidia","Bacteroidales","Paludibacteraceae","uncultured",NA,"Zotu818",0.000267251994117769
"Zotu82","Zotu82","Bacteria","Nitrospirota","4-29-1","4-29-1","4-29-1","4-29-1",NA,"Zotu82",0.000548618631869294
"Zotu824","Zotu824","Bacteria","Spirochaetota","Spirochaetia","Spirochaetales","Spirochaetaceae","uncultured","uncultured_bacterium","Zotu824",0.000373866505191902
"Zotu8300","Zotu8300","Bacteria","Proteobacteria","Gammaproteobacteria","Burkholderiales","Rhodocyclaceae",NA,NA,"Zotu8300",0.000178678849359856
"Zotu8308","Zotu8308","Bacteria","Proteobacteria","Gammaproteobacteria","Cellvibrionales","Cellvibrionaceae","Cellvibrio",NA,"Zotu8308",0.000178406457172515
"Zotu838","Zotu838","Bacteria","Proteobacteria","Alphaproteobacteria","Rhizobiales","Beijerinckiaceae","alphaI_cluster","uncultured_bacterium","Zotu838",0.000119206770846266
"Zotu84","Zotu84","Bacteria","Latescibacterota","Latescibacterota","Latescibacterota","Latescibacterota","Latescibacterota","uncultured_bacterium","Zotu84",0.000259567587131615
"Zotu848","Zotu848","Bacteria","Proteobacteria","Gammaproteobacteria","Burkholderiales","Oxalobacteraceae","Herbaspirillum",NA,"Zotu848",0.000826663187879192
"Zotu8576","Zotu8576","Bacteria","Proteobacteria","Gammaproteobacteria","Burkholderiales","Rhodocyclaceae","Sulfuritalea",NA,"Zotu8576",0.000132264209782381
"Zotu858","Zotu858","Bacteria","Proteobacteria","Gammaproteobacteria","Burkholderiales","Comamonadaceae",NA,NA,"Zotu858",0.000334057909973385
"Zotu86","Zotu86","Bacteria","Acidobacteriota","Acidobacteriae","Bryobacterales","Bryobacteraceae","Bryobacter","uncultured_bacterium","Zotu86",0.000139221745813513
"Zotu860","Zotu860","Bacteria","Bacteroidota","Bacteroidia","Bacteroidales","Barnesiellaceae","uncultured","uncultured_bacterium","Zotu860",0.00021041486355196
"Zotu863","Zotu863","Bacteria","Acidobacteriota","Holophagae","Holophagales","Holophagaceae","Geothrix",NA,"Zotu863",0.000111043642795763
"Zotu869","Zotu869","Bacteria","Spirochaetota","Leptospirae","Leptospirales","Leptospiraceae","Leptonema","marine_metagenome","Zotu869",0.000185967178280306
"Zotu87","Zotu87","Bacteria","Bacteroidota","Bacteroidia","Sphingobacteriales","Lentimicrobiaceae","Lentimicrobiaceae",NA,"Zotu87",0.000485944745654644
"Zotu873","Zotu873","Bacteria","Bacteroidota","Bacteroidia","Bacteroidales","SB-5","SB-5","uncultured_soil","Zotu873",0.000393676850032202
"Zotu876","Zotu876","Bacteria",NA,NA,NA,NA,NA,NA,"Zotu876",0.00106107972082871
"Zotu8781","Zotu8781","Bacteria","Proteobacteria","Alphaproteobacteria","Rhodobacterales","Rhodobacteraceae","Tabrizicola",NA,"Zotu8781",0.000407162829005693
"Zotu88","Zotu88","Bacteria","Bacteroidota","Kryptonia","Kryptoniales","BSV26","BSV26","uncultured_bacterium","Zotu88",0.000266446593464722
"Zotu884","Zotu884","Bacteria","Proteobacteria","Alphaproteobacteria","Rhizobiales","Xanthobacteraceae","uncultured",NA,"Zotu884",0.000152028809854165
"Zotu89","Zotu89","Bacteria","Chloroflexi","Dehalococcoidia","S085","S085","S085","uncultured_bacterium","Zotu89",0.000111890739814856
"Zotu892","Zotu892","Bacteria","Spirochaetota","Spirochaetia","Spirochaetales","Spirochaetaceae","uncultured","uncultured_bacterium","Zotu892",0.000227840277596891
"Zotu899","Zotu899","Bacteria","Bacteroidota","Bacteroidia","Bacteroidales","SB-5","SB-5","uncultured_bacterium","Zotu899",0.000158306270932725
"Zotu9","Zotu9","Bacteria","Proteobacteria","Alphaproteobacteria","Rhizobiales","Xanthobacteraceae","Afipia",NA,"Zotu9",0.0142855942665647
"Zotu902","Zotu902","Bacteria","Desulfobacterota","Desulfuromonadia","Geobacterales","Geobacteraceae","uncultured",NA,"Zotu902",0.000278166910446239
"Zotu903","Zotu903","Bacteria","Bacteroidota","Bacteroidia","Bacteroidales","SB-5","SB-5","uncultured_bacterium","Zotu903",0.000153653775225649
"Zotu9076","Zotu9076","Bacteria","Proteobacteria","Gammaproteobacteria","Burkholderiales","Rhodocyclaceae",NA,NA,"Zotu9076",0.000202612433955729
"Zotu91","Zotu91","Bacteria","Proteobacteria","Gammaproteobacteria","Burkholderiales","Rhodocyclaceae",NA,NA,"Zotu91",0.00268950804910903
"Zotu92","Zotu92","Bacteria","Spirochaetota","Leptospirae","Leptospirales","Leptospiraceae","Turneriella","uncultured_bacterium","Zotu92",0.00132359598281267
"Zotu9203","Zotu9203","Bacteria","Spirochaetota","Spirochaetia","Spirochaetales","Spirochaetaceae",NA,NA,"Zotu9203",0.000313140421227339
"Zotu923","Zotu923","Bacteria","Bacteroidota","Bacteroidia","Bacteroidales","Marinilabiliaceae","[Cytophaga]_xylanolytica_group","uncultured_bacterium","Zotu923",0.000108219961927122
"Zotu9243","Zotu9243","Bacteria","Proteobacteria","Gammaproteobacteria","Burkholderiales","Rhodocyclaceae","Sulfuritalea","uncultured_bacterium","Zotu9243",0.000422118484961823
"Zotu93","Zotu93","Bacteria","Nitrospirota","4-29-1","4-29-1","4-29-1","4-29-1",NA,"Zotu93",0.000548203476228451
"Zotu938","Zotu938","Bacteria","Proteobacteria","Gammaproteobacteria","Burkholderiales","Nitrosomonadaceae","oc32","uncultured_bacterium","Zotu938",0.000500159788613198
"Zotu94","Zotu94","Bacteria","Myxococcota","Polyangia","Polyangiales","BIrii41","BIrii41",NA,"Zotu94",0.00284574703187954
"Zotu9486","Zotu9486","Bacteria","Proteobacteria","Gammaproteobacteria","Burkholderiales","Comamonadaceae",NA,NA,"Zotu9486",0.000161075512151438
"Zotu954","Zotu954","Bacteria","Proteobacteria","Gammaproteobacteria","Burkholderiales","Comamonadaceae","Pelomonas",NA,"Zotu954",0.000230901478969099
"Zotu955","Zotu955","Bacteria","Proteobacteria","Gammaproteobacteria","Burkholderiales","Rhodocyclaceae",NA,NA,"Zotu955",0.000103642618904908
"Zotu963","Zotu963","Bacteria","Proteobacteria","Gammaproteobacteria","Burkholderiales","Sulfuricellaceae","Ferritrophicum","uncultured_bacterium","Zotu963",0.000145885225592824
"Zotu966","Zotu966","Bacteria","Desulfobacterota","Desulfuromonadia","Geobacterales","Geobacteraceae","uncultured",NA,"Zotu966",0.000108235561145138
"Zotu968","Zotu968","Bacteria","Bacteroidota","Bacteroidia","Bacteroidales","SB-5","SB-5","uncultured_bacterium","Zotu968",0.000279613357634394
"Zotu976","Zotu976","Bacteria","Proteobacteria","Gammaproteobacteria","Burkholderiales","Chromobacteriaceae","Vogesella","uncultured_bacterium","Zotu976",0.000506102143881923
"Zotu980","Zotu980","Bacteria","Actinobacteriota","Thermoleophilia","Gaiellales","Gaiellaceae","Gaiella",NA,"Zotu980",0.000146597284706697
"Zotu985","Zotu985","Bacteria","Proteobacteria","Alphaproteobacteria","Rhizobiales","Rhizobiaceae","Ciceribacter","uncultured_bacterium","Zotu985",0.000525005197613824
"Zotu9875","Zotu9875","Bacteria","Proteobacteria","Gammaproteobacteria","Burkholderiales",NA,NA,NA,"Zotu9875",0.0018258156449361
"Zotu99","Zotu99","Bacteria","Spirochaetota","Spirochaetia","Spirochaetales","Spirochaetaceae","Treponema","uncultured_bacterium","Zotu99",0.00265874055438443
"Zotu990","Zotu990","Bacteria","Proteobacteria","Gammaproteobacteria","Methylococcales","Methylomonadaceae",NA,NA,"Zotu990",0.000111909153512952
"Zotu995","Zotu995","Bacteria","Proteobacteria","Alphaproteobacteria","Rhizobiales","Xanthobacteraceae","Bradyrhizobium",NA,"Zotu995",0.000453641460809413
"Zotu996","Zotu996","Bacteria","Myxococcota","Polyangia","Polyangiales","BIrii41","BIrii41",NA,"Zotu996",0.000195971052768868
"Zotu998","Zotu998","Bacteria","Acidobacteriota","Holophagae","Holophagales","Holophagaceae","uncultured",NA,"Zotu998",0.000153199750046902
